timestamp,requests,memory,threads,cpu,anomaly
2026-03-22 21:58:49.851,1.0,18279362.0,23.0,0.0024700816234077,0
2026-03-22 21:58:51.718,1.0,18279362.0,23.0,0.0024700816234077,0
2026-03-22 21:59:04.851,2.0,18301779.0,23.0,0.0207341992922403,0
2026-03-22 21:59:06.718,2.0,18301779.0,23.0,0.0207341992922403,0
2026-03-22 21:59:19.851,3.0,18325549.0,23.0,0.0096069296200795,0
2026-03-22 21:59:21.718,3.0,18325549.0,23.0,0.0096069296200795,0
2026-03-22 21:59:34.851,4.0,18609491.0,23.0,0.0033353007939725,0
2026-03-22 21:59:36.718,4.0,18609491.0,23.0,0.0033353007939725,0
2026-03-22 21:59:49.851,5.0,18618403.0,23.0,0.0018904476107284,0
2026-03-22 21:59:51.718,5.0,18618403.0,23.0,0.0018904476107284,0
2026-03-22 22:00:04.851,6.0,18624905.0,23.0,0.0039451215008166,0
2026-03-22 22:00:06.718,6.0,18624905.0,23.0,0.0039451215008166,0
2026-03-22 22:00:19.851,7.0,18904213.0,23.0,0.002140170611153,0
2026-03-22 22:00:21.718,7.0,18904213.0,23.0,0.002140170611153,0
2026-03-22 22:00:34.851,8.0,18916549.0,23.0,0.0024456683970898,0
2026-03-22 22:00:36.718,8.0,18916549.0,23.0,0.0024456683970898,0
2026-03-22 22:00:49.851,9.0,18923629.0,23.0,0.0017512245727044,0
2026-03-22 22:00:51.718,9.0,18923629.0,23.0,0.0017512245727044,0
2026-03-22 22:01:04.851,10.0,19200044.0,23.0,0.0029195415022322,0
2026-03-22 22:01:06.718,10.0,19200044.0,23.0,0.0029195415022322,0
2026-03-22 22:01:19.851,11.0,19209502.0,23.0,0.0022513001308696,0
2026-03-22 22:01:21.718,11.0,19209502.0,23.0,0.0022513001308696,0
2026-03-22 22:01:34.851,12.0,19224882.0,23.0,0.0020290393607639,0
2026-03-22 22:01:36.718,12.0,19224882.0,23.0,0.0020290393607639,0
2026-03-22 22:01:49.851,13.0,19228716.0,23.0,0.0021942978766277,0
2026-03-22 22:01:51.718,13.0,19228716.0,23.0,0.0021942978766277,0
2026-03-22 22:02:04.851,14.0,19493965.0,23.0,0.0032809137529727,0
2026-03-22 22:02:06.718,14.0,19493965.0,23.0,0.0032809137529727,0
2026-03-22 22:02:19.851,15.0,19506366.0,23.0,0.0018896877185822,0
2026-03-22 22:02:21.718,15.0,19506366.0,23.0,0.0018896877185822,0
2026-03-22 22:02:34.851,16.0,19525254.0,23.0,0.0024182058178241,0
2026-03-22 22:02:36.718,16.0,19525254.0,23.0,0.0024182058178241,0
2026-03-22 22:02:49.851,17.0,19789955.0,23.0,0.0020566497926386,0
2026-03-22 22:02:51.718,17.0,19789955.0,23.0,0.0020566497926386,0
2026-03-22 22:03:04.851,18.0,19800740.0,23.0,0.0022519677873676,0
2026-03-22 22:03:06.718,18.0,19800740.0,23.0,0.0022519677873676,0
2026-03-22 22:03:19.851,19.0,19802248.0,23.0,0.002500964741764,0
2026-03-22 22:03:21.718,19.0,19802248.0,23.0,0.002500964741764,0
2026-03-22 22:03:34.851,20.0,19808087.0,23.0,0.0024439492149643,0
2026-03-22 22:03:36.718,20.0,19808087.0,23.0,0.0024439492149643,0
2026-03-22 22:03:49.851,21.0,20072933.0,23.0,0.0018897799525479,0
2026-03-22 22:03:51.718,21.0,20072933.0,23.0,0.0018897799525479,0
2026-03-22 22:04:04.851,22.0,20076654.0,23.0,0.0033574769013216,0
2026-03-22 22:04:06.718,22.0,20076654.0,23.0,0.0033574769013216,0
2026-03-22 22:04:19.851,23.0,20086882.0,23.0,0.0020283009611898,0
2026-03-22 22:04:21.718,23.0,20086882.0,23.0,0.0020283009611898,0
2026-03-22 22:04:34.851,24.0,20092412.0,23.0,0.0024998912342287,0
2026-03-22 22:04:36.718,24.0,20092412.0,23.0,0.0024998912342287,0
2026-03-22 22:04:49.851,25.0,20359569.0,23.0,0.0016953916712971,0
2026-03-22 22:04:51.718,25.0,20359569.0,23.0,0.0016953916712971,0
2026-03-22 22:05:04.851,26.0,20373786.0,23.0,0.0032222629620018,0
2026-03-22 22:05:06.718,26.0,20373786.0,23.0,0.0032222629620018,0
2026-03-22 22:05:19.851,27.0,20374624.0,23.0,0.0018902615347403,0
2026-03-22 22:05:21.718,27.0,20374624.0,23.0,0.0018902615347403,0
2026-03-22 22:05:34.851,28.0,20379252.0,23.0,0.00233411318776,0
2026-03-22 22:05:36.718,28.0,20379252.0,23.0,0.00233411318776,0
2026-03-22 22:05:49.851,29.0,20646329.0,23.0,0.0021669641985535,0
2026-03-22 22:05:51.718,29.0,20646329.0,23.0,0.0021669641985535,0
2026-03-22 22:06:04.851,30.0,20657138.0,23.0,0.0029742093007025,0
2026-03-22 22:06:06.718,30.0,20657138.0,23.0,0.0029742093007025,0
2026-03-22 22:06:19.851,31.0,20664485.0,23.0,0.0017783719524147,0
2026-03-22 22:06:21.718,31.0,20664485.0,23.0,0.0017783719524147,0
2026-03-22 22:06:34.851,32.0,20674461.0,23.0,0.002614210027937,0
2026-03-22 22:06:36.718,32.0,20674461.0,23.0,0.002614210027937,0
2026-03-22 22:06:49.851,33.0,20937297.0,23.0,0.0021674669779004,0
2026-03-22 22:06:51.718,33.0,20937297.0,23.0,0.0021674669779004,0
2026-03-22 22:07:04.851,34.0,20938261.0,23.0,0.0031409660788569,0
2026-03-22 22:07:06.718,34.0,20938261.0,23.0,0.0031409660788569,0
2026-03-22 22:07:19.851,35.0,20944946.0,23.0,0.0023620404237804,0
2026-03-22 22:07:21.718,35.0,20944946.0,23.0,0.0023620404237804,0
2026-03-22 22:07:34.851,36.0,20947992.0,23.0,0.0025574469917109,0
2026-03-22 22:07:36.718,36.0,20947992.0,23.0,0.0025574469917109,0
2026-03-22 22:07:49.851,37.0,21212976.0,23.0,0.0021116322227068,0
2026-03-22 22:07:51.718,37.0,21212976.0,23.0,0.0021116322227068,0
2026-03-22 22:08:04.851,38.0,21216685.0,23.0,0.0029184485225778,0
2026-03-22 22:08:06.718,38.0,21216685.0,23.0,0.0029184485225778,0
2026-03-22 22:08:19.851,39.0,21219259.0,23.0,0.0017509094977953,0
2026-03-22 22:08:21.718,39.0,21219259.0,23.0,0.0017509094977953,0
2026-03-22 22:08:34.851,40.0,21486336.0,23.0,0.002251039682296,0
2026-03-22 22:08:36.718,40.0,21486336.0,23.0,0.002251039682296,0
2026-03-22 22:08:49.851,41.0,21497269.0,23.0,0.002083890372201,0
2026-03-22 22:08:51.718,41.0,21497269.0,23.0,0.002083890372201,0
2026-03-22 22:09:04.851,42.0,21501492.0,23.0,0.0032534318501864,0
2026-03-22 22:09:06.718,42.0,21501492.0,23.0,0.0032534318501864,0
2026-03-22 22:09:19.851,43.0,21516728.0,23.0,0.0023889284693071,0
2026-03-22 22:09:21.718,43.0,21516728.0,23.0,0.0023889284693071,0
2026-03-22 22:09:34.851,44.0,21782348.0,23.0,0.0025570790448482,0
2026-03-22 22:09:36.718,44.0,21782348.0,23.0,0.0025570790448482,0
2026-03-22 22:09:49.851,45.0,21785181.0,23.0,0.002083024958165,0
2026-03-22 22:09:51.718,45.0,21785181.0,23.0,0.002083024958165,0
2026-03-22 22:10:04.851,46.0,21786814.0,23.0,0.0029718240792427,0
2026-03-22 22:10:06.718,46.0,21786814.0,23.0,0.0029718240792427,0
2026-03-22 22:10:19.851,47.0,21789830.0,23.0,0.002277466034733,0
2026-03-22 22:10:21.718,47.0,21789830.0,23.0,0.002277466034733,0
2026-03-22 22:10:34.851,48.0,22064715.0,23.0,0.0025299683060329,0
2026-03-22 22:10:36.718,48.0,22064715.0,23.0,0.0025299683060329,0
2026-03-22 22:10:49.851,49.0,22067299.0,23.0,0.0020838362591931,0
2026-03-22 22:10:51.718,49.0,22067299.0,23.0,0.0020838362591931,0
2026-03-22 22:11:04.851,50.0,22072198.0,23.0,0.0058094183508593,0
2026-03-22 22:11:06.718,50.0,22072198.0,23.0,0.0058094183508593,0
2026-03-22 22:11:19.851,51.0,22078566.0,23.0,0.0031963011184208,0
2026-03-22 22:11:21.718,51.0,22078566.0,23.0,0.0031963011184208,0
2026-03-22 22:11:34.851,52.0,22350937.0,23.0,0.0028622059908128,0
2026-03-22 22:11:36.718,52.0,22350937.0,23.0,0.0028622059908128,0
2026-03-22 22:11:49.851,53.0,22355788.0,23.0,0.0022510762739645,0
2026-03-22 22:11:51.718,53.0,22355788.0,23.0,0.0022510762739645,0
2026-03-22 22:12:04.851,54.0,22361325.0,23.0,0.0033621919831897,0
2026-03-22 22:12:06.718,54.0,22361325.0,23.0,0.0033621919831897,0
2026-03-22 22:12:19.851,55.0,22366388.0,23.0,0.0020564460766473,0
2026-03-22 22:12:21.718,55.0,22366388.0,23.0,0.0020564460766473,0
2026-03-22 22:12:34.851,56.0,22631741.0,23.0,0.002057336425445,0
2026-03-22 22:12:36.718,56.0,22631741.0,23.0,0.002057336425445,0
2026-03-22 22:12:49.851,57.0,22644582.0,23.0,0.0027784286536777,0
2026-03-22 22:12:51.718,57.0,22644582.0,23.0,0.0027784286536777,0
2026-03-22 22:13:04.851,58.0,22646990.0,23.0,0.0035012636101052,0
2026-03-22 22:13:06.718,58.0,22646990.0,23.0,0.0035012636101052,0
2026-03-22 22:13:19.851,59.0,22647956.0,23.0,0.0031402258571502,0
2026-03-22 22:13:21.718,59.0,22647956.0,23.0,0.0031402258571502,0
2026-03-22 22:13:34.851,60.0,16998517.0,23.0,0.0027522830338751,0
2026-03-22 22:13:36.718,60.0,16998517.0,23.0,0.0027522830338751,0
2026-03-22 22:13:49.851,61.0,17003639.0,23.0,0.0024457624648627,0
2026-03-22 22:13:51.718,61.0,17003639.0,23.0,0.0024457624648627,0
2026-03-22 22:14:04.851,62.0,17267277.0,23.0,0.0034472095555281,0
2026-03-22 22:14:06.718,62.0,17267277.0,23.0,0.0034472095555281,0
2026-03-22 22:14:19.851,63.0,17274950.0,23.0,0.0022509285727709,0
2026-03-22 22:14:21.718,63.0,17274950.0,23.0,0.0022509285727709,0
2026-03-22 22:14:34.851,64.0,17298980.0,23.0,0.002889280311292,0
2026-03-22 22:14:36.718,64.0,17298980.0,23.0,0.002889280311292,0
2026-03-22 22:14:49.851,65.0,17569294.0,23.0,0.0024739288194328,0
2026-03-22 22:14:51.718,65.0,17569294.0,23.0,0.0024739288194328,0
2026-03-22 22:15:04.851,66.0,17569294.0,23.0,0.0046129542154832,0
2026-03-22 22:15:06.718,66.0,17569294.0,23.0,0.0046129542154832,0
2026-03-22 22:15:19.851,67.0,17569422.0,23.0,0.0025015965750989,0
2026-03-22 22:15:21.718,67.0,17569422.0,23.0,0.0025015965750989,0
2026-03-22 22:15:34.851,68.0,17834365.0,23.0,0.0024720121369032,0
2026-03-22 22:15:36.718,68.0,17834365.0,23.0,0.0024720121369032,0
2026-03-22 22:15:49.851,69.0,17836172.0,23.0,0.0020849659309068,0
2026-03-22 22:15:51.718,69.0,17836172.0,23.0,0.0020849659309068,0
2026-03-22 22:16:04.851,70.0,17838057.0,23.0,0.0038922308080956,0
2026-03-22 22:16:06.718,70.0,17838057.0,23.0,0.0038922308080956,0
2026-03-22 22:16:19.851,71.0,17840969.0,23.0,0.0028078024720048,0
2026-03-22 22:16:21.718,71.0,17840969.0,23.0,0.0028078024720048,0
2026-03-22 22:16:34.851,72.0,18110222.0,23.0,0.0025559467540552,0
2026-03-22 22:16:36.718,72.0,18110222.0,23.0,0.0025559467540552,0
2026-03-22 22:16:49.851,73.0,18110814.0,23.0,0.0022787815585333,0
2026-03-22 22:16:51.718,73.0,18110814.0,23.0,0.0022787815585333,0
2026-03-22 22:17:04.851,74.0,18111142.0,23.0,0.0032794126450362,0
2026-03-22 22:17:06.718,74.0,18111142.0,23.0,0.0032794126450362,0
2026-03-22 22:17:19.851,75.0,18112370.0,23.0,0.0026686149314447,0
2026-03-22 22:17:21.718,75.0,18112370.0,23.0,0.0026686149314447,0
2026-03-22 22:17:34.851,76.0,18377257.0,23.0,0.0025003574845482,0
2026-03-22 22:17:36.718,76.0,18377257.0,23.0,0.0025003574845482,0
2026-03-22 22:17:49.851,77.0,18390148.0,23.0,0.0024169840649967,0
2026-03-22 22:17:51.718,77.0,18390148.0,23.0,0.0024169840649967,0
2026-03-22 22:18:04.851,78.0,18393757.0,23.0,0.0031693589860193,0
2026-03-22 22:18:06.718,78.0,18393757.0,23.0,0.0031693589860193,0
2026-03-22 22:18:19.851,79.0,18394173.0,23.0,0.0024459093982372,0
2026-03-22 22:18:21.718,79.0,18394173.0,23.0,0.0024459093982372,0
2026-03-22 22:18:34.851,80.0,18394572.0,23.0,0.0026668000342947,0
2026-03-22 22:18:36.718,80.0,18394572.0,23.0,0.0026668000342947,0
2026-03-22 22:18:49.851,81.0,18395804.0,23.0,0.0025285394463671,0
2026-03-22 22:18:51.718,81.0,18395804.0,23.0,0.0025285394463671,0
2026-03-22 22:19:04.851,82.0,18395916.0,23.0,0.0036410230073342,0
2026-03-22 22:19:06.718,82.0,18395916.0,23.0,0.0036410230073342,0
2026-03-22 22:19:19.851,83.0,18396833.0,23.0,0.0029182250909232,0
2026-03-22 22:19:21.718,83.0,18396833.0,23.0,0.0029182250909232,0
2026-03-22 22:19:34.851,84.0,18660938.0,23.0,0.0023909852055429,0
2026-03-22 22:19:36.718,84.0,18660938.0,23.0,0.0023909852055429,0
2026-03-22 22:19:49.851,85.0,18665845.0,23.0,0.0024177058791833,0
2026-03-22 22:19:51.718,85.0,18665845.0,23.0,0.0024177058791833,0
2026-03-22 22:20:04.851,86.0,18677244.0,23.0,0.002864710261087,0
2026-03-22 22:20:06.718,86.0,18677244.0,23.0,0.002864710261087,0
2026-03-22 22:20:19.851,87.0,18679040.0,23.0,0.0022494288514583,0
2026-03-22 22:20:21.718,87.0,18679040.0,23.0,0.0022494288514583,0
2026-03-22 22:20:34.851,88.0,18941360.0,23.0,0.002558955848656,0
2026-03-22 22:20:36.718,88.0,18941360.0,23.0,0.002558955848656,0
2026-03-22 22:20:49.851,89.0,18946384.0,23.0,0.0025572254123052,0
2026-03-22 22:20:51.718,89.0,18946384.0,23.0,0.0025572254123052,0
2026-03-22 22:21:04.851,90.0,18946576.0,23.0,0.0033358028210116,0
2026-03-22 22:21:06.718,90.0,18946576.0,23.0,0.0033358028210116,0
2026-03-22 22:21:19.851,91.0,19210382.0,23.0,0.002640486008433,0
2026-03-22 22:21:21.718,91.0,19210382.0,23.0,0.002640486008433,0
2026-03-22 22:21:34.851,92.0,19211576.0,23.0,0.0024747089498238,0
2026-03-22 22:21:36.718,92.0,19211576.0,23.0,0.0024747089498238,0
2026-03-22 22:21:49.851,93.0,19212938.0,23.0,0.0022219475428495,0
2026-03-22 22:21:51.718,93.0,19212938.0,23.0,0.0022219475428495,0
2026-03-22 22:22:04.851,94.0,19213855.0,23.0,0.0031418576413933,0
2026-03-22 22:22:06.718,94.0,19213855.0,23.0,0.0031418576413933,0
2026-03-22 22:22:19.851,95.0,19477984.0,23.0,0.0019728909394607,0
2026-03-22 22:22:21.718,95.0,19477984.0,23.0,0.0019728909394607,0
2026-03-22 22:22:34.851,96.0,19487813.0,23.0,0.0023905960778023,0
2026-03-22 22:22:36.718,96.0,19487813.0,23.0,0.0023905960778023,0
2026-03-22 22:22:49.851,97.0,19488086.0,25.0,0.0020833912459569,0
2026-03-22 22:22:51.718,97.0,19488086.0,25.0,0.0020833912459569,0
2026-03-22 22:23:04.851,98.0,19751292.0,23.0,0.003198452586715,0
2026-03-22 22:23:06.718,98.0,19751292.0,23.0,0.003198452586715,0
2026-03-22 22:23:19.851,99.0,19751792.0,23.0,0.0025288939606412,0
2026-03-22 22:23:21.718,99.0,19751792.0,23.0,0.0025288939606412,0
2026-03-22 22:23:34.851,100.0,19756497.0,23.0,0.002750502238012,0
2026-03-22 22:23:36.718,100.0,19756497.0,23.0,0.002750502238012,0
2026-03-22 22:23:49.851,101.0,20019726.0,23.0,0.002223854919504,0
2026-03-22 22:23:51.718,101.0,20019726.0,23.0,0.002223854919504,0
2026-03-22 22:24:04.851,102.0,20022571.0,23.0,0.0031145062976374,0
2026-03-22 22:24:06.718,102.0,20022571.0,23.0,0.0031145062976374,0
2026-03-22 22:24:19.851,103.0,20032349.0,25.0,0.0022792614107879,0
2026-03-22 22:24:21.718,103.0,20032349.0,25.0,0.0022792614107879,0
2026-03-22 22:24:34.851,104.0,20036028.0,23.0,0.0025564842747425,0
2026-03-22 22:24:36.718,104.0,20036028.0,23.0,0.0025564842747425,0
2026-03-22 22:24:49.851,105.0,20302496.0,23.0,0.0022228170892575,0
2026-03-22 22:24:51.718,105.0,20302496.0,23.0,0.0022228170892575,0
2026-03-22 22:25:04.851,106.0,20303972.0,23.0,0.0030037655312811,0
2026-03-22 22:25:06.718,106.0,20303972.0,23.0,0.0030037655312811,0
2026-03-22 22:25:19.851,107.0,20304330.0,23.0,0.0032507993743432,0
2026-03-22 22:25:21.718,107.0,20304330.0,23.0,0.0032507993743432,0
2026-03-22 22:25:34.851,108.0,20305502.0,23.0,0.002194878926748,0
2026-03-22 22:25:36.718,108.0,20305502.0,23.0,0.002194878926748,0
2026-03-22 22:25:49.851,109.0,20568048.0,23.0,0.0024184106733334,0
2026-03-22 22:25:51.718,109.0,20568048.0,23.0,0.0024184106733334,0
2026-03-22 22:26:04.851,110.0,20568048.0,23.0,0.0029196729515378,0
2026-03-22 22:26:06.718,110.0,20568048.0,23.0,0.0029196729515378,0
2026-03-22 22:26:19.851,111.0,20570529.0,25.0,0.0024159529583394,0
2026-03-22 22:26:21.718,111.0,20570529.0,25.0,0.0024159529583394,0
2026-03-22 22:26:34.851,112.0,20571124.0,23.0,0.0021385255401102,0
2026-03-22 22:26:36.718,112.0,20571124.0,23.0,0.0021385255401102,0
2026-03-22 22:26:49.851,113.0,20834778.0,23.0,0.0021940622685583,0
2026-03-22 22:26:51.718,113.0,20834778.0,23.0,0.0021940622685583,0
2026-03-22 22:27:04.851,114.0,20835938.0,23.0,0.0024741711316494,0
2026-03-22 22:27:06.718,114.0,20835938.0,23.0,0.0024741711316494,0
2026-03-22 22:27:19.851,39.0,22773928.0,23.0,0.0054747106202458,0
2026-03-22 22:27:21.718,39.0,22773928.0,23.0,0.0054747106202458,0
2026-03-22 22:27:34.851,39.333333333333336,23039706.0,23.0,0.0021396866811985,0
2026-03-22 22:27:36.718,39.333333333333336,23039706.0,23.0,0.0021396866811985,0
2026-03-22 22:27:49.851,39.666666666666664,23041933.0,23.0,0.0026397616438489,0
2026-03-22 22:27:51.718,39.666666666666664,23041933.0,23.0,0.0026397616438489,0
2026-03-22 22:28:04.851,40.0,23044952.0,23.0,0.0031111933000473,0
2026-03-22 22:28:06.718,40.0,23044952.0,23.0,0.0031111933000473,0
2026-03-22 22:28:19.851,40.333333333333336,23049976.0,23.0,0.0025015771046656,0
2026-03-22 22:28:21.718,40.333333333333336,23049976.0,23.0,0.0025015771046656,0
2026-03-22 22:28:34.851,40.666666666666664,23317060.0,23.0,0.0020850765971287,0
2026-03-22 22:28:36.718,40.666666666666664,23317060.0,23.0,0.0020850765971287,0
2026-03-22 22:28:49.851,31.0,23338139.0,23.0,0.0300942586529956,0
2026-03-22 22:28:51.718,31.0,23338139.0,23.0,0.0300942586529956,0
2026-03-22 22:29:04.851,31.25,23569009.0,23.0,0.0031409687783389,0
2026-03-22 22:29:06.718,31.25,23569009.0,23.0,0.0031409687783389,0
2026-03-22 22:29:19.851,31.5,23433933.0,23.0,0.0027802076482497,0
2026-03-22 22:29:21.718,31.5,23433933.0,23.0,0.0027802076482497,0
2026-03-22 22:29:34.851,31.75,23858544.0,23.0,0.0023895952624438,0
2026-03-22 22:29:36.718,31.75,23858544.0,23.0,0.0023895952624438,0
2026-03-22 22:29:49.851,32.0,23665401.0,23.0,0.0024731710589661,0
2026-03-22 22:29:51.718,32.0,23665401.0,23.0,0.0024731710589661,0
2026-03-22 22:30:04.851,32.25,23672671.0,23.0,0.0038344534302137,0
2026-03-22 22:30:06.718,32.25,23672671.0,23.0,0.0038344534302137,0
2026-03-22 22:30:19.851,32.75,17754537.0,24.0,0.0239053837665058,0
2026-03-22 22:30:21.718,32.75,17754537.0,24.0,0.0239053837665058,0
2026-03-22 22:30:34.851,33.0,18029284.0,23.0,0.0078857849422996,0
2026-03-22 22:30:36.718,33.0,18029284.0,23.0,0.0078857849422996,0
2026-03-22 22:30:49.851,33.25,18033732.0,23.0,0.0029714137652215,0
2026-03-22 22:30:51.718,33.25,18033732.0,23.0,0.0029714137652215,0
2026-03-22 22:31:04.851,33.5,18034052.0,23.0,0.00280748580892,0
2026-03-22 22:31:06.718,33.5,18034052.0,23.0,0.00280748580892,0
2026-03-22 22:31:19.851,27.2,18303104.0,24.0,0.0028334111103646,0
2026-03-22 22:31:21.718,27.2,18303104.0,24.0,0.0028334111103646,0
2026-03-22 22:31:34.851,27.4,18307523.0,23.0,0.0023616715111357,0
2026-03-22 22:31:36.718,27.4,18307523.0,23.0,0.0023616715111357,0
2026-03-22 22:31:49.851,27.6,18307523.0,23.0,0.0023618558507197,0
2026-03-22 22:31:51.718,27.6,18307523.0,23.0,0.0023618558507197,0
2026-03-22 22:32:04.851,27.8,18308141.0,23.0,0.0029734496301991,0
2026-03-22 22:32:06.718,27.8,18308141.0,23.0,0.0029734496301991,0
2026-03-22 22:32:19.851,28.0,18308429.0,23.0,0.0024736880677278,0
2026-03-22 22:32:21.718,28.0,18308429.0,23.0,0.0024736880677278,0
2026-03-22 22:32:34.851,28.2,18309293.0,23.0,0.0022222810993454,0
2026-03-22 22:32:36.718,28.2,18309293.0,23.0,0.0022222810993454,0
2026-03-22 22:32:49.851,28.4,18309833.0,23.0,0.0021956692864257,0
2026-03-22 22:32:51.718,28.4,18309833.0,23.0,0.0021956692864257,0
2026-03-22 22:33:04.851,28.8,18311421.0,24.0,0.0031397251043373,0
2026-03-22 22:33:06.718,28.8,18311421.0,24.0,0.0031397251043373,0
2026-03-22 22:33:19.851,29.2,18574669.0,23.0,0.0029176704508829,0
2026-03-22 22:33:21.718,29.2,18574669.0,23.0,0.0029176704508829,0
2026-03-22 22:33:34.851,29.6,18576641.0,23.0,0.0021408741180314,0
2026-03-22 22:33:36.718,29.6,18576641.0,23.0,0.0021408741180314,0
2026-03-22 22:33:49.851,29.8,18577546.0,23.0,0.0025840587552417,0
2026-03-22 22:33:51.718,29.8,18577546.0,23.0,0.0025840587552417,0
2026-03-22 22:34:04.851,25.166666666666668,69582012.0,24.0,0.0043022600130491,0
2026-03-22 22:34:06.718,25.166666666666668,69582012.0,24.0,0.0043022600130491,0
2026-03-22 22:34:19.851,25.333333333333332,279821500.0,23.0,0.0066828158741344,0
2026-03-22 22:34:21.718,25.333333333333332,279821500.0,23.0,0.0066828158741344,0
2026-03-22 22:34:34.851,25.5,17673662.0,23.0,0.0029163352088419,0
2026-03-22 22:34:36.718,25.5,17673662.0,23.0,0.0029163352088419,0
2026-03-22 22:34:49.851,25.833333333333332,179158606.0,24.0,0.0030569729597692,0
2026-03-22 22:34:51.718,25.833333333333332,179158606.0,24.0,0.0030569729597692,0
2026-03-22 22:35:04.851,26.0,280086126.0,23.0,0.0034194492928091,0
2026-03-22 22:35:06.718,26.0,280086126.0,23.0,0.0034194492928091,0
2026-03-22 22:35:19.851,26.166666666666668,280086126.0,23.0,0.0031946916398935,0
2026-03-22 22:35:21.718,26.166666666666668,280086126.0,23.0,0.0031946916398935,0
2026-03-22 22:35:34.851,26.333333333333332,18133791.0,23.0,0.0023891920147068,0
2026-03-22 22:35:36.718,26.333333333333332,18133791.0,23.0,0.0023891920147068,0
2026-03-22 22:35:49.851,26.5,18399119.0,23.0,0.0026676365410268,0
2026-03-22 22:35:51.718,26.5,18399119.0,23.0,0.0026676365410268,0
2026-03-22 22:36:04.851,26.666666666666668,18399839.0,23.0,0.0028080225873819,0
2026-03-22 22:36:06.718,26.666666666666668,18399839.0,23.0,0.0028080225873819,0
2026-03-22 22:36:19.851,26.833333333333332,18662255.0,23.0,0.0028048916539809,0
2026-03-22 22:36:21.718,26.833333333333332,18662255.0,23.0,0.0028048916539809,0
2026-03-22 22:36:34.851,27.0,18925743.0,23.0,0.0024725951620967,0
2026-03-22 22:36:36.718,27.0,18925743.0,23.0,0.0024725951620967,0
2026-03-22 22:36:49.851,27.166666666666668,18925743.0,23.0,0.0025009479183594,0
2026-03-22 22:36:51.718,27.166666666666668,18925743.0,23.0,0.0025009479183594,0
2026-03-22 22:37:06.718,27.333333333333332,19189807.0,23.0,0.0026415980367886,0
2026-03-22 22:37:21.718,27.5,19193016.0,23.0,0.0032487485685297,0
2026-03-22 22:37:36.718,27.666666666666668,19455464.0,23.0,0.001806186593862,0
2026-03-22 22:37:51.718,27.833333333333332,19455464.0,23.0,0.0027513920655148,0
2026-03-22 22:38:06.718,28.0,19456040.0,23.0,0.0030560592986015,0
2026-03-22 22:38:21.718,28.166666666666668,19456445.0,23.0,0.0023902815240881,0
2026-03-22 22:38:36.718,28.333333333333332,19723053.0,23.0,0.0019450025212421,0
2026-03-22 22:38:51.718,28.5,19723213.0,23.0,0.0023350778566862,0
2026-03-22 22:39:06.718,28.666666666666668,19985837.0,23.0,0.0027790584846744,0
2026-03-22 22:39:21.718,28.833333333333332,19987970.0,23.0,0.0028911541319458,0
2026-03-22 22:39:36.718,29.0,20253826.0,23.0,0.0019736694126055,0
2026-03-22 22:39:51.718,29.166666666666668,20259218.0,23.0,0.0030811505553957,0
2026-03-22 22:40:06.718,29.333333333333332,20521362.0,23.0,0.0024460040795207,0
2026-03-22 22:40:21.718,29.5,20521538.0,23.0,0.0026684674248648,0
2026-03-22 22:40:36.718,29.666666666666668,20522530.0,23.0,0.0018335392986169,0
2026-03-22 22:40:51.718,29.833333333333332,20793491.0,23.0,0.0028352634894709,0
2026-03-22 22:41:06.718,30.0,20796403.0,23.0,0.0029178921282589,0
2026-03-22 22:41:21.718,30.166666666666668,20800195.0,23.0,0.0033626725017201,0
2026-03-22 22:41:36.718,30.333333333333332,20801253.0,23.0,0.0019177976192215,0
2026-03-22 22:41:51.718,30.5,20801589.0,23.0,0.0029150583059055,0
2026-03-22 22:42:06.718,30.666666666666668,20801909.0,23.0,0.0028637830463932,0
2026-03-22 22:42:21.718,30.833333333333332,20802095.0,23.0,0.0029447627532382,0
2026-03-22 22:42:36.718,31.0,20802095.0,23.0,0.0020837981876182,0
2026-03-22 22:42:51.718,31.166666666666668,20802095.0,23.0,0.0024708543670026,0
2026-03-22 22:43:06.718,31.333333333333332,21064383.0,23.0,0.0029774008843715,0
2026-03-22 22:43:21.718,31.5,21064677.0,23.0,0.0028362274180504,0
2026-03-22 22:43:36.718,31.666666666666668,21066558.0,23.0,0.0020552611361683,0
2026-03-22 22:43:51.718,31.833333333333332,21483380.0,23.0,0.0030294488445052,0
2026-03-22 22:44:06.718,32.0,21619412.0,23.0,0.0024734855849228,0
2026-03-22 22:44:21.718,32.166666666666664,21622323.0,23.0,0.0023630952511601,0
2026-03-22 22:44:36.718,32.333333333333336,22148653.0,25.0,0.0019737430404831,0
2026-03-22 22:44:51.718,32.5,22155197.0,23.0,0.0025278573867885,0
2026-03-22 22:45:06.718,32.666666666666664,22425169.0,23.0,0.0039478039008777,0
2026-03-22 22:45:21.718,32.833333333333336,22426129.0,23.0,0.0030017448688846,0
2026-03-22 22:45:36.718,33.0,22691321.0,23.0,0.0020012243485978,0
2026-03-22 22:45:51.718,33.166666666666664,22957409.0,23.0,0.0024165583951204,0
2026-03-22 22:46:06.718,33.333333333333336,22960260.0,23.0,0.0027249124893576,0
2026-03-22 22:46:21.718,33.5,23309546.0,23.0,0.0025554289745681,0
2026-03-22 22:46:36.718,33.666666666666664,23247832.0,23.0,0.0020015392007878,0
2026-03-22 22:46:51.718,33.833333333333336,23248409.0,23.0,0.0026680582140077,0
2026-03-22 22:47:06.718,34.0,23250370.0,23.0,0.0028076152275429,0
2026-03-22 22:47:21.718,34.166666666666664,23514212.0,25.0,0.0026137819335968,0
2026-03-22 22:47:36.718,34.333333333333336,23514580.0,23.0,0.0023055396660232,0
2026-03-22 22:47:51.718,34.5,23514915.0,23.0,0.0023899276811562,0
2026-03-22 22:48:06.718,34.666666666666664,23777059.0,25.0,0.0030291502737978,0
2026-03-22 22:48:21.718,34.833333333333336,24039507.0,23.0,0.0026135044650303,0
2026-03-22 22:48:36.718,35.0,24301808.0,23.0,0.0017784831379464,0
2026-03-22 22:48:51.718,35.166666666666664,24564048.0,23.0,0.0021683544365597,0
2026-03-22 22:49:06.718,35.333333333333336,24564384.0,23.0,0.0030023751964411,0
2026-03-22 22:49:21.718,35.5,25352070.0,23.0,0.0029172814493264,0
2026-03-22 22:49:36.718,35.666666666666664,25352070.0,23.0,0.0022788723121988,0
2026-03-22 22:49:51.718,35.833333333333336,25615755.0,23.0,0.0025011710540632,0
2026-03-22 22:50:06.718,36.0,25615755.0,23.0,0.0028903549806623,0
2026-03-22 22:50:21.718,36.166666666666664,25880280.0,23.0,0.0024730400538086,0
2026-03-22 22:50:36.718,36.333333333333336,25881518.0,23.0,0.0023896323738203,0
2026-03-22 22:50:51.718,36.5,26147080.0,23.0,0.0025568008810153,0
2026-03-22 22:51:06.718,36.666666666666664,26147226.0,23.0,0.0030279114710791,0
2026-03-22 22:51:21.718,36.833333333333336,26409680.0,23.0,0.00269620623832,0
2026-03-22 22:51:36.718,37.0,26409680.0,23.0,0.0022222254795704,0
2026-03-22 22:51:51.718,37.333333333333336,26409776.0,23.0,0.0304078555011234,0
2026-03-22 22:52:06.718,37.5,26411861.0,23.0,0.0030553932712548,0
2026-03-22 22:52:21.718,37.833333333333336,26413333.0,24.0,0.0239907628257623,0
2026-03-22 22:52:36.718,38.0,26676294.0,23.0,0.0091717637693796,0
2026-03-22 22:52:51.718,38.166666666666664,26676435.0,23.0,0.0025300608863209,0
2026-03-23 20:21:52.923,1.0,18946307.0,23.0,0.0009765567708971,0
2026-03-23 20:21:58.526,1.0,18946307.0,23.0,0.0009765567708971,0
2026-03-23 20:22:07.923,2.0,18965078.0,23.0,0.0015281675684214,0
2026-03-23 20:22:13.526,2.0,18965078.0,23.0,0.0015281675684214,0
2026-03-23 20:22:22.923,3.0,18989886.0,23.0,0.0008610929260167,0
2026-03-23 20:22:28.526,3.0,18989886.0,23.0,0.0008610929260167,0
2026-03-23 20:22:37.923,4.0,19268071.0,23.0,0.0011940565295584,0
2026-03-23 20:22:43.526,4.0,19268071.0,23.0,0.0011940565295584,0
2026-03-23 20:22:52.923,5.0,19280966.0,23.0,0.0005832779135556,0
2026-03-23 20:22:58.526,5.0,19280966.0,23.0,0.0005832779135556,0
2026-03-23 20:23:07.923,6.0,19290901.0,23.0,0.0008610188518602,0
2026-03-23 20:23:13.526,6.0,19290901.0,23.0,0.0008610188518602,0
2026-03-23 20:23:22.923,7.0,19301871.0,23.0,0.0008057223334074,0
2026-03-23 20:23:28.526,7.0,19301871.0,23.0,0.0008057223334074,0
2026-03-23 20:23:37.923,8.0,19578238.0,23.0,0.0010551491344883,0
2026-03-23 20:23:43.526,8.0,19578238.0,23.0,0.0010551491344883,0
2026-03-23 20:23:52.923,9.0,19588958.0,23.0,0.0007775927900412,0
2026-03-23 20:23:58.526,9.0,19588958.0,23.0,0.0007775927900412,0
2026-03-23 20:24:07.923,10.0,19601301.0,23.0,0.0012492251768674,0
2026-03-23 20:24:13.526,10.0,19601301.0,23.0,0.0012492251768674,0
2026-03-23 20:24:22.923,11.0,19613025.0,23.0,0.0010553891233828,0
2026-03-23 20:24:28.526,11.0,19613025.0,23.0,0.0010553891233828,0
2026-03-23 20:24:37.923,12.0,19893043.0,23.0,0.0009718162190866,0
2026-03-23 20:24:43.526,12.0,19893043.0,23.0,0.0009718162190866,0
2026-03-23 20:24:52.923,13.0,19895707.0,23.0,0.000722055986989,0
2026-03-23 20:24:58.526,13.0,19895707.0,23.0,0.000722055986989,0
2026-03-23 20:25:07.923,14.0,19899479.0,23.0,0.0009997227775067,0
2026-03-23 20:25:13.526,14.0,19899479.0,23.0,0.0009997227775067,0
2026-03-23 20:25:22.923,15.0,19908841.0,23.0,0.0013880750110474,0
2026-03-23 20:25:28.526,15.0,19908841.0,23.0,0.0013880750110474,0
2026-03-23 20:25:37.923,16.0,20176509.0,23.0,0.000944296888725,0
2026-03-23 20:25:43.526,16.0,20176509.0,23.0,0.000944296888725,0
2026-03-23 20:25:52.923,17.0,20183700.0,23.0,0.0006942038887819,0
2026-03-23 20:25:58.526,17.0,20183700.0,23.0,0.0006942038887819,0
2026-03-23 20:26:07.923,18.0,20190283.0,23.0,0.0012489470911109,0
2026-03-23 20:26:13.526,18.0,20190283.0,23.0,0.0012489470911109,0
2026-03-23 20:26:22.923,19.0,20454498.0,23.0,0.0012775006292598,0
2026-03-23 20:26:28.526,19.0,20454498.0,23.0,0.0012775006292598,0
2026-03-23 20:26:37.923,20.0,20474395.0,23.0,0.0013050201340371,0
2026-03-23 20:26:43.526,20.0,20474395.0,23.0,0.0013050201340371,0
2026-03-23 20:26:52.923,21.0,20477097.0,23.0,0.0005833148518436,0
2026-03-23 20:26:58.526,21.0,20477097.0,23.0,0.0005833148518436,0
2026-03-23 20:27:07.923,22.0,20480818.0,23.0,0.0008611114322472,0
2026-03-23 20:27:13.526,22.0,20480818.0,23.0,0.0008611114322472,0
2026-03-23 20:27:22.923,23.0,20753019.0,23.0,0.0008887780740742,0
2026-03-23 20:27:28.526,23.0,20753019.0,23.0,0.0008887780740742,0
2026-03-23 20:27:37.923,24.0,20759685.0,23.0,0.0011668709510047,0
2026-03-23 20:27:43.526,24.0,20759685.0,23.0,0.0011668709510047,0
2026-03-23 20:27:52.923,25.0,20764090.0,23.0,0.000805352234379,0
2026-03-23 20:27:58.526,25.0,20764090.0,23.0,0.000805352234379,0
2026-03-23 20:28:07.923,26.0,20771600.0,23.0,0.0012781304324042,0
2026-03-23 20:28:13.526,26.0,20771600.0,23.0,0.0012781304324042,0
2026-03-23 20:28:22.923,10.0,20181512.0,23.0,0.003642554438155,0
2026-03-23 20:28:28.526,10.0,20181512.0,23.0,0.003642554438155,0
2026-03-23 20:28:37.923,8.0,20460813.0,23.0,0.0293872830559446,0
2026-03-23 20:28:43.526,8.0,20460813.0,23.0,0.0293872830559446,0
2026-03-23 20:28:52.923,8.25,20464896.0,23.0,0.0006665927407573,0
2026-03-23 20:28:58.526,8.25,20464896.0,23.0,0.0006665927407573,0
2026-03-23 20:29:07.923,8.5,20472898.0,23.0,0.0009718152834738,0
2026-03-23 20:29:13.526,8.5,20472898.0,23.0,0.0009718152834738,0
2026-03-23 20:29:22.923,8.75,20743745.0,23.0,0.0009442597281158,0
2026-03-23 20:29:28.526,8.75,20743745.0,23.0,0.0009442597281158,0
2026-03-23 20:29:37.923,9.0,20748114.0,23.0,0.0011107786409407,0
2026-03-23 20:29:43.526,9.0,20748114.0,23.0,0.0011107786409407,0
2026-03-23 20:29:52.923,9.25,21013500.0,23.0,0.0007775373207821,0
2026-03-23 20:29:58.526,9.25,21013500.0,23.0,0.0007775373207821,0
2026-03-23 20:30:07.923,9.5,21017512.0,23.0,0.0011941300614407,0
2026-03-23 20:30:13.526,9.5,21017512.0,23.0,0.0011941300614407,0
2026-03-23 20:30:22.923,9.75,21019526.0,23.0,0.0009721485430293,0
2026-03-23 20:30:28.526,9.75,21019526.0,23.0,0.0009721485430293,0
2026-03-23 20:30:37.923,10.0,21033954.0,23.0,0.0009168891606421,0
2026-03-23 20:30:43.526,10.0,21033954.0,23.0,0.0009168891606421,0
2026-03-23 20:30:52.923,10.25,21302662.0,23.0,0.0008331483701895,0
2026-03-23 20:30:58.526,10.25,21302662.0,23.0,0.0008331483701895,0
2026-03-23 20:31:07.923,10.5,21307031.0,23.0,0.00191661179005,0
2026-03-23 20:31:13.526,10.5,21307031.0,23.0,0.00191661179005,0
2026-03-23 20:31:22.923,10.75,21314104.0,23.0,0.0010557429451482,0
2026-03-23 20:31:28.526,10.75,21314104.0,23.0,0.0010557429451482,0
2026-03-23 20:31:37.923,11.0,21580656.0,23.0,0.0011390004198523,0
2026-03-23 20:31:43.526,11.0,21580656.0,23.0,0.0011390004198523,0
2026-03-23 20:31:52.923,11.25,21587557.0,23.0,0.0008602792683781,0
2026-03-23 20:31:58.526,11.25,21587557.0,23.0,0.0008602792683781,0
2026-03-23 20:32:07.923,11.5,21600204.0,23.0,0.0010003338027658,0
2026-03-23 20:32:13.526,11.5,21600204.0,23.0,0.0010003338027658,0
2026-03-23 20:32:22.923,11.75,21603173.0,23.0,0.0008330559626917,0
2026-03-23 20:32:28.526,11.75,21603173.0,23.0,0.0008330559626917,0
2026-03-23 20:32:37.923,12.0,21869372.0,23.0,0.000972370666782,0
2026-03-23 20:32:43.526,12.0,21869372.0,23.0,0.000972370666782,0
2026-03-23 20:32:52.923,12.25,21876045.0,23.0,0.0004719816665597,0
2026-03-23 20:32:58.526,12.25,21876045.0,23.0,0.0004719816665597,0
2026-03-23 20:33:07.923,12.5,21884620.0,23.0,0.0010830376536964,0
2026-03-23 20:33:13.526,12.5,21884620.0,23.0,0.0010830376536964,0
2026-03-23 20:33:22.923,12.75,21902462.0,23.0,0.0010271862455173,0
2026-03-23 20:33:28.526,12.75,21902462.0,23.0,0.0010271862455173,0
2026-03-23 20:33:37.923,13.0,21906041.0,23.0,0.0012495377402395,0
2026-03-23 20:33:43.526,13.0,21906041.0,23.0,0.0012495377402395,0
2026-03-23 20:33:52.923,13.25,21911660.0,23.0,0.0011105749739367,0
2026-03-23 20:33:58.526,13.25,21911660.0,23.0,0.0011105749739367,0
2026-03-23 20:34:07.923,13.5,21914020.0,23.0,0.0010828341837803,0
2026-03-23 20:34:13.526,13.5,21914020.0,23.0,0.0010828341837803,0
2026-03-23 20:34:22.923,13.75,21921799.0,23.0,0.0009443707652515,0
2026-03-23 20:34:28.526,13.75,21921799.0,23.0,0.0009443707652515,0
2026-03-23 20:34:37.923,14.0,22189431.0,23.0,0.0010837966793666,0
2026-03-23 20:34:43.526,14.0,22189431.0,23.0,0.0010837966793666,0
2026-03-23 20:34:52.923,14.25,22193639.0,23.0,0.0010272230603975,0
2026-03-23 20:34:58.526,14.25,22193639.0,23.0,0.0010272230603975,0
2026-03-23 20:35:07.923,14.5,22199658.0,23.0,0.0009723706420907,0
2026-03-23 20:35:13.526,14.5,22199658.0,23.0,0.0009723706420907,0
2026-03-23 20:35:22.923,14.75,22466658.0,23.0,0.0009723522099343,0
2026-03-23 20:35:28.526,14.75,22466658.0,23.0,0.0009723522099343,0
2026-03-23 20:35:37.923,15.0,22470748.0,23.0,0.0011391670743955,0
2026-03-23 20:35:43.526,15.0,22470748.0,23.0,0.0011391670743955,0
2026-03-23 20:35:52.923,15.25,22476522.0,23.0,0.0007221668518272,0
2026-03-23 20:35:58.526,15.25,22476522.0,23.0,0.0007221668518272,0
2026-03-23 20:36:07.923,15.5,22479608.0,23.0,0.0011668157536479,0
2026-03-23 20:36:13.526,15.5,22479608.0,23.0,0.0011668157536479,0
2026-03-23 20:36:22.923,15.75,22821476.0,23.0,0.0016653915133213,0
2026-03-23 20:36:37.923,16.0,22755506.0,23.0,0.0009724264324862,0
2026-03-23 20:36:52.923,16.25,22762998.0,23.0,0.0012214641094431,0
2026-03-23 20:37:07.923,16.5,17902369.0,23.0,0.0009721484691524,0
2026-03-23 20:37:22.923,16.75,17913522.0,23.0,0.0010000374813503,0
2026-03-23 20:37:37.923,17.0,18176896.0,23.0,0.0011390561111859,0
2026-03-23 20:37:52.923,17.25,18179095.0,23.0,0.0008052596539922,0
2026-03-23 20:38:07.923,17.5,18180117.0,23.0,0.0011398345821017,0
2026-03-23 20:38:22.923,17.75,18181661.0,23.0,0.0011383717510824,0
2026-03-23 20:38:37.923,18.0,18182541.0,23.0,0.0012219636541076,0
2026-03-23 20:38:52.923,18.25,18182944.0,23.0,0.0009442599991789,0
2026-03-23 20:39:07.923,18.5,18185883.0,23.0,0.0010000558643212,0
2026-03-23 20:39:22.923,18.75,18448027.0,23.0,0.0011944822471288,0
2026-03-23 20:39:37.923,19.0,18451560.0,23.0,0.0011388341358285,0
2026-03-23 20:39:52.923,19.25,18457093.0,23.0,0.001000019172898,0
2026-03-23 20:40:07.923,19.5,18460305.0,23.0,0.0007502227659266,0
2026-03-23 20:40:22.923,19.75,18722625.0,23.0,0.0010834822222396,0
2026-03-23 20:40:37.923,20.0,18724272.0,23.0,0.0009726671116055,0
2026-03-23 20:40:52.923,20.25,18725310.0,23.0,0.0011109821605364,0
2026-03-23 20:41:07.923,20.5,18726788.0,23.0,0.0010276116663462,0
2026-03-23 20:41:22.923,20.75,18990478.0,23.0,0.0010832412966512,0
2026-03-23 20:41:37.923,21.0,18995754.0,23.0,0.0008892969636883,0
2026-03-23 20:41:52.923,21.25,19003710.0,23.0,0.0009165376658207,0
2026-03-23 20:42:07.923,21.5,19275602.0,23.0,0.0011664823200189,0
2026-03-23 20:42:22.923,21.75,19277771.0,23.0,0.0014441488393257,0
2026-03-23 20:42:37.923,22.0,19279385.0,23.0,0.0010560188521072,0
2026-03-23 20:42:52.923,22.25,19288036.0,23.0,0.0010272785549394,0
2026-03-23 20:43:07.923,22.5,19551044.0,23.0,0.0006947226547413,0
2026-03-23 20:43:22.923,22.75,19551364.0,23.0,0.0015826313547086,0
2026-03-23 20:43:37.923,23.0,19556546.0,23.0,0.0010278153832275,0
2026-03-23 20:43:52.923,23.25,19557251.0,23.0,0.0011942043824617,0
2026-03-23 20:44:07.923,23.5,19820707.0,23.0,0.0009441300367493,0
2026-03-23 20:44:22.923,19.2,260589326.0,24.0,0.0040047883659174,0
2026-03-23 20:44:37.923,19.4,279990430.0,25.0,0.0010835569883506,0
2026-03-23 20:44:52.923,16.5,17863688.0,23.0,0.0015542633435798,0
2026-03-24 19:15:51.130,75.0,18770123.0,23.0,0.0015555568879539,0
2026-03-24 19:16:06.130,75.5,18771931.0,23.0,0.0007224076297614,0
2026-03-24 19:16:21.130,76.0,18772491.0,23.0,0.001666797098824,0
2026-03-24 19:16:36.130,76.5,18772827.0,23.0,0.0011660755033984,0
2026-03-24 19:16:51.130,77.0,19034971.0,23.0,0.0015273896416551,0
2026-03-24 19:17:06.130,77.5,19034971.0,23.0,0.0006389450498535,0
2026-03-24 19:17:21.130,78.0,19035099.0,23.0,0.0013335378644867,0
2026-03-24 19:17:36.130,78.5,19037399.0,23.0,0.0009439450734575,0
2026-03-24 19:17:51.130,79.0,19038615.0,23.0,0.0015560749892717,0
2026-03-24 19:18:06.130,79.5,19039933.0,23.0,0.0007775928886094,0
2026-03-24 19:18:21.130,80.0,19042989.0,23.0,0.0014165932843137,0
2026-03-24 19:18:36.130,80.5,19044559.0,23.0,0.0007777040492514,0
2026-03-24 19:18:51.130,81.0,19306703.0,23.0,0.001554983341928,0
2026-03-24 19:19:06.130,81.5,19306703.0,23.0,0.0010835744322059,0
2026-03-24 19:19:21.130,82.0,19307434.0,23.0,0.0016105196783554,0
2026-03-24 19:19:36.130,82.5,19307530.0,23.0,0.0008611298642553,0
2026-03-24 19:19:51.130,83.0,19569850.0,23.0,0.0020274455795567,0
2026-03-24 19:20:06.130,83.5,19572122.0,23.0,0.0009721674684712,0
2026-03-24 19:20:21.130,84.0,19584596.0,23.0,0.0015282972843305,0
2026-03-24 19:20:36.130,84.5,19586897.0,23.0,0.0006944450126927,0
2026-03-24 19:20:51.130,85.0,19849837.0,23.0,0.0017494649468335,0
2026-03-24 19:21:06.130,85.5,19850831.0,23.0,0.0009443337777783,0
2026-03-24 19:21:21.130,86.0,19859996.0,23.0,0.0012779637037375,0
2026-03-24 19:21:36.130,86.5,20123404.0,23.0,0.0010272044559928,0
2026-03-24 19:21:51.130,87.0,20123516.0,23.0,0.001750019395071,0
2026-03-24 19:22:06.130,87.5,20386396.0,23.0,0.0006667964815391,0
2026-03-24 19:22:21.130,88.0,20386508.0,23.0,0.0014445746543792,0
2026-03-24 19:22:36.130,88.5,20388776.0,23.0,0.0007498890863704,0
2026-03-24 19:22:51.130,89.0,20388872.0,23.0,0.0017215204654264,0
2026-03-24 19:23:06.130,89.5,20388872.0,23.0,0.000778037333597,0
2026-03-24 19:23:21.130,90.0,20651016.0,23.0,0.0019437972710216,0
2026-03-24 19:23:36.130,90.5,20652010.0,23.0,0.0009164451602479,0
2026-03-24 19:23:51.130,91.0,20652010.0,23.0,0.0013614635190212,0
2026-03-24 19:24:06.130,91.5,20916186.0,23.0,0.0008612596298934,0
2026-03-24 19:24:21.130,92.0,20916359.0,23.0,0.0017212643779651,0
2026-03-24 19:24:36.130,92.5,20916702.0,23.0,0.0010273154933753,0
2026-03-24 19:24:51.130,93.0,20917118.0,25.0,0.0015275199496661,0
2026-03-24 19:25:06.130,93.5,21179800.0,23.0,0.0010554632222306,0
2026-03-24 19:25:21.130,94.0,21187094.0,23.0,0.0012499637531206,0
2026-03-24 19:25:36.130,94.5,21332795.0,23.0,0.0010834267529805,0
2026-03-24 19:25:51.130,95.0,21197214.0,23.0,0.0015278532095179,0
2026-03-24 19:26:06.130,95.5,21469939.0,23.0,0.0008054816295967,0
2026-03-24 19:26:21.130,96.0,21499577.0,23.0,0.0018890751851702,0
2026-03-24 19:26:36.130,96.5,21514221.0,23.0,0.0009165562468651,0
2026-03-24 19:26:51.130,97.0,21785582.0,23.0,0.0015274116903128,0
2026-03-24 19:27:06.130,97.5,21786270.0,23.0,0.0009996488513015,0
2026-03-24 19:27:21.130,98.0,21786763.0,23.0,0.0014165565677051,0
2026-03-24 19:27:36.130,98.5,22049888.0,25.0,0.0009722967163793,0
2026-03-24 19:27:51.130,99.0,22050192.0,25.0,0.0015275587086209,0
2026-03-24 19:28:06.130,99.5,22051328.0,23.0,0.0008052597772024,0
2026-03-24 19:28:21.130,100.0,22051456.0,23.0,0.0018330381725121,0
2026-03-24 19:28:36.130,100.5,22314289.0,23.0,0.0007500373581896,0
2026-03-24 19:28:51.130,101.0,22314838.0,23.0,0.0015827981322653,0
2026-03-24 19:29:06.130,101.5,22316690.0,23.0,0.0009162784064463,0
2026-03-24 19:29:21.130,102.0,22580834.0,23.0,0.0018607048135008,0
2026-03-24 19:29:36.130,102.5,22583985.0,23.0,0.0008604459225765,0
2026-03-24 19:29:51.130,103.0,22584673.0,23.0,0.0013332061578808,0
2026-03-24 19:30:06.130,103.5,22584673.0,23.0,0.0007776113948398,0
2026-03-24 19:30:21.130,104.0,22847210.0,23.0,0.0014997231468914,0
2026-03-24 19:30:36.130,104.5,22847210.0,23.0,0.0007775558022225,0
2026-03-24 19:30:51.130,105.0,22847210.0,23.0,0.0013884647746841,0
2026-03-24 19:31:06.130,105.5,22848298.0,23.0,0.000583222468988,0
2026-03-24 19:31:21.130,106.0,23110844.0,23.0,0.0018329080366507,0
2026-03-24 19:31:36.130,106.5,23112535.0,23.0,0.0006109260493004,0
2026-03-24 19:31:51.130,107.0,23115956.0,23.0,0.0014998361785679,0
2026-03-24 19:32:06.130,107.5,23380112.0,23.0,0.0008329268619481,0
2026-03-24 19:32:21.130,108.0,23382853.0,23.0,0.0014441128855411,0
2026-03-24 19:32:36.130,108.5,23385496.0,23.0,0.0007775373948069,0
2026-03-24 19:32:51.130,109.0,23387761.0,23.0,0.0011670376053503,0
2026-03-24 19:33:06.130,109.5,23388306.0,23.0,0.0009166488025111,0
2026-03-24 19:33:21.130,110.0,23650450.0,23.0,0.0017503547756261,0
2026-03-24 19:33:36.130,110.5,23650450.0,23.0,0.0008885929133007,0
2026-03-24 19:33:51.130,111.0,23650763.0,23.0,0.0015836861858859,0
2026-03-24 19:34:06.130,111.5,17631964.0,23.0,0.0009720562095069,0
2026-03-24 19:34:21.130,112.0,17632124.0,23.0,0.0018324297801242,0
2026-03-24 19:34:36.130,112.5,17894412.0,23.0,0.0010555004569139,0
2026-03-24 19:34:51.130,113.0,17894821.0,23.0,0.0016662784070375,0
2026-03-24 19:35:06.130,113.5,17894917.0,23.0,0.0009998154073754,0
2026-03-24 19:35:21.130,114.0,17895534.0,23.0,0.0017778347290148,0
2026-03-24 19:35:36.130,114.5,18157876.0,23.0,0.000971797270332,0
2026-03-24 19:35:51.130,115.0,18159819.0,23.0,0.0014446489511533,0
2026-03-24 19:36:06.130,115.5,18162303.0,23.0,0.00083307441949,0
2026-03-24 19:36:21.130,116.0,18165119.0,23.0,0.001721760554069,0
2026-03-24 19:36:36.130,116.5,18165454.0,23.0,0.0008328529849782,0
2026-03-24 19:36:51.130,117.0,18166222.0,23.0,0.0015274083449724,0
2026-03-24 19:36:53.316,117.0,18166222.0,23.0,0.0015274083449724,0
2026-03-24 19:37:06.130,117.5,18166898.0,23.0,0.0008332596540909,0
2026-03-24 19:37:08.316,117.5,18166898.0,23.0,0.0008332596540909,0
2026-03-24 19:37:21.130,118.0,18437371.0,23.0,0.0018323168236544,0
2026-03-24 19:37:23.316,118.0,18437371.0,23.0,0.0018323168236544,0
2026-03-24 19:37:36.130,118.5,18437371.0,23.0,0.0006389816420659,0
2026-03-24 19:37:38.316,118.5,18437371.0,23.0,0.0006389816420659,0
2026-03-24 19:37:51.130,119.0,18437995.0,23.0,0.001416611937853,0
2026-03-24 19:37:53.316,119.0,18437995.0,23.0,0.001416611937853,0
2026-03-24 19:38:06.130,119.5,18437995.0,23.0,0.0008609633823544,0
2026-03-24 19:38:08.316,119.5,18437995.0,23.0,0.0008609633823544,0
2026-03-24 19:38:21.130,120.0,18700495.0,23.0,0.0016943346903736,0
2026-03-24 19:38:23.316,120.0,18700495.0,23.0,0.0016943346903736,0
2026-03-24 19:38:36.130,120.5,18700877.0,23.0,0.0008332226170869,0
2026-03-24 19:38:38.316,120.5,18700877.0,23.0,0.0008332226170869,0
2026-03-24 19:38:51.130,121.0,18702362.0,23.0,0.0012502597779921,0
2026-03-24 19:38:53.316,121.0,18702362.0,23.0,0.0012502597779921,0
2026-03-24 19:39:06.130,121.5,18706294.0,23.0,0.0009168150371029,0
2026-03-24 19:39:08.316,121.5,18706294.0,23.0,0.0009168150371029,0
2026-03-24 19:39:21.130,122.0,18972498.0,23.0,0.0018330932466096,0
2026-03-24 19:39:23.316,122.0,18972498.0,23.0,0.0018330932466096,0
2026-03-24 19:39:36.130,122.5,18977718.0,23.0,0.0008608895308656,0
2026-03-24 19:39:38.316,122.5,18977718.0,23.0,0.0008608895308656,0
2026-03-24 19:39:51.130,123.0,18981524.0,23.0,0.0012225373953501,0
2026-03-24 19:39:53.316,123.0,18981524.0,23.0,0.0012225373953501,0
2026-03-24 19:40:06.130,123.5,18983575.0,23.0,0.0008330561846181,0
2026-03-24 19:40:08.316,123.5,18983575.0,23.0,0.0008330561846181,0
2026-03-24 19:40:21.130,124.0,19247221.0,23.0,0.0015831679867937,0
2026-03-24 19:40:23.316,124.0,19247221.0,23.0,0.0015831679867937,0
2026-03-24 19:40:36.130,124.5,19249344.0,23.0,0.000638611370099,0
2026-03-24 19:40:38.316,124.5,19249344.0,23.0,0.000638611370099,0
2026-03-24 19:40:51.130,125.0,19252590.0,23.0,0.0016114454323963,0
2026-03-24 19:40:53.316,125.0,19252590.0,23.0,0.0016114454323963,0
2026-03-24 19:41:06.130,125.5,19253376.0,23.0,0.0008052411725025,0
2026-03-24 19:41:08.316,125.5,19253376.0,23.0,0.0008052411725025,0
2026-03-24 19:41:21.130,126.0,19518733.0,23.0,0.0015545945900471,0
2026-03-24 19:41:23.316,126.0,19518733.0,23.0,0.0015545945900471,0
2026-03-24 19:41:36.130,126.5,19525712.0,23.0,0.0007221114319015,0
2026-03-24 19:41:38.316,126.5,19525712.0,23.0,0.0007221114319015,0
2026-03-24 19:41:51.130,127.0,19536153.0,23.0,0.0014719637527746,0
2026-03-24 19:41:53.316,127.0,19536153.0,23.0,0.0014719637527746,0
2026-03-24 19:42:06.130,127.5,19539965.0,23.0,0.0007221855307492,0
2026-03-24 19:42:08.316,127.5,19539965.0,23.0,0.0007221855307492,0
2026-03-24 19:42:21.130,128.0,19822662.0,23.0,0.00150022276563,0
2026-03-24 19:42:23.316,128.0,19822662.0,23.0,0.00150022276563,0
2026-03-24 19:42:36.130,128.5,19829027.0,23.0,0.0009997782712598,0
2026-03-24 19:42:38.316,128.5,19829027.0,23.0,0.0009997782712598,0
2026-03-24 19:42:51.130,129.0,19837419.0,23.0,0.0011670560620992,0
2026-03-24 19:42:53.316,129.0,19837419.0,23.0,0.0011670560620992,0
2026-03-24 19:43:06.130,129.5,19837771.0,23.0,0.0007498151602144,0
2026-03-24 19:43:08.316,129.5,19837771.0,23.0,0.0007498151602144,0
2026-03-24 19:43:21.130,130.0,20105083.0,23.0,0.0016106870952282,0
2026-03-24 19:43:23.316,130.0,20105083.0,23.0,0.0016106870952282,0
2026-03-24 19:43:36.130,130.5,20105611.0,23.0,0.0007220003209384,0
2026-03-24 19:43:38.316,130.5,20105611.0,23.0,0.0007220003209384,0
2026-03-24 19:43:51.130,131.0,20110859.0,23.0,0.0014722601484623,0
2026-03-24 19:43:53.316,131.0,20110859.0,23.0,0.0014722601484623,0
2026-03-24 19:44:06.130,131.5,20110859.0,23.0,0.0006942965677863,0
2026-03-24 19:44:08.316,131.5,20110859.0,23.0,0.0006942965677863,0
2026-03-24 19:44:21.130,132.0,20374043.0,23.0,0.0016110193702806,0
2026-03-24 19:44:23.316,132.0,20374043.0,23.0,0.0016110193702806,0
2026-03-24 19:44:36.130,132.5,20374043.0,23.0,0.0006663894440254,0
2026-03-24 19:44:38.316,132.5,20374043.0,23.0,0.0006663894440254,0
2026-03-24 19:44:51.130,133.0,20375451.0,23.0,0.0018605207133237,0
2026-03-24 19:44:53.316,133.0,20375451.0,23.0,0.0018605207133237,0
2026-03-24 19:45:06.130,133.5,20375451.0,23.0,0.001110204850512,0
2026-03-24 19:45:08.316,133.5,20375451.0,23.0,0.001110204850512,0
2026-03-24 19:45:21.130,134.0,20637595.0,23.0,0.0015003163820203,0
2026-03-24 19:45:23.316,134.0,20637595.0,23.0,0.0015003163820203,0
2026-03-24 19:45:36.130,134.5,20637595.0,23.0,0.0007498706047328,0
2026-03-24 19:45:38.316,134.5,20637595.0,23.0,0.0007498706047328,0
2026-03-24 19:45:51.130,135.0,20637595.0,23.0,0.0014171300867246,0
2026-03-24 19:45:53.316,135.0,20637595.0,23.0,0.0014171300867246,0
2026-03-24 19:46:06.130,135.5,20638880.0,23.0,0.0009714639125034,0
2026-03-24 19:46:08.316,135.5,20638880.0,23.0,0.0009714639125034,0
2026-03-24 19:46:21.130,136.0,20901024.0,23.0,0.0013613528275654,0
2026-03-24 19:46:23.316,136.0,20901024.0,23.0,0.0013613528275654,0
2026-03-24 19:46:36.130,136.5,20910401.0,23.0,0.0009716858388239,0
2026-03-24 19:46:38.316,136.5,20910401.0,23.0,0.0009716858388239,0
2026-03-24 19:46:51.130,137.0,20912015.0,23.0,0.0016941120983222,0
2026-03-24 19:46:53.316,137.0,20912015.0,23.0,0.0016941120983222,0
2026-03-24 19:47:06.130,137.5,21175087.0,23.0,0.0010549450980009,0
2026-03-24 19:47:08.316,137.5,21175087.0,23.0,0.0010549450980009,0
2026-03-24 19:47:21.130,138.0,21175367.0,23.0,0.0016389455672374,0
2026-03-24 19:47:23.316,138.0,21175367.0,23.0,0.0016389455672374,0
2026-03-24 19:47:36.130,138.5,21175735.0,23.0,0.0007499076419342,0
2026-03-24 19:47:38.316,138.5,21175735.0,23.0,0.0007499076419342,0
2026-03-24 19:47:51.130,139.0,21175735.0,23.0,0.0013055006049636,0
2026-03-24 19:47:53.316,139.0,21175735.0,23.0,0.0013055006049636,0
2026-03-24 19:48:06.130,139.5,21437879.0,23.0,0.0006390188026752,0
2026-03-24 19:48:08.316,139.5,21437879.0,23.0,0.0006390188026752,0
2026-03-24 19:48:21.130,140.0,21438590.0,23.0,0.0011669450497536,0
2026-03-24 19:48:23.316,140.0,21438590.0,23.0,0.0011669450497536,0
2026-03-24 19:48:36.130,140.5,21438814.0,23.0,0.0008052599007582,0
2026-03-24 19:48:38.316,140.5,21438814.0,23.0,0.0008052599007582,0
2026-03-24 19:48:51.130,141.0,21438926.0,23.0,0.0013332226915067,0
2026-03-24 19:48:53.316,141.0,21438926.0,23.0,0.0013332226915067,0
2026-03-24 19:49:06.130,141.5,21701463.0,23.0,0.0007772601466858,0
2026-03-24 19:49:08.316,141.5,21701463.0,23.0,0.0007772601466858,0
2026-03-24 19:49:21.130,142.0,21702215.0,23.0,0.001416574629737,0
2026-03-24 19:49:23.316,142.0,21702215.0,23.0,0.001416574629737,0
2026-03-24 19:49:36.130,142.5,21703031.0,23.0,0.0009439449747414,0
2026-03-24 19:49:38.316,142.5,21703031.0,23.0,0.0009439449747414,0
2026-03-24 19:49:51.130,143.0,21704761.0,23.0,0.0013054451604947,0
2026-03-24 19:49:53.316,143.0,21704761.0,23.0,0.0013054451604947,0
2026-03-24 19:50:06.130,143.5,21966905.0,23.0,0.0008327230974097,0
2026-03-24 19:50:08.316,143.5,21966905.0,23.0,0.0008327230974097,0
2026-03-24 19:50:21.130,144.0,21966905.0,23.0,0.00127788911121,0
2026-03-24 19:50:23.316,144.0,21966905.0,23.0,0.00127788911121,0
2026-03-24 19:50:36.130,144.5,21966905.0,23.0,0.0012218152589304,0
2026-03-24 19:50:38.316,144.5,21966905.0,23.0,0.0012218152589304,0
2026-03-24 19:50:51.130,145.0,21967068.0,23.0,0.0013887226048643,0
2026-03-24 19:50:53.316,145.0,21967068.0,23.0,0.0013887226048643,0
2026-03-24 19:51:06.130,145.5,22229212.0,23.0,0.0006389816173251,0
2026-03-24 19:51:08.316,145.5,22229212.0,23.0,0.0006389816173251,0
2026-03-24 19:51:21.130,146.0,22229212.0,23.0,0.0012776116911858,0
2026-03-24 19:51:23.316,146.0,22229212.0,23.0,0.0012776116911858,0
2026-03-24 19:51:36.130,146.5,22229468.0,23.0,0.0007220927777202,0
2026-03-24 19:51:38.316,146.5,22229468.0,23.0,0.0007220927777202,0
2026-03-24 19:51:51.130,147.0,22229468.0,23.0,0.0016386301972186,0
2026-03-24 19:51:53.316,147.0,22229468.0,23.0,0.0016386301972186,0
2026-03-24 19:52:06.130,147.5,22491708.0,23.0,0.000749963135786,0
2026-03-24 19:52:08.316,147.5,22491708.0,23.0,0.000749963135786,0
2026-03-24 19:52:21.130,148.0,22491769.0,23.0,0.0018326312819627,0
2026-03-24 19:52:23.316,148.0,22491769.0,23.0,0.0018326312819627,0
2026-03-24 19:52:36.130,148.5,22492137.0,23.0,0.0007499448273337,0
2026-03-24 19:52:38.316,148.5,22492137.0,23.0,0.0007499448273337,0
2026-03-24 19:52:51.130,149.0,22493466.0,23.0,0.0013051119006429,0
2026-03-24 19:52:53.316,149.0,22493466.0,23.0,0.0013051119006429,0
2026-03-24 19:53:06.130,149.5,22756138.0,23.0,0.0007778705062635,0
2026-03-24 19:53:08.316,149.5,22756138.0,23.0,0.0007778705062635,0
2026-03-24 19:53:21.130,150.0,22756346.0,23.0,0.001527667160198,0
2026-03-24 19:53:23.316,150.0,22756346.0,23.0,0.001527667160198,0
2026-03-24 19:53:36.130,150.5,22756730.0,23.0,0.0008607599618703,0
2026-03-24 19:53:38.316,150.5,22756730.0,23.0,0.0008607599618703,0
2026-03-24 19:53:51.130,151.0,23018874.0,23.0,0.0015271675176554,0
2026-03-24 19:53:53.316,151.0,23018874.0,23.0,0.0015271675176554,0
2026-03-24 19:54:06.130,151.5,23018874.0,23.0,0.0006948708030049,0
2026-03-24 19:54:08.316,151.5,23018874.0,23.0,0.0006948708030049,0
2026-03-24 19:54:21.130,152.0,23018874.0,23.0,0.0021371873797412,0
2026-03-24 19:54:23.316,152.0,23018874.0,23.0,0.0021371873797412,0
2026-03-24 19:54:36.130,152.5,23018874.0,23.0,0.0006941485921652,0
2026-03-24 19:54:38.316,152.5,23018874.0,23.0,0.0006941485921652,0
2026-03-24 19:54:51.130,153.0,23281018.0,25.0,0.0013888337407656,0
2026-03-24 19:54:53.316,153.0,23281018.0,25.0,0.0013888337407656,0
2026-03-24 19:55:06.130,153.5,23281018.0,23.0,0.0007777223086173,0
2026-03-24 19:55:08.316,153.5,23281018.0,23.0,0.0007777223086173,0
2026-03-24 19:55:21.130,154.0,23281018.0,23.0,0.0017491121223717,0
2026-03-24 19:55:23.316,154.0,23281018.0,23.0,0.0017491121223717,0
2026-03-24 19:55:36.130,154.5,23281130.0,23.0,0.000777796876849,0
2026-03-24 19:55:38.316,154.5,23281130.0,23.0,0.000777796876849,0
2026-03-24 19:55:51.130,155.0,23543642.0,23.0,0.0013055934075731,0
2026-03-24 19:55:53.316,155.0,23543642.0,23.0,0.0013055934075731,0
2026-03-24 19:56:06.130,155.5,23543642.0,23.0,0.0006942965925763,0
2026-03-24 19:56:08.316,155.5,23543642.0,23.0,0.0006942965925763,0
2026-03-24 19:56:21.130,156.0,23543642.0,23.0,0.001500259852264,0
2026-03-24 19:56:23.316,156.0,23543642.0,23.0,0.001500259852264,0
2026-03-24 19:56:36.130,156.5,23543834.0,23.0,0.0008886114194818,0
2026-03-24 19:56:38.316,156.5,23543834.0,23.0,0.0008886114194818,0
2026-03-24 19:56:51.130,157.0,23805978.0,23.0,0.0015552798355424,0
2026-03-24 19:56:53.316,157.0,23805978.0,23.0,0.0015552798355424,0
2026-03-24 19:57:06.130,157.5,23806090.0,23.0,0.0008887413825522,0
2026-03-24 19:57:08.316,157.5,23806090.0,23.0,0.0008887413825522,0
2026-03-24 19:57:21.130,158.0,23808581.0,25.0,0.0015827087732244,0
2026-03-24 19:57:23.316,158.0,23808581.0,25.0,0.0015827087732244,0
2026-03-24 19:57:36.130,158.5,17770060.0,23.0,0.0012212051211318,0
2026-03-24 19:57:38.316,158.5,17770060.0,23.0,0.0012212051211318,0
2026-03-24 19:57:51.130,159.0,17774035.0,23.0,0.0014164828631809,0
2026-03-24 19:57:53.316,159.0,17774035.0,23.0,0.0014164828631809,0
2026-03-24 19:58:06.130,159.5,17775475.0,23.0,0.0007221299380826,0
2026-03-24 19:58:08.316,159.5,17775475.0,23.0,0.0007221299380826,0
2026-03-24 19:58:21.130,160.0,18040086.0,23.0,0.0015558155313753,0
2026-03-24 19:58:23.316,160.0,18040086.0,23.0,0.0015558155313753,0
2026-03-24 19:58:36.130,160.5,18041503.0,23.0,0.0006663891725682,0
2026-03-24 19:58:38.316,160.5,18041503.0,23.0,0.0006663891725682,0
2026-03-24 19:58:51.130,161.0,18042750.0,23.0,0.0013330564068407,0
2026-03-24 19:58:53.316,161.0,18042750.0,23.0,0.0013330564068407,0
2026-03-24 19:59:06.130,161.5,18042750.0,23.0,0.0007499446049136,0
2026-03-24 19:59:08.316,161.5,18042750.0,23.0,0.0007499446049136,0
2026-03-24 19:59:21.130,162.0,18043022.0,23.0,0.0014721861480837,0
2026-03-24 19:59:23.316,162.0,18043022.0,23.0,0.0014721861480837,0
2026-03-24 19:59:36.130,162.5,18043022.0,23.0,0.0006665001849632,0
2026-03-24 19:59:38.316,162.5,18043022.0,23.0,0.0006665001849632,0
2026-03-24 19:59:51.130,163.0,18043022.0,23.0,0.0012504637410957,0
2026-03-24 19:59:53.316,163.0,18043022.0,23.0,0.0012504637410957,0
2026-03-24 20:00:06.130,163.5,18305166.0,23.0,0.0009719081841093,0
2026-03-24 20:00:08.316,163.5,18305166.0,23.0,0.0009719081841093,0
2026-03-24 20:00:21.130,164.0,18305166.0,23.0,0.0016382791463984,0
2026-03-24 20:00:23.316,164.0,18305166.0,23.0,0.0016382791463984,0
2026-03-24 20:00:36.130,164.5,18305166.0,23.0,0.0008053892467411,0
2026-03-24 20:00:38.316,164.5,18305166.0,23.0,0.0008053892467411,0
2026-03-24 20:00:51.130,165.0,18305166.0,23.0,0.0013334641847026,0
2026-03-24 20:00:53.316,165.0,18305166.0,23.0,0.0013334641847026,0
2026-03-24 20:01:06.130,165.5,18567310.0,23.0,0.0007219633083296,0
2026-03-24 20:01:08.316,165.5,18567310.0,23.0,0.0007219633083296,0
2026-03-24 20:01:21.130,166.0,18567310.0,23.0,0.0014717067090292,0
2026-03-24 20:01:23.316,166.0,18567310.0,23.0,0.0014717067090292,0
2026-03-24 20:01:36.130,166.5,18567310.0,23.0,0.0007776299503543,0
2026-03-24 20:01:38.316,166.5,18567310.0,23.0,0.0007776299503543,0
2026-03-24 20:01:51.130,167.0,18829454.0,23.0,0.0018875032380282,0
2026-03-24 20:01:53.316,167.0,18829454.0,23.0,0.0018875032380282,0
2026-03-24 20:02:06.130,167.5,18829454.0,23.0,0.0010268738269553,0
2026-03-24 20:02:08.316,167.5,18829454.0,23.0,0.0010268738269553,0
2026-03-24 20:02:21.130,168.0,18829454.0,23.0,0.0013616303463548,0
2026-03-24 20:02:23.316,168.0,18829454.0,23.0,0.0013616303463548,0
2026-03-24 20:02:36.130,168.5,18830430.0,23.0,0.0009165374197945,0
2026-03-24 20:02:38.316,168.5,18830430.0,23.0,0.0009165374197945,0
2026-03-24 20:02:51.130,169.0,19092766.0,23.0,0.0013335191610215,0
2026-03-24 20:02:53.316,169.0,19092766.0,23.0,0.0013335191610215,0
2026-03-24 20:03:06.130,169.5,19092766.0,23.0,0.00086077839447,0
2026-03-24 20:03:08.316,169.5,19092766.0,23.0,0.00086077839447,0
2026-03-24 20:03:21.130,170.0,19092766.0,23.0,0.0012499636295152,0
2026-03-24 20:03:23.316,170.0,19092766.0,23.0,0.0012499636295152,0
2026-03-24 20:03:36.130,170.5,19092766.0,23.0,0.0009163152465108,0
2026-03-24 20:03:38.316,170.5,19092766.0,23.0,0.0009163152465108,0
2026-03-24 20:03:51.130,171.0,19354910.0,23.0,0.0016102064740904,0
2026-03-24 20:03:53.316,171.0,19354910.0,23.0,0.0016102064740904,0
2026-03-24 20:04:06.130,171.5,19355080.0,23.0,0.001277130332651,0
2026-03-24 20:04:08.316,171.5,19355080.0,23.0,0.001277130332651,0
2026-03-24 20:04:21.130,172.0,19357067.0,23.0,0.0011383547241712,0
2026-03-24 20:04:23.316,172.0,19357067.0,23.0,0.0011383547241712,0
2026-03-24 20:04:36.130,172.5,19357067.0,23.0,0.0011104083444303,0
2026-03-24 20:04:38.316,172.5,19357067.0,23.0,0.0011104083444303,0
2026-03-24 20:04:51.130,173.0,19619211.0,23.0,0.001250093099153,0
2026-03-24 20:04:53.316,173.0,19619211.0,23.0,0.001250093099153,0
2026-03-24 20:05:06.130,173.5,19619211.0,23.0,0.00119394497484,0
2026-03-24 20:05:08.316,173.5,19619211.0,23.0,0.00119394497484,0
2026-03-24 20:05:21.130,174.0,19619211.0,23.0,0.0008611683554907,0
2026-03-24 20:05:23.316,174.0,19619211.0,23.0,0.0008611683554907,0
2026-03-24 20:05:36.130,174.5,19619307.0,23.0,0.0013599467481844,0
2026-03-24 20:05:38.316,174.5,19619307.0,23.0,0.0013599467481844,0
2026-03-24 20:05:51.130,175.0,19882251.0,23.0,0.0013615931855972,0
2026-03-24 20:05:53.316,175.0,19882251.0,23.0,0.0013615931855972,0
2026-03-24 20:06:06.130,175.5,19882251.0,23.0,0.0009440560612105,0
2026-03-24 20:06:08.316,175.5,19882251.0,23.0,0.0009440560612105,0
2026-03-24 20:06:21.130,176.0,19882251.0,23.0,0.0008887421699181,0
2026-03-24 20:06:23.316,176.0,19882251.0,23.0,0.0008887421699181,0
2026-03-24 20:06:36.130,176.5,20144395.0,23.0,0.0010000560619511,0
2026-03-24 20:06:38.316,176.5,20144395.0,23.0,0.0010000560619511,0
2026-03-24 20:06:51.130,177.0,20144491.0,23.0,0.0011112965927244,0
2026-03-24 20:06:53.316,177.0,20144491.0,23.0,0.0011112965927244,0
2026-03-24 20:07:06.130,177.5,20144491.0,23.0,0.0008609447775559,0
2026-03-24 20:07:08.316,177.5,20144491.0,23.0,0.0008609447775559,0
2026-03-24 20:07:21.130,178.0,20145067.0,23.0,0.0012777226544448,0
2026-03-24 20:07:23.316,178.0,20145067.0,23.0,0.0012777226544448,0
2026-03-24 20:07:36.130,178.5,20145067.0,23.0,0.001111148444461,0
2026-03-24 20:07:38.316,178.5,20145067.0,23.0,0.001111148444461,0
2026-03-24 20:07:51.130,179.0,20409275.0,23.0,0.0016657435481562,0
2026-03-24 20:07:53.316,179.0,20409275.0,23.0,0.0016657435481562,0
2026-03-24 20:08:06.130,179.5,20409835.0,23.0,0.0008053708144368,0
2026-03-24 20:08:08.316,179.5,20409835.0,23.0,0.0008053708144368,0
2026-03-24 20:08:21.130,180.0,20410635.0,23.0,0.0011946301484779,0
2026-03-24 20:08:23.316,180.0,20410635.0,23.0,0.0011946301484779,0
2026-03-24 20:08:36.130,180.5,20410635.0,23.0,0.0012219085297396,0
2026-03-24 20:08:38.316,180.5,20410635.0,23.0,0.0012219085297396,0
2026-03-24 20:08:51.130,181.0,20673131.0,23.0,0.0010831488878212,0
2026-03-24 20:08:53.316,181.0,20673131.0,23.0,0.0010831488878212,0
2026-03-24 20:09:06.130,181.5,20673131.0,23.0,0.0013048896534825,0
2026-03-24 20:09:08.316,181.5,20673131.0,23.0,0.0013048896534825,0
2026-03-24 20:09:21.130,182.0,20673131.0,23.0,0.0008890376049555,0
2026-03-24 20:09:23.316,182.0,20673131.0,23.0,0.0008890376049555,0
2026-03-24 20:09:36.130,182.5,20679803.0,23.0,0.0016382799588996,0
2026-03-24 20:09:38.316,182.5,20679803.0,23.0,0.0016382799588996,0
2026-03-24 20:09:51.130,183.0,20941947.0,23.0,0.0012495567153106,0
2026-03-24 20:09:53.316,183.0,20941947.0,23.0,0.0012495567153106,0
2026-03-24 20:10:06.130,183.5,20941947.0,23.0,0.0012222781605186,0
2026-03-24 20:10:08.316,183.5,20941947.0,23.0,0.0012222781605186,0
2026-03-24 20:10:21.130,184.0,20941947.0,23.0,0.0013053526787751,0
2026-03-24 20:10:23.316,184.0,20941947.0,23.0,0.0013053526787751,0
2026-03-24 20:10:36.130,184.5,21204363.0,23.0,0.001305297258406,0
2026-03-24 20:10:38.316,184.5,21204363.0,23.0,0.001305297258406,0
2026-03-24 20:10:51.130,185.0,21204363.0,23.0,0.0008611857535153,0
2026-03-24 20:10:53.316,185.0,21204363.0,23.0,0.0008611857535153,0
2026-03-24 20:11:06.130,185.5,21204363.0,23.0,0.0010831302095399,0
2026-03-24 20:11:08.316,185.5,21204363.0,23.0,0.0010831302095399,0
2026-03-24 20:11:21.130,186.0,21204363.0,23.0,0.0010554447651855,0
2026-03-24 20:11:23.316,186.0,21204363.0,23.0,0.0010554447651855,0
2026-03-24 20:11:36.130,186.5,21467520.0,23.0,0.002081947711294,0
2026-03-24 20:11:38.316,186.5,21467520.0,23.0,0.002081947711294,0
2026-03-24 20:11:51.130,187.0,21467920.0,23.0,0.0013887414811696,0
2026-03-24 20:11:53.316,187.0,21467920.0,23.0,0.0013887414811696,0
2026-03-24 20:12:06.130,187.5,21468272.0,23.0,0.0008054632714654,0
2026-03-24 20:12:08.316,187.5,21468272.0,23.0,0.0008054632714654,0
2026-03-24 20:12:21.130,188.0,21468272.0,23.0,0.0011939821352024,0
2026-03-24 20:12:23.316,188.0,21468272.0,23.0,0.0011939821352024,0
2026-03-24 20:12:36.130,188.5,21730416.0,23.0,0.0014712080966915,0
2026-03-24 20:12:38.316,188.5,21730416.0,23.0,0.0014712080966915,0
2026-03-24 20:12:51.130,1437.0,20872234.0,114.0,0.0531514715289156,1
2026-03-24 20:12:53.316,1437.0,20872234.0,114.0,0.0531514715289156,1
2026-03-24 20:13:06.130,1437.3333333333333,20800922.0,114.0,0.0011936679729921,1
2026-03-24 20:13:08.316,1437.3333333333333,20800922.0,114.0,0.0011936679729921,1
2026-03-24 20:13:21.130,1437.6666666666667,20803354.0,114.0,0.0026413200452434,1
2026-03-24 20:13:23.316,1437.6666666666667,20803354.0,114.0,0.0026413200452434,1
2026-03-24 20:13:36.130,1438.0,20803498.0,114.0,0.0016103529001579,1
2026-03-24 20:13:38.316,1438.0,20803498.0,114.0,0.0016103529001579,1
2026-03-24 20:13:51.130,1438.3333333333333,21066602.0,23.0,0.0013059266422889,0
2026-03-24 20:13:53.316,1438.3333333333333,21066602.0,23.0,0.0013059266422889,0
2026-03-24 20:14:06.130,1438.6666666666667,21330258.0,23.0,0.0013881679611636,0
2026-03-24 20:14:08.316,1438.6666666666667,21330258.0,23.0,0.0013881679611636,0
2026-03-24 20:14:21.130,1439.0,21332533.0,23.0,0.0015002598279194,0
2026-03-24 20:14:23.316,1439.0,21332533.0,23.0,0.0015002598279194,0
2026-03-24 20:14:36.130,1439.3333333333333,21339147.0,23.0,0.0013325755893007,0
2026-03-24 20:14:38.316,1439.3333333333333,21339147.0,23.0,0.0013325755893007,0
2026-03-24 20:14:51.130,1439.6666666666667,21348889.0,23.0,0.0012780747165769,0
2026-03-24 20:14:53.316,1439.6666666666667,21348889.0,23.0,0.0012780747165769,0
2026-03-24 20:15:06.130,1440.0,21618025.0,25.0,0.0011387226790373,0
2026-03-24 20:15:08.316,1440.0,21618025.0,25.0,0.0011387226790373,0
2026-03-24 20:15:21.130,1440.3333333333333,21619241.0,23.0,0.001305796950725,0
2026-03-24 20:15:23.316,1440.3333333333333,21619241.0,23.0,0.001305796950725,0
2026-03-24 20:15:36.130,1440.6666666666667,21619241.0,23.0,0.0013328895550131,0
2026-03-24 20:15:38.316,1440.6666666666667,21619241.0,23.0,0.0013328895550131,0
2026-03-24 20:15:51.130,1441.0,21619241.0,23.0,0.0011944449878029,0
2026-03-24 20:15:53.316,1441.0,21619241.0,23.0,0.0011944449878029,0
2026-03-24 20:16:08.316,1441.3333333333333,21881385.0,23.0,0.0011659486156871,0
2026-03-24 20:16:23.316,1441.6666666666667,21884121.0,23.0,0.0013885568610948,0
2026-03-24 20:16:38.316,1442.0,21884121.0,23.0,0.0013324487249034,0
2026-03-24 20:16:53.316,1442.3333333333333,22146809.0,23.0,0.0015548717638964,0
2026-03-24 20:17:08.316,1442.6666666666667,22146809.0,23.0,0.0014996861107752,0
2026-03-24 20:17:23.316,1443.0,22146969.0,23.0,0.0011110931726838,0
2026-03-24 20:17:38.316,1443.3333333333333,22146969.0,23.0,0.0010831672713339,0
2026-03-24 20:17:53.316,1443.6666666666667,22409113.0,23.0,0.0011947785190143,0
2026-03-24 20:18:08.316,1444.0,22409417.0,23.0,0.0010830379249078,0
2026-03-24 20:18:23.316,1444.3333333333333,22415289.0,23.0,0.0409854781247818,1
2026-03-24 20:18:38.316,1444.6666666666667,22415721.0,23.0,0.0853291825370056,1
2026-03-24 20:18:53.316,1445.0,22677865.0,23.0,0.0855305195280409,1
2026-03-24 20:19:08.316,1445.3333333333333,22678777.0,23.0,0.0850550340517851,1
2026-03-24 20:19:23.316,1445.6666666666667,22679337.0,23.0,0.0518224519075556,1
2026-03-24 20:19:38.316,1446.0,22680057.0,23.0,0.0014161675181491,0
2026-03-24 20:19:53.316,1446.6666666666667,22943270.0,24.0,0.0201385937026366,1
2026-03-24 20:20:08.316,1448.3333333333333,22958182.0,27.0,0.0962146262178619,1
2026-03-24 20:20:23.316,1448.6666666666667,22960886.0,23.0,0.0268181571165641,1
2026-03-24 20:20:38.316,1449.0,23223542.0,23.0,0.0012495009498532,0
2026-03-24 20:20:53.316,1087.25,281720511.0,23.0,0.0038101004202617,0
2026-03-24 20:21:08.316,1088.25,357484303.0,26.0,0.0025269836378789,1
2026-03-24 20:27:08.316,1.0,65222662.0,25.0,0.0,0
2026-03-24 20:27:23.316,1.0,278360352.0,23.0,0.0204195026620302,0
2026-03-24 20:27:38.316,1.3333333333333333,278379841.0,23.0,0.0014994269986115,0
2026-03-24 20:27:53.316,1.6666666666666667,278405883.0,23.0,0.0007502225438533,0
2026-03-24 20:28:08.316,2.0,278436932.0,23.0,0.0012498716907614,0
2026-03-24 20:28:23.316,2.3333333333333335,278445345.0,23.0,0.0017219266168073,0
2026-03-24 20:28:38.316,2.6666666666666665,278458433.0,23.0,0.0013329641466045,0
2026-03-24 20:28:53.316,3.0,278730382.0,23.0,0.0012764115654731,0
2026-03-24 20:29:08.316,3.3333333333333335,278746351.0,23.0,0.0010558155063382,0
2026-03-24 20:29:23.316,3.6666666666666665,278756468.0,23.0,0.0013056302718359,0
2026-03-24 20:29:38.316,4.0,278450030.0,23.0,0.001137816491083,0
2026-03-24 20:29:53.316,4.333333333333333,278457381.0,23.0,0.0010835192100585,0
2026-03-24 20:30:08.316,4.666666666666667,278463826.0,23.0,0.0009999637530713,0
2026-03-24 20:30:23.316,5.0,278477087.0,23.0,0.0016111867155427,0
2026-03-24 20:30:38.316,5.333333333333333,278743112.0,23.0,0.0014437605536742,0
2026-03-24 20:30:53.316,5.666666666666667,278751647.0,23.0,0.0006666856173424,0
2026-03-24 20:31:08.316,6.0,278765287.0,23.0,0.0011108339134081,0
2026-03-24 20:31:23.316,6.333333333333333,279030327.0,23.0,0.0011666674814331,0
2026-03-24 20:31:38.316,6.666666666666667,279037124.0,23.0,0.0011660206498474,0
2026-03-24 20:31:53.316,7.0,279043183.0,23.0,0.0011388336419507,0
2026-03-24 20:32:08.316,7.333333333333333,279047048.0,23.0,0.0012218523207247,0
2026-03-24 20:32:23.316,7.666666666666667,279324962.0,23.0,0.0012501672720255,0
2026-03-24 20:32:38.316,8.0,279328978.0,23.0,0.0013052053936264,0
2026-03-24 20:32:53.316,8.333333333333334,279336119.0,23.0,0.0011384820241159,0
2026-03-24 20:33:08.316,8.666666666666666,278569336.0,23.0,0.0013887978391733,0
2026-03-24 20:33:23.316,9.0,278573124.0,23.0,0.001444315617178,0
2026-03-24 20:33:38.316,9.333333333333334,278585244.0,23.0,0.0012493712088085,0
2026-03-24 20:33:53.316,9.666666666666666,278849721.0,23.0,0.0008888896544211,0
2026-03-24 20:34:08.316,10.0,278861075.0,23.0,0.001305759617424,0
2026-03-24 20:34:23.316,10.333333333333334,278866124.0,23.0,0.0015551304562562,0
2026-03-24 20:34:38.316,10.666666666666666,278871495.0,23.0,0.0011116857906755,0
2026-03-24 20:34:53.316,11.0,279139900.0,23.0,0.0009444634691943,0
2026-03-24 20:35:08.316,11.333333333333334,279148862.0,23.0,0.0011109077159589,0
2026-03-24 20:35:23.316,11.666666666666666,279154487.0,23.0,0.0013610562592354,0
2026-03-24 20:35:38.316,143.75,23726409.0,23.0,0.0096669289061999,0
2026-03-24 20:35:53.316,259.25,26904955.0,23.0,0.0045566374722807,0
2026-03-24 20:36:08.316,259.5,26908722.0,23.0,0.0013881693136294,0
2026-03-24 20:36:23.316,259.75,26914393.0,23.0,0.0014162978242392,0
2026-03-24 20:36:38.316,510.0,32814349.0,23.0,0.0054980285437101,0
2026-03-24 20:36:53.316,510.25,32672077.0,23.0,0.0008611669754323,0
2026-03-25 22:17:35.943,1.0,17698199.0,23.0,0.0092259743569962,0
2026-03-25 22:17:39.574,1.0,17698199.0,23.0,0.0092259743569962,0
2026-03-25 22:17:50.943,2.0,17982655.0,23.0,0.009536975614415,0
2026-03-25 22:17:54.574,2.0,17982655.0,23.0,0.009536975614415,0
2026-03-25 22:18:05.943,3.0,17999087.0,23.0,0.0093620732878491,0
2026-03-25 22:18:09.574,3.0,17999087.0,23.0,0.0093620732878491,0
2026-03-25 22:18:20.943,4.0,18025657.0,23.0,0.0089791620785821,0
2026-03-25 22:18:24.574,4.0,18025657.0,23.0,0.0089791620785821,0
2026-03-25 22:18:35.943,5.0,18298439.0,23.0,0.008726855527246,0
2026-03-25 22:18:39.574,5.0,18298439.0,23.0,0.008726855527246,0
2026-03-25 22:18:50.943,6.0,18305313.0,23.0,0.0091789188652705,0
2026-03-25 22:18:54.574,6.0,18305313.0,23.0,0.0091789188652705,0
2026-03-25 22:19:05.943,7.0,18322495.0,23.0,0.0085877696323992,0
2026-03-25 22:19:09.574,7.0,18322495.0,23.0,0.0085877696323992,0
2026-03-25 22:19:20.943,8.0,18345347.0,23.0,0.0138987936273471,0
2026-03-25 22:19:24.574,8.0,18345347.0,23.0,0.0138987936273471,0
2026-03-25 22:19:35.943,9.0,18614537.0,23.0,0.0080908944909857,0
2026-03-25 22:19:39.574,9.0,18614537.0,23.0,0.0080908944909857,0
2026-03-25 22:19:50.943,10.0,18621795.0,23.0,0.0089281190196665,0
2026-03-25 22:19:54.574,10.0,18621795.0,23.0,0.0089281190196665,0
2026-03-25 22:20:05.943,11.0,18634464.0,23.0,0.0081706125719365,0
2026-03-25 22:20:09.574,11.0,18634464.0,23.0,0.0081706125719365,0
2026-03-25 22:20:20.943,12.0,18647454.0,23.0,0.0099248986452654,0
2026-03-25 22:20:24.574,12.0,18647454.0,23.0,0.0099248986452654,0
2026-03-25 22:20:35.943,13.0,18915053.0,23.0,0.0083686363773997,0
2026-03-25 22:20:39.574,13.0,18915053.0,23.0,0.0083686363773997,0
2026-03-25 22:20:50.943,14.0,18919466.0,23.0,0.0098976851693061,0
2026-03-25 22:20:54.574,14.0,18919466.0,23.0,0.0098976851693061,0
2026-03-25 22:21:05.943,15.0,18922108.0,23.0,0.0078979101829737,0
2026-03-25 22:21:09.574,15.0,18922108.0,23.0,0.0078979101829737,0
2026-03-25 22:21:20.943,16.0,19202592.0,23.0,0.0102551067328321,0
2026-03-25 22:21:24.574,16.0,19202592.0,23.0,0.0102551067328321,0
2026-03-25 22:21:35.943,17.0,19204112.0,23.0,0.0083939728111571,0
2026-03-25 22:21:39.574,17.0,19204112.0,23.0,0.0083939728111571,0
2026-03-25 22:21:50.943,18.0,19214491.0,23.0,0.0092816414799635,0
2026-03-25 22:21:54.574,18.0,19214491.0,23.0,0.0092816414799635,0
2026-03-25 22:22:05.943,19.0,19216319.0,23.0,0.0085621192049511,0
2026-03-25 22:22:09.574,19.0,19216319.0,23.0,0.0085621192049511,0
2026-03-25 22:22:20.943,20.0,19485272.0,23.0,0.0096471692035824,0
2026-03-25 22:22:24.574,20.0,19485272.0,23.0,0.0096471692035824,0
2026-03-25 22:22:35.943,21.0,19488474.0,23.0,0.0092574534047893,0
2026-03-25 22:22:39.574,21.0,19488474.0,23.0,0.0092574534047893,0
2026-03-25 22:22:50.943,22.0,19491898.0,23.0,0.0093974031476079,0
2026-03-25 22:22:54.574,22.0,19491898.0,23.0,0.0093974031476079,0
2026-03-25 22:23:05.943,23.0,19501298.0,23.0,0.0102210216894478,0
2026-03-25 22:23:09.574,23.0,19501298.0,23.0,0.0102210216894478,0
2026-03-25 22:23:20.943,24.0,19768842.0,23.0,0.0087908734983091,0
2026-03-25 22:23:24.574,24.0,19768842.0,23.0,0.0087908734983091,0
2026-03-25 22:23:35.943,25.0,19773134.0,23.0,0.0087034817877667,0
2026-03-25 22:23:39.574,25.0,19773134.0,23.0,0.0087034817877667,0
2026-03-25 22:23:50.943,26.0,19779425.0,23.0,0.0094812868405039,0
2026-03-25 22:23:54.574,26.0,19779425.0,23.0,0.0094812868405039,0
2026-03-25 22:24:05.943,27.0,19779997.0,23.0,0.0086172405808507,0
2026-03-25 22:24:09.574,27.0,19779997.0,23.0,0.0086172405808507,0
2026-03-25 22:24:20.943,28.0,20047221.0,23.0,0.0098415354362509,0
2026-03-25 22:24:24.574,28.0,20047221.0,23.0,0.0098415354362509,0
2026-03-25 22:24:35.943,29.0,20051664.0,23.0,0.0078154642625455,0
2026-03-25 22:24:39.574,29.0,20051664.0,23.0,0.0078154642625455,0
2026-03-25 22:24:50.943,30.0,20063363.0,23.0,0.0093387682557121,0
2026-03-25 22:24:54.574,30.0,20063363.0,23.0,0.0093387682557121,0
2026-03-25 22:25:05.943,31.0,20334802.0,23.0,0.0087290182475856,0
2026-03-25 22:25:09.574,31.0,20334802.0,23.0,0.0087290182475856,0
2026-03-25 22:25:20.943,32.0,20344678.0,23.0,0.0099740703992808,0
2026-03-25 22:25:24.574,32.0,20344678.0,23.0,0.0099740703992808,0
2026-03-25 22:25:35.943,33.0,20345815.0,23.0,0.0088118350721668,0
2026-03-25 22:25:39.574,33.0,20345815.0,23.0,0.0088118350721668,0
2026-03-25 22:25:50.943,34.0,20346669.0,23.0,0.0082943948948248,0
2026-03-25 22:25:54.574,34.0,20346669.0,23.0,0.0082943948948248,0
2026-03-25 22:26:05.943,35.0,20614844.0,23.0,0.0081209777548044,0
2026-03-25 22:26:09.574,35.0,20614844.0,23.0,0.0081209777548044,0
2026-03-25 22:26:20.943,36.0,20617473.0,23.0,0.0087896899401056,0
2026-03-25 22:26:24.574,36.0,20617473.0,23.0,0.0087896899401056,0
2026-03-25 22:26:35.943,37.0,20620569.0,23.0,0.0088113885941392,0
2026-03-25 22:26:39.574,37.0,20620569.0,23.0,0.0088113885941392,0
2026-03-25 22:26:50.943,38.0,20892616.0,23.0,0.0092872480046878,0
2026-03-25 22:26:54.574,38.0,20892616.0,23.0,0.0092872480046878,0
2026-03-25 22:27:05.943,39.0,20895174.0,23.0,0.0077013098537721,0
2026-03-25 22:27:09.574,39.0,20895174.0,23.0,0.0077013098537721,0
2026-03-25 22:27:20.943,40.0,20901328.0,23.0,0.0095924074469574,0
2026-03-25 22:27:24.574,40.0,20901328.0,23.0,0.0095924074469574,0
2026-03-25 22:27:35.943,41.0,20902611.0,23.0,0.0097535099309262,0
2026-03-25 22:27:39.574,41.0,20902611.0,23.0,0.0097535099309262,0
2026-03-25 22:27:50.943,42.0,21170746.0,23.0,0.0088964003850098,0
2026-03-25 22:27:54.574,42.0,21170746.0,23.0,0.0088964003850098,0
2026-03-25 22:28:05.943,43.0,21179428.0,23.0,0.010031521265579,0
2026-03-25 22:28:09.574,43.0,21179428.0,23.0,0.010031521265579,0
2026-03-25 22:28:20.943,44.0,21186689.0,23.0,0.0090080600558956,0
2026-03-25 22:28:24.574,44.0,21186689.0,23.0,0.0090080600558956,0
2026-03-25 22:28:35.943,45.0,21188852.0,23.0,0.0083442368733779,0
2026-03-25 22:28:39.574,45.0,21188852.0,23.0,0.0083442368733779,0
2026-03-25 22:28:50.943,46.0,21452487.0,23.0,0.0085935871376393,0
2026-03-25 22:28:54.574,46.0,21452487.0,23.0,0.0085935871376393,0
2026-03-25 22:29:05.943,47.0,21455455.0,23.0,0.0084474659251641,0
2026-03-25 22:29:09.574,47.0,21455455.0,23.0,0.0084474659251641,0
2026-03-25 22:29:20.943,48.0,21468089.0,23.0,0.0096407246564184,0
2026-03-25 22:29:24.574,48.0,21468089.0,23.0,0.0096407246564184,0
2026-03-25 22:29:35.943,49.0,21474465.0,23.0,0.0094464221560798,0
2026-03-25 22:29:39.574,49.0,21474465.0,23.0,0.0094464221560798,0
2026-03-25 22:29:50.943,50.0,21739832.0,23.0,0.0093112113638047,0
2026-03-25 22:29:54.574,50.0,21739832.0,23.0,0.0093112113638047,0
2026-03-25 22:30:05.943,51.0,21744946.0,23.0,0.0080925298099735,0
2026-03-25 22:30:09.574,51.0,21744946.0,23.0,0.0080925298099735,0
2026-03-25 22:30:20.943,52.0,21752965.0,23.0,0.0103671324685187,0
2026-03-25 22:30:24.574,52.0,21752965.0,23.0,0.0103671324685187,0
2026-03-25 22:30:35.943,53.0,21760536.0,23.0,0.0086773720006238,0
2026-03-25 22:30:39.574,53.0,21760536.0,23.0,0.0086773720006238,0
2026-03-25 22:30:50.943,54.0,22028105.0,23.0,0.0090072223316738,0
2026-03-25 22:30:54.574,54.0,22028105.0,23.0,0.0090072223316738,0
2026-03-25 22:31:05.943,55.0,22033157.0,23.0,0.0091436248488436,0
2026-03-25 22:31:09.574,55.0,22033157.0,23.0,0.0091436248488436,0
2026-03-25 22:31:20.943,56.0,22036705.0,23.0,0.0092790442946801,0
2026-03-25 22:31:24.574,56.0,22036705.0,23.0,0.0092790442946801,0
2026-03-25 22:31:35.943,57.0,22040970.0,23.0,0.0090911324020111,0
2026-03-25 22:31:39.574,57.0,22040970.0,23.0,0.0090911324020111,0
2026-03-25 22:31:50.943,58.0,22306256.0,23.0,0.0089259551525438,0
2026-03-25 22:31:54.574,58.0,22306256.0,23.0,0.0089259551525438,0
2026-03-25 22:32:05.943,59.0,22307216.0,23.0,0.007619580370295,0
2026-03-25 22:32:09.574,59.0,22307216.0,23.0,0.007619580370295,0
2026-03-25 22:32:20.943,60.0,22309706.0,23.0,0.0095304385094166,0
2026-03-25 22:32:24.574,60.0,22309706.0,23.0,0.0095304385094166,0
2026-03-25 22:32:35.943,61.0,22316497.0,23.0,0.0090060591184705,0
2026-03-25 22:32:39.574,61.0,22316497.0,23.0,0.0090060591184705,0
2026-03-25 22:32:50.943,62.0,22582934.0,23.0,0.0086477667121963,0
2026-03-25 22:32:54.574,62.0,22582934.0,23.0,0.0086477667121963,0
2026-03-25 22:33:05.943,63.0,22804340.0,23.0,0.009892186606833,0
2026-03-25 22:33:09.574,63.0,22804340.0,23.0,0.009892186606833,0
2026-03-25 22:33:20.943,64.0,22612423.0,23.0,0.0098087505485317,0
2026-03-25 22:33:24.574,64.0,22612423.0,23.0,0.0098087505485317,0
2026-03-25 22:33:35.943,65.0,16913828.0,23.0,0.008664917579405,0
2026-03-25 22:33:39.574,65.0,16913828.0,23.0,0.008664917579405,0
2026-03-25 22:33:50.943,66.0,16915931.0,23.0,0.0091525826653056,0
2026-03-25 22:33:54.574,66.0,16915931.0,23.0,0.0091525826653056,0
2026-03-25 22:34:05.943,67.0,17178411.0,23.0,0.00847717445686,0
2026-03-25 22:34:09.574,67.0,17178411.0,23.0,0.00847717445686,0
2026-03-25 22:34:20.943,68.0,17181667.0,23.0,0.0090428516185633,0
2026-03-25 22:34:24.574,68.0,17181667.0,23.0,0.0090428516185633,0
2026-03-25 22:34:35.943,69.0,17182375.0,23.0,0.009255399787664,0
2026-03-25 22:34:39.574,69.0,17182375.0,23.0,0.009255399787664,0
2026-03-25 22:34:50.943,70.0,17183445.0,23.0,0.0085950877415656,0
2026-03-25 22:34:54.574,70.0,17183445.0,23.0,0.0085950877415656,0
2026-03-25 22:35:05.943,71.0,17449077.0,23.0,0.0083658898365787,0
2026-03-25 22:35:09.574,71.0,17449077.0,23.0,0.0083658898365787,0
2026-03-25 22:35:20.943,72.0,17455658.0,23.0,0.0098121445095642,0
2026-03-25 22:35:24.574,72.0,17455658.0,23.0,0.0098121445095642,0
2026-03-25 22:35:35.943,73.0,17455914.0,23.0,0.0095039344888057,0
2026-03-25 22:35:39.574,73.0,17455914.0,23.0,0.0095039344888057,0
2026-03-25 22:35:50.943,74.0,17456466.0,23.0,0.0081479555182645,0
2026-03-25 22:35:54.574,74.0,17456466.0,23.0,0.0081479555182645,0
2026-03-25 22:36:05.943,75.0,17457214.0,23.0,0.0087812370885822,0
2026-03-25 22:36:09.574,75.0,17457214.0,23.0,0.0087812370885822,0
2026-03-25 22:36:20.943,76.0,17460772.0,23.0,0.0094201648777138,0
2026-03-25 22:36:24.574,76.0,17460772.0,23.0,0.0094201648777138,0
2026-03-25 22:36:35.943,77.0,17471956.0,23.0,0.0089552702319254,0
2026-03-25 22:36:39.574,77.0,17471956.0,23.0,0.0089552702319254,0
2026-03-25 22:36:50.943,78.0,17477436.0,23.0,0.0085388526711756,0
2026-03-25 22:36:54.574,78.0,17477436.0,23.0,0.0085388526711756,0
2026-03-25 22:37:05.943,79.0,17739692.0,23.0,0.0086679195800063,0
2026-03-25 22:37:09.574,79.0,17739692.0,23.0,0.0086679195800063,0
2026-03-25 22:37:20.943,80.0,17739755.0,23.0,0.0088713249269779,0
2026-03-25 22:37:24.574,80.0,17739755.0,23.0,0.0088713249269779,0
2026-03-25 22:37:35.943,81.0,17741860.0,23.0,0.0092810582523369,0
2026-03-25 22:37:39.574,81.0,17741860.0,23.0,0.0092810582523369,0
2026-03-25 22:37:50.943,82.0,17744461.0,23.0,0.0086110149546278,0
2026-03-25 22:37:54.574,82.0,17744461.0,23.0,0.0086110149546278,0
2026-03-25 22:38:05.943,83.0,18007812.0,23.0,0.0099243238743045,0
2026-03-25 22:38:09.574,83.0,18007812.0,23.0,0.0099243238743045,0
2026-03-25 22:38:20.943,84.0,18009651.0,23.0,0.0085075611593215,0
2026-03-25 22:38:24.574,84.0,18009651.0,23.0,0.0085075611593215,0
2026-03-25 22:38:35.943,85.0,18014107.0,23.0,0.0098644855151038,0
2026-03-25 22:38:39.574,85.0,18014107.0,23.0,0.0098644855151038,0
2026-03-25 22:38:50.943,86.0,18293038.0,23.0,0.0085600406970074,0
2026-03-25 22:38:54.574,86.0,18293038.0,23.0,0.0085600406970074,0
2026-03-25 22:39:05.943,87.0,18294441.0,23.0,0.0088953261672974,0
2026-03-25 22:39:09.574,87.0,18294441.0,23.0,0.0088953261672974,0
2026-03-25 22:39:20.943,88.0,18294801.0,23.0,0.0093694068134922,0
2026-03-25 22:39:24.574,88.0,18294801.0,23.0,0.0093694068134922,0
2026-03-25 22:39:35.943,89.0,18559464.0,23.0,0.0087253731250702,0
2026-03-25 22:39:39.574,89.0,18559464.0,23.0,0.0087253731250702,0
2026-03-25 22:39:50.943,90.0,18560690.0,23.0,0.009995964445595,0
2026-03-25 22:39:54.574,90.0,18560690.0,23.0,0.009995964445595,0
2026-03-25 22:40:05.943,91.0,18564882.0,25.0,0.0086691007462087,0
2026-03-25 22:40:09.574,91.0,18564882.0,25.0,0.0086691007462087,0
2026-03-25 22:40:20.943,92.0,18565954.0,23.0,0.0093977235479364,0
2026-03-25 22:40:24.574,92.0,18565954.0,23.0,0.0093977235479364,0
2026-03-25 22:40:35.943,93.0,18828386.0,23.0,0.0085084074432812,0
2026-03-25 22:40:39.574,93.0,18828386.0,23.0,0.0085084074432812,0
2026-03-25 22:40:50.943,94.0,18828435.0,23.0,0.0091978384580677,0
2026-03-25 22:40:54.574,94.0,18828435.0,23.0,0.0091978384580677,0
2026-03-25 22:41:05.943,95.0,18830239.0,23.0,0.007947547468827,0
2026-03-25 22:41:09.574,95.0,18830239.0,23.0,0.007947547468827,0
2026-03-25 22:41:20.943,96.0,18917026.0,23.0,0.0087336960550114,0
2026-03-25 22:41:24.574,96.0,18917026.0,23.0,0.0087336960550114,0
2026-03-25 22:41:35.943,97.0,19108768.0,23.0,0.0083974549902408,0
2026-03-25 22:41:39.574,97.0,19108768.0,23.0,0.0083974549902408,0
2026-03-25 22:41:50.943,98.0,19109517.0,23.0,0.0087837542656001,0
2026-03-25 22:41:54.574,98.0,19109517.0,23.0,0.0087837542656001,0
2026-03-25 22:42:05.943,99.0,19110084.0,23.0,0.0076703814485547,0
2026-03-25 22:42:09.574,99.0,19110084.0,23.0,0.0076703814485547,0
2026-03-25 22:42:20.943,100.0,19373418.0,23.0,0.0100898252665706,0
2026-03-25 22:42:24.574,100.0,19373418.0,23.0,0.0100898252665706,0
2026-03-25 22:42:35.943,101.0,19377872.0,25.0,0.0087501717410168,0
2026-03-25 22:42:39.574,101.0,19377872.0,25.0,0.0087501717410168,0
2026-03-25 22:42:50.943,102.0,19380526.0,25.0,0.0087858703208643,0
2026-03-25 22:42:54.574,102.0,19380526.0,25.0,0.0087858703208643,0
2026-03-25 22:43:05.943,103.0,19653334.0,25.0,0.0094219042846399,0
2026-03-25 22:43:09.574,103.0,19653334.0,25.0,0.0094219042846399,0
2026-03-25 22:43:20.943,104.0,19659024.0,23.0,0.0097300362579287,0
2026-03-25 22:43:24.574,104.0,19659024.0,23.0,0.0097300362579287,0
2026-03-25 22:43:35.943,105.0,19660357.0,23.0,0.0081172538082144,0
2026-03-25 22:43:39.574,105.0,19660357.0,23.0,0.0081172538082144,0
2026-03-25 22:43:50.943,106.0,19660732.0,23.0,0.0092245896127804,0
2026-03-25 22:43:54.574,106.0,19660732.0,23.0,0.0092245896127804,0
2026-03-25 22:44:05.943,107.0,19924119.0,23.0,0.0079240095504235,0
2026-03-25 22:44:09.574,107.0,19924119.0,23.0,0.0079240095504235,0
2026-03-25 22:44:20.943,108.0,19924683.0,23.0,0.0098647316894395,0
2026-03-25 22:44:24.574,108.0,19924683.0,23.0,0.0098647316894395,0
2026-03-25 22:44:35.943,109.0,19924861.0,23.0,0.0084742650081118,0
2026-03-25 22:44:39.574,109.0,19924861.0,23.0,0.0084742650081118,0
2026-03-25 22:44:50.943,110.0,20187642.0,25.0,0.0088432285567342,0
2026-03-25 22:44:54.574,110.0,20187642.0,25.0,0.0088432285567342,0
2026-03-25 22:45:05.943,111.0,20189518.0,23.0,0.0086159509016182,0
2026-03-25 22:45:09.574,111.0,20189518.0,23.0,0.0086159509016182,0
2026-03-25 22:45:20.943,112.0,20190113.0,23.0,0.009144444922252,0
2026-03-25 22:45:24.574,112.0,20190113.0,23.0,0.009144444922252,0
2026-03-25 22:45:35.943,113.0,20191719.0,23.0,0.0083692310478766,0
2026-03-25 22:45:39.574,113.0,20191719.0,23.0,0.0083692310478766,0
2026-03-25 22:45:50.943,114.0,20455647.0,23.0,0.0098109082945138,0
2026-03-25 22:45:54.574,114.0,20455647.0,23.0,0.0098109082945138,0
2026-03-25 22:46:05.943,115.0,20457219.0,23.0,0.0074528165175938,0
2026-03-25 22:46:09.574,115.0,20457219.0,23.0,0.0074528165175938,0
2026-03-25 22:46:20.943,116.0,20458801.0,23.0,0.0091749438782838,0
2026-03-25 22:46:24.574,116.0,20458801.0,23.0,0.0091749438782838,0
2026-03-25 22:46:35.943,117.0,20459991.0,23.0,0.0085066209293983,0
2026-03-25 22:46:39.574,117.0,20459991.0,23.0,0.0085066209293983,0
2026-03-25 22:46:50.943,118.0,20725477.0,23.0,0.0089825498389853,0
2026-03-25 22:46:54.574,118.0,20725477.0,23.0,0.0089825498389853,0
2026-03-25 22:47:05.943,119.0,20728917.0,23.0,0.0077566638250166,0
2026-03-25 22:47:09.574,119.0,20728917.0,23.0,0.0077566638250166,0
2026-03-25 22:47:20.943,120.0,20729808.0,23.0,0.0093688778068741,0
2026-03-25 22:47:24.574,120.0,20729808.0,23.0,0.0093688778068741,0
2026-03-25 22:47:35.943,121.0,20731794.0,23.0,0.0090891669864704,0
2026-03-25 22:47:39.574,121.0,20731794.0,23.0,0.0090891669864704,0
2026-03-25 22:47:50.943,122.0,20998351.0,23.0,0.0092885409076712,0
2026-03-25 22:47:54.574,122.0,20998351.0,23.0,0.0092885409076712,0
2026-03-25 22:48:05.943,123.0,20999545.0,23.0,0.0097061241092252,0
2026-03-25 22:48:09.574,123.0,20999545.0,23.0,0.0097061241092252,0
2026-03-25 22:48:20.943,124.0,21005537.0,23.0,0.0092049538625484,0
2026-03-25 22:48:24.574,124.0,21005537.0,23.0,0.0092049538625484,0
2026-03-25 22:48:35.943,125.0,21083393.0,23.0,0.008508629772919,0
2026-03-25 22:48:39.574,125.0,21083393.0,23.0,0.008508629772919,0
2026-03-25 22:48:50.943,126.0,21355413.0,23.0,0.0093698498969203,0
2026-03-25 22:48:54.574,126.0,21355413.0,23.0,0.0093698498969203,0
2026-03-25 22:49:05.943,127.0,21520817.0,23.0,0.0081681513744204,0
2026-03-25 22:49:09.574,127.0,21520817.0,23.0,0.0081681513744204,0
2026-03-25 22:49:20.943,128.0,21345113.0,23.0,0.0097611358748873,0
2026-03-25 22:49:24.574,128.0,21345113.0,23.0,0.0097611358748873,0
2026-03-25 22:49:35.943,129.0,21609522.0,23.0,0.0082879440418904,0
2026-03-25 22:49:39.574,129.0,21609522.0,23.0,0.0082879440418904,0
2026-03-25 22:49:50.943,130.0,21610134.0,23.0,0.0085108247176765,0
2026-03-25 22:49:54.574,130.0,21610134.0,23.0,0.0085108247176765,0
2026-03-25 22:50:05.943,131.0,21611428.0,23.0,0.0075935806689581,0
2026-03-25 22:50:09.574,131.0,21611428.0,23.0,0.0075935806689581,0
2026-03-25 22:50:20.943,132.0,21612726.0,23.0,0.0090653196659989,0
2026-03-25 22:50:24.574,132.0,21612726.0,23.0,0.0090653196659989,0
2026-03-25 22:50:35.943,133.0,21874966.0,23.0,0.0080636346610825,0
2026-03-25 22:50:39.574,133.0,21874966.0,23.0,0.0080636346610825,0
2026-03-25 22:50:50.943,134.0,21874966.0,23.0,0.0090349426031537,0
2026-03-25 22:50:54.574,134.0,21874966.0,23.0,0.0090349426031537,0
2026-03-25 22:51:05.943,135.0,21875174.0,23.0,0.007841949032629,0
2026-03-25 22:51:09.574,135.0,21875174.0,23.0,0.007841949032629,0
2026-03-25 22:51:20.943,136.0,21876689.0,23.0,0.0097546082796034,0
2026-03-25 22:51:24.574,136.0,21876689.0,23.0,0.0097546082796034,0
2026-03-25 22:51:35.943,137.0,22148035.0,23.0,0.0077068879992118,0
2026-03-25 22:51:39.574,137.0,22148035.0,23.0,0.0077068879992118,0
2026-03-25 22:51:50.943,138.0,22148551.0,23.0,0.0090648908232603,0
2026-03-25 22:51:54.574,138.0,22148551.0,23.0,0.0090648908232603,0
2026-03-25 22:52:05.943,139.0,22148911.0,23.0,0.0077357058465037,0
2026-03-25 22:52:09.574,139.0,22148911.0,23.0,0.0077357058465037,0
2026-03-25 22:52:20.943,140.0,22150659.0,23.0,0.009833894617607,0
2026-03-25 22:52:24.574,140.0,22150659.0,23.0,0.009833894617607,0
2026-03-25 22:52:35.943,141.0,22153752.0,23.0,0.0082592587903027,0
2026-03-25 22:52:39.574,141.0,22153752.0,23.0,0.0082592587903027,0
2026-03-25 22:52:50.943,142.0,22416296.0,23.0,0.0088414311683156,0
2026-03-25 22:52:54.574,142.0,22416296.0,23.0,0.0088414311683156,0
2026-03-25 22:53:05.943,143.0,22416296.0,23.0,0.009177385651212,0
2026-03-25 22:53:09.574,143.0,22416296.0,23.0,0.009177385651212,0
2026-03-25 22:53:20.943,144.0,22416856.0,23.0,0.0097554211064982,0
2026-03-25 22:53:24.574,144.0,22416856.0,23.0,0.0097554211064982,0
2026-03-25 22:53:35.943,145.0,22680033.0,23.0,0.0080870686191671,0
2026-03-25 22:53:39.574,145.0,22680033.0,23.0,0.0080870686191671,0
2026-03-25 22:53:50.943,146.0,22682801.0,23.0,0.0102481234359002,0
2026-03-25 22:53:54.574,146.0,22682801.0,23.0,0.0102481234359002,0
2026-03-25 22:54:05.943,147.0,22682801.0,23.0,0.0074549747010555,0
2026-03-25 22:54:09.574,147.0,22682801.0,23.0,0.0074549747010555,0
2026-03-25 22:54:20.943,148.0,22683105.0,23.0,0.0098357568573761,0
2026-03-25 22:54:35.943,149.0,22946689.0,23.0,0.0087851985654267,0
2026-03-25 22:54:50.943,150.0,22947139.0,23.0,0.008786382878926,0
2026-03-25 22:55:05.943,151.0,22947523.0,23.0,0.0078946847495656,0
2026-03-25 22:55:20.943,152.0,22949107.0,23.0,0.008617161842165,0
2026-03-25 22:55:35.943,153.0,23213396.0,23.0,0.0080052939442737,0
2026-03-25 22:55:50.943,154.0,23213396.0,23.0,0.0090705114845492,0
2026-03-25 22:56:05.943,155.0,23213396.0,23.0,0.0076985075389463,0
2026-03-25 22:56:20.943,156.0,23213396.0,23.0,0.0092864412184997,0
2026-03-25 22:56:35.943,157.0,23475892.0,23.0,0.0088700338552408,0
2026-03-25 22:56:50.943,158.0,23478755.0,23.0,0.0090347882328016,0
2026-03-25 22:57:05.943,159.0,23480856.0,23.0,0.0088623176012992,0
2026-03-25 22:57:20.943,160.0,23480856.0,23.0,0.0091223976447328,0
2026-03-25 22:57:35.943,161.0,17198831.0,23.0,0.0089742634662171,0
2026-03-25 22:57:50.943,162.0,17204314.0,23.0,0.0084825434439044,0
2026-03-25 22:58:05.943,163.0,17466570.0,23.0,0.0095121487028803,0
2026-03-25 22:58:20.943,164.0,17467146.0,23.0,0.0089268153700243,0
2026-03-25 22:58:35.943,165.0,17467322.0,23.0,0.0085969015546472,0
2026-03-25 22:58:50.943,166.0,17475822.0,23.0,0.0093102392569575,0
2026-03-25 22:59:05.943,167.0,17742886.0,23.0,0.0085853790471433,0
2026-03-25 22:59:20.943,168.0,17744694.0,23.0,0.0087924440842754,0
2026-03-25 22:59:35.943,169.0,17748905.0,23.0,0.0087052938311359,0
2026-03-25 22:59:50.943,170.0,18011388.0,23.0,0.0082916502863281,0
2026-04-16 13:23:27.080,52.4,292225375.0,23.0,0.0108708231952784,0
2026-04-16 13:23:42.080,52.6,292488127.0,23.0,0.0131220953096774,0
2026-04-16 13:23:57.080,52.8,292750760.0,23.0,0.0105710339277877,0
2026-04-16 13:24:12.080,53.0,292752940.0,23.0,0.0114317430100516,0
2026-04-16 13:24:27.080,53.2,293019898.0,23.0,0.0106812495202463,0
2026-04-16 13:24:42.080,53.4,293282154.0,23.0,0.0143028120862648,0
2026-04-16 13:24:57.080,53.6,293282394.0,23.0,0.0105138594436206,0
2026-04-16 13:25:12.080,53.8,293544906.0,23.0,0.0117573994340942,0
2026-04-16 13:25:27.080,54.0,293807498.0,23.0,0.0100948446427212,0
2026-04-16 13:25:42.080,54.2,294070896.0,23.0,0.0140851993220317,0
2026-04-16 13:25:57.080,54.4,294071088.0,23.0,0.0111209417659858,0
2026-04-16 13:26:12.080,54.6,294080418.0,23.0,0.0117554654039506,0
2026-04-16 13:26:27.080,54.8,294082994.0,23.0,0.0107894349576122,0
2026-04-16 13:26:42.080,55.0,294345644.0,23.0,0.0132091255680624,0
2026-04-16 13:26:57.080,55.2,294608339.0,23.0,0.0104847069300546,0
2026-04-16 13:27:12.080,55.4,294608686.0,23.0,0.0111036071511807,0
2026-04-16 13:27:27.080,55.6,294875662.0,23.0,0.0107882810826397,0
2026-04-16 13:27:42.080,55.8,294878072.0,23.0,0.0130961493730899,0
2026-04-16 13:27:57.080,56.0,294878823.0,23.0,0.0107070473474948,0
2026-04-16 13:28:12.080,56.2,294879559.0,23.0,0.0122013868636057,0
2026-04-16 13:28:27.080,56.4,295404459.0,23.0,0.0112023684441292,0
2026-04-16 13:28:42.080,56.6,295666603.0,23.0,0.013047162569124,0
2026-04-16 13:28:57.080,56.8,295929794.0,23.0,0.0108472839208695,0
2026-04-16 13:29:12.080,57.0,295929794.0,23.0,0.0118696929033402,0
2026-04-16 13:29:27.080,57.2,295929794.0,23.0,0.0109290035876898,0
2026-04-16 13:29:42.080,57.4,295929906.0,23.0,0.0149582328722315,0
2026-04-16 13:29:57.080,57.6,295930002.0,23.0,0.011173681185865,0
2026-04-16 13:30:12.080,57.8,296193234.0,23.0,0.0109373649037678,0
2026-04-16 13:30:27.080,58.0,296455490.0,25.0,0.0109769348509172,0
2026-04-16 13:30:42.080,58.2,296455618.0,23.0,0.0128187764859785,0
2026-04-16 13:30:57.080,58.4,296455618.0,23.0,0.0113444808705579,0
2026-04-16 13:31:12.080,58.6,296456642.0,23.0,0.0116498608796471,0
2026-04-16 13:31:27.080,58.8,296456034.0,23.0,0.0114242246958067,0
2026-04-16 13:31:42.080,59.0,296718178.0,23.0,0.0125697643005156,0
2026-04-16 13:31:57.080,59.2,296718178.0,23.0,0.0116518394500889,0
2026-04-16 13:32:12.080,59.4,296720419.0,23.0,0.0103188311456895,0
2026-04-16 13:32:27.080,59.6,296982931.0,23.0,0.0116247731925811,0
2026-04-16 13:32:42.080,59.8,296983091.0,23.0,0.013750798732832,0
2026-04-16 13:32:57.080,60.0,297245555.0,23.0,0.011256740534134,0
2026-04-16 13:33:12.080,60.2,297245835.0,23.0,0.011950923264799,0
2026-04-16 13:33:27.080,60.4,297245835.0,23.0,0.0113968544043805,0
2026-04-16 13:33:42.080,60.6,297507979.0,23.0,0.0137326763330524,0
2026-04-16 13:33:57.080,60.8,297508161.0,23.0,0.0115083425121051,0
2026-04-16 13:34:12.080,61.0,297512497.0,23.0,0.0110422413309049,0
2026-04-16 13:34:27.080,61.2,297776429.0,23.0,0.0115122143272654,0
2026-04-16 13:34:42.080,61.4,297776685.0,23.0,0.0141317507423285,0
2026-04-16 13:34:57.080,61.6,297778996.0,23.0,0.0117023466267815,0
2026-04-16 13:35:12.080,61.8,298041345.0,23.0,0.0118896170910467,0
2026-04-16 13:35:27.080,62.0,298041345.0,23.0,0.0107878456833558,0
2026-04-16 13:35:42.080,62.2,298042718.0,23.0,0.0138431488260747,0
2026-04-16 13:35:57.080,62.4,298044075.0,23.0,0.0113488173216994,0
2026-04-16 13:36:12.080,62.6,298044395.0,23.0,0.0109021124013892,0
2026-04-16 13:36:27.080,62.8,298045055.0,23.0,0.01215282923909,0
2026-04-16 13:36:42.080,63.0,298308067.0,23.0,0.0128422340690535,0
2026-04-16 13:36:57.080,63.2,298309117.0,23.0,0.0112898244197977,0
2026-04-16 13:37:12.080,63.4,298573030.0,23.0,0.0118271472068346,0
2026-04-16 13:37:27.080,63.6,298573334.0,23.0,0.011458006541119,0
2026-04-16 13:37:42.080,63.8,298575992.0,23.0,0.0124074118441075,0
2026-04-16 13:37:57.080,64.0,298839880.0,23.0,0.0125306403197307,0
2026-04-16 13:38:12.080,64.2,298841769.0,23.0,0.0115581957405156,0
2026-04-16 13:38:27.080,64.4,299108888.0,23.0,0.0122836193144345,0
2026-04-16 13:38:42.080,64.6,299117391.0,23.0,0.0120495101146293,0
2026-04-16 13:38:57.080,64.8,299132639.0,23.0,0.0120928057008501,0
2026-04-16 13:39:12.080,65.0,299133135.0,23.0,0.0102385852336962,0
2026-04-16 13:39:27.080,65.2,299134815.0,23.0,0.0117076646184771,0
2026-04-16 13:39:42.080,65.4,299138015.0,23.0,0.0138925220836687,0
2026-04-16 13:39:57.080,65.6,299400159.0,23.0,0.0108526398358644,0
2026-04-16 13:40:12.080,65.8,299400159.0,23.0,0.0098999246166365,0
2026-04-16 13:40:27.080,66.0,299400959.0,23.0,0.012196411817116,0
2026-04-16 13:40:42.080,66.2,299663455.0,23.0,0.0113526909180076,0
2026-04-16 13:40:57.080,66.4,299663455.0,23.0,0.0111805262202076,0
2026-04-16 13:41:12.080,66.6,299926559.0,23.0,0.0110600666283316,0
2026-04-16 13:41:27.080,66.8,299926959.0,23.0,0.0111514427222878,0
2026-04-16 13:41:42.080,67.0,300189535.0,23.0,0.0125407531142297,0
2026-04-16 13:41:57.080,67.2,300189535.0,23.0,0.0116708680434732,0
2026-04-16 13:42:12.080,67.4,300189535.0,23.0,0.0110361688859474,0
2026-04-16 13:42:27.080,67.6,300189535.0,23.0,0.011126906291666,0
2026-04-16 13:42:42.080,67.8,300189535.0,23.0,0.0119540535219121,0
2026-04-16 13:42:57.080,68.0,300452031.0,23.0,0.0111007678538172,0
2026-04-16 13:43:12.080,68.2,300452031.0,23.0,0.0103452206888935,0
2026-04-16 13:43:27.080,69.6,300461864.0,29.0,0.0689161855697195,1
2026-04-16 13:43:42.080,69.8,300461864.0,23.0,0.1235698995829012,0
2026-04-16 13:43:57.080,70.0,300461864.0,23.0,0.0119286963843154,0
2026-04-16 13:44:12.080,70.2,300986545.0,23.0,0.0104794174495298,0
2026-04-16 13:44:27.080,70.4,300986753.0,23.0,0.0112422500031626,0
2026-04-16 13:44:42.080,70.6,300987217.0,23.0,0.0134025091935569,0
2026-04-16 13:44:57.080,71.4,300991516.0,26.0,0.0204951830453378,1
2026-04-16 13:45:12.080,72.2,300993961.0,23.0,0.1702130585955788,1
2026-04-16 13:45:27.080,72.4,300994105.0,23.0,0.0104384576410655,0
2026-04-16 13:45:42.080,72.8,312267097.0,24.0,0.0124046991622609,0
2026-04-16 13:45:57.080,74.0,276945979.0,23.0,0.0310325980755934,0
2026-04-16 13:46:12.080,74.2,277213275.0,23.0,0.0103270730822696,0
2026-04-16 13:46:27.080,75.6,278582879.0,29.0,0.0745767170531551,1
2026-04-16 13:46:42.080,77.6,279195410.0,32.0,0.2172161794208843,1
2026-04-16 13:46:57.080,77.8,279416978.0,23.0,0.1667314344180186,1
2026-04-16 13:47:12.080,78.0,279428386.0,23.0,0.0103132042937266,0
2026-04-16 13:47:27.080,78.2,279455330.0,23.0,0.0120911909898447,0
2026-04-16 13:47:42.080,80.4,280188964.0,23.0,0.2946163741414723,1
2026-04-16 13:47:57.080,80.6,280127860.0,23.0,0.0107285510037692,0
2026-04-16 13:48:12.080,81.6,280164039.0,23.0,0.1240105690009104,0
2026-04-16 13:48:27.080,81.8,280438311.0,25.0,0.0099056928320542,0
2026-04-16 13:48:42.080,82.0,280716055.0,23.0,0.0128187961087498,0
2026-04-16 13:48:57.080,82.2,280994855.0,23.0,0.0110096238040629,0
2026-04-16 13:49:12.080,83.0,281012920.0,23.0,0.0961917381411091,0
2026-04-16 13:49:27.080,83.8,281026463.0,26.0,0.0146258359392382,0
2026-04-16 13:49:42.080,86.4,281376307.0,23.0,0.4312091841855459,1
2026-04-16 13:49:57.080,86.6,281731299.0,23.0,0.0111764016763893,0
2026-04-16 13:50:12.080,88.0,281679011.0,26.0,0.0124972340111993,0
2026-04-16 13:50:27.080,88.2,281680835.0,23.0,0.0108763241133251,0
2026-04-16 13:50:42.080,88.4,281953235.0,23.0,0.0133419573036719,0
2026-04-16 13:50:57.080,88.6,282222195.0,23.0,0.0113335990372714,0
2026-04-16 13:51:12.080,90.0,427179345.0,29.0,0.0140884824648575,1
2026-04-16 13:51:27.080,92.0,278375190.0,31.0,0.0257591317459639,1
2026-04-16 13:51:42.080,93.6,278573547.0,29.0,0.0331864087071164,1
2026-04-16 13:51:57.080,94.6,278502313.0,23.0,0.2726492051526578,1
2026-04-16 13:52:12.080,96.8,279115662.0,32.0,0.2582736468498289,1
2026-04-16 13:52:27.080,99.0,279176960.0,23.0,0.325612632918209,1
2026-04-16 13:52:42.080,99.2,279201360.0,23.0,0.013351813855825,0
2026-04-16 13:52:57.080,99.4,279435488.0,23.0,0.0106467150403546,0
2026-04-16 13:53:12.080,99.6,279495089.0,23.0,0.0114063901613094,0
2026-04-16 13:53:27.080,99.8,279780824.0,23.0,0.0109545876359778,0
2026-04-16 13:53:42.080,100.0,279791976.0,23.0,0.0143639219309406,0
2026-04-16 13:53:57.080,100.2,280023768.0,23.0,0.0097664446705781,0
2026-04-16 13:54:12.080,100.4,279838792.0,23.0,0.0120654273012635,0
2026-04-16 13:54:27.080,100.6,280109352.0,23.0,0.0103964427813176,0
2026-04-16 13:54:42.080,100.8,280279864.0,23.0,0.015208678663425,0
2026-04-16 13:54:57.080,101.0,280657592.0,23.0,0.0111191554780632,0
2026-04-16 13:55:12.080,101.2,280727650.0,23.0,0.0118371791247163,0
2026-04-16 13:55:27.080,101.4,281275570.0,25.0,0.0113134479912173,0
2026-04-16 13:55:42.080,101.6,281290290.0,23.0,0.013461353222467,0
2026-04-16 13:55:57.080,101.8,281307122.0,23.0,0.0105445968111194,0
2026-04-16 13:56:12.080,102.0,281550301.0,23.0,0.0117618061319305,0
2026-04-16 13:56:27.080,102.2,281918857.0,23.0,0.0115807363665088,0
2026-04-16 13:56:42.080,102.4,282239438.0,23.0,0.0125129222113901,0
2026-04-16 13:56:57.080,102.6,282266668.0,23.0,0.0117780606406431,0
2026-04-16 13:57:12.080,102.8,282270908.0,23.0,0.0119547218071877,0
2026-04-16 13:57:27.080,103.0,282277020.0,23.0,0.0107422216892007,0
2026-04-16 13:57:42.080,103.2,282279068.0,23.0,0.0126839924269148,0
2026-04-16 13:57:57.080,103.4,282280764.0,23.0,0.0113628736292804,0
2026-04-16 13:58:12.080,103.6,282545148.0,23.0,0.0115373964660506,0
2026-04-16 13:58:27.080,103.8,282811932.0,23.0,0.0117206620187527,0
2026-04-16 13:58:42.080,104.0,283075820.0,23.0,0.0139777314481328,0
2026-04-16 13:58:57.080,104.2,283084748.0,23.0,0.0112323714296378,0
2026-04-16 13:59:12.080,104.4,283085164.0,23.0,0.0111848638230585,0
2026-04-16 13:59:27.080,104.6,283351228.0,23.0,0.0108125399226999,0
2026-04-16 13:59:42.080,104.8,283351916.0,23.0,0.0142873823502896,0
2026-04-16 13:59:57.080,105.0,283693308.0,23.0,0.011869627352764,0
2026-04-16 14:00:12.080,105.2,283624028.0,23.0,0.0111776406704776,0
2026-04-16 14:00:27.080,105.4,283896873.0,23.0,0.0118738328014086,0
2026-04-16 14:00:42.080,105.6,283896873.0,23.0,0.0138354985824013,0
2026-04-16 14:00:57.080,105.8,283911481.0,23.0,0.011671502774052,0
2026-04-16 14:01:12.080,106.0,283917824.0,23.0,0.0106847163119603,0
2026-04-16 14:01:27.080,106.2,283919424.0,23.0,0.0116425218130595,0
2026-04-16 14:01:42.080,106.4,283922532.0,23.0,0.0130182385416962,0
2026-04-16 14:01:57.080,106.6,283924996.0,23.0,0.0114764792749901,0
2026-04-16 14:02:12.080,106.8,283926884.0,23.0,0.0116206212154911,0
2026-04-16 14:02:27.080,107.0,283930180.0,23.0,0.0114008471506687,0
2026-04-16 14:02:42.080,107.2,283930788.0,23.0,0.0126303489553805,0
2026-04-16 14:02:57.080,107.4,283934884.0,23.0,0.0123581610465295,0
2026-04-16 14:03:12.080,107.6,284198276.0,23.0,0.0121501417396399,0
2026-04-16 14:03:27.080,107.8,284203908.0,23.0,0.0115893246316751,0
2026-04-16 14:03:42.080,108.0,284467524.0,23.0,0.0129012611052087,0
2026-04-16 14:03:57.080,108.2,284469220.0,23.0,0.0106742418340709,0
2026-04-16 14:04:12.080,108.4,284469556.0,23.0,0.0114820615729688,0
2026-04-16 14:04:27.080,108.6,284736212.0,23.0,0.012363300093475,0
2026-04-16 14:04:42.080,108.8,284736916.0,23.0,0.0138048590773469,0
2026-04-16 14:04:57.080,109.0,285001812.0,23.0,0.0110157698169795,0
2026-04-16 14:05:12.080,109.2,285001940.0,23.0,0.0116534713909999,0
2026-04-16 14:05:27.080,109.4,285264260.0,23.0,0.0104861352692129,0
2026-04-16 14:05:42.080,109.6,285265572.0,23.0,0.0135355151175931,0
2026-04-16 14:05:57.080,109.8,285266212.0,23.0,0.0114238470403355,0
2026-04-16 14:06:12.080,110.0,285269396.0,23.0,0.0114302140947329,0
2026-04-16 14:06:27.080,110.2,285270212.0,23.0,0.0115903073668378,0
2026-04-16 14:06:42.080,110.4,285271236.0,23.0,0.0127958351237582,0
2026-04-16 14:06:57.080,110.6,285281572.0,23.0,0.0109364623554654,0
2026-04-16 14:07:12.080,110.8,285556371.0,25.0,0.0102400923731614,0
2026-04-16 14:07:27.080,111.0,285558963.0,23.0,0.0118425702463594,0
2026-04-16 14:07:42.080,111.2,285558963.0,23.0,0.0128497873030054,0
2026-04-16 14:07:57.080,111.4,285821587.0,23.0,0.0108495042395793,0
2026-04-16 14:08:12.080,111.6,285822435.0,23.0,0.0103549717907797,0
2026-04-16 14:08:27.080,111.8,286087171.0,23.0,0.0127750107888526,0
2026-04-16 14:08:42.080,112.0,286087939.0,23.0,0.0129353707131709,0
2026-04-16 14:08:57.080,112.2,286089875.0,23.0,0.0117285779483741,0
2026-04-16 14:09:12.080,112.4,286355283.0,23.0,0.0112920648065765,0
2026-04-16 14:09:27.080,112.6,286355587.0,23.0,0.0118354540412786,0
2026-04-16 14:09:42.080,112.8,286625939.0,23.0,0.0145472227519416,0
2026-04-16 14:09:57.080,113.0,286629731.0,23.0,0.0114323449867421,0
2026-04-16 14:10:12.080,113.2,286890467.0,23.0,0.0113890396217951,0
2026-04-16 14:10:27.080,113.4,286893699.0,23.0,0.0115700251247644,0
2026-04-16 14:10:42.080,113.6,286903989.0,23.0,0.0128772141697451,0
2026-04-16 14:10:57.080,113.8,287180156.0,23.0,0.011356368013692,0
2026-04-16 14:11:12.080,114.0,287442668.0,23.0,0.0108480181947905,0
2026-04-16 14:11:27.080,114.2,287442812.0,23.0,0.0118707418685198,0
2026-04-16 14:11:42.080,114.4,287442908.0,23.0,0.0117487298071134,0
2026-04-16 14:11:57.080,114.6,287706796.0,23.0,0.0103229143273738,0
2026-04-16 14:12:12.080,114.8,287707900.0,23.0,0.0110156365896775,0
2026-04-16 14:12:27.080,115.0,287973036.0,23.0,0.0112332283222452,0
2026-04-16 14:12:42.080,115.2,287973228.0,23.0,0.0135361251939264,0
2026-04-16 14:12:57.080,115.4,288235612.0,23.0,0.01059850978524,0
2026-04-16 14:13:12.080,115.6,288237724.0,23.0,0.0115386164259142,0
2026-04-16 14:13:27.080,115.8,288239692.0,23.0,0.0101312143130494,0
2026-04-16 14:13:42.080,116.0,288245276.0,23.0,0.0129023753962226,0
2026-04-16 14:13:57.080,116.2,288508060.0,23.0,0.0113945979866111,0
2026-04-16 14:14:12.080,116.4,288509932.0,23.0,0.0120403156224283,0
2026-04-16 14:14:27.080,116.6,288509932.0,23.0,0.0111193055279454,0
2026-04-16 14:14:42.080,116.8,288510044.0,23.0,0.0144385576878648,0
2026-04-16 14:14:57.080,117.0,288772364.0,23.0,0.0113117182304804,0
2026-04-16 14:15:12.080,117.2,288772364.0,23.0,0.0115990429482416,0
2026-04-16 14:15:27.080,117.4,288772364.0,23.0,0.010709098834708,0
2026-04-16 14:15:42.080,117.6,288772748.0,23.0,0.0131550717103081,0
2026-04-16 14:15:57.080,117.8,289034892.0,23.0,0.0109259364866609,0
2026-04-16 14:16:12.080,118.0,289034892.0,23.0,0.0116827525042965,0
2026-04-16 14:16:27.080,118.2,289034892.0,23.0,0.0114219156059264,0
2026-04-16 14:16:42.080,118.4,289298535.0,23.0,0.0139280516610832,0
2026-04-16 14:16:57.080,118.6,289561431.0,23.0,0.0113149740049039,0
2026-04-16 14:17:12.080,118.8,289824215.0,23.0,0.012066151444445,0
2026-04-16 14:17:27.080,119.0,290351179.0,23.0,0.0109787431029846,0
2026-04-16 14:17:42.080,119.2,290352093.0,23.0,0.0137553940583986,0
2026-04-16 14:17:57.080,119.4,290881948.0,23.0,0.0104869939115481,0
2026-04-16 14:18:12.080,119.6,290883180.0,23.0,0.011508457316086,0
2026-04-16 14:18:27.080,119.8,290884915.0,23.0,0.0101514052399351,0
2026-04-16 14:18:42.080,120.0,290888816.0,23.0,0.0126571393036201,0
2026-04-16 14:18:57.080,120.2,290888816.0,23.0,0.0111195422950694,0
2026-04-16 14:19:12.080,120.4,291151168.0,23.0,0.0130019349876106,0
2026-04-16 14:19:27.080,120.6,291413744.0,23.0,0.0103716553150331,0
2026-04-16 14:19:42.080,120.8,291419712.0,23.0,0.0153625301845516,0
2026-04-16 14:19:57.080,121.0,291683984.0,25.0,0.0099578970209317,0
2026-04-16 14:20:12.080,121.2,291686432.0,23.0,0.0117068310020071,0
2026-04-16 14:20:27.080,121.4,291686752.0,23.0,0.0107367741453525,0
2026-04-16 14:20:42.080,121.6,291950182.0,23.0,0.0135735202507937,0
2026-04-16 14:20:57.080,121.8,292212614.0,23.0,0.0108140519966868,0
2026-04-16 14:21:12.080,122.0,292212806.0,23.0,0.0118677014426855,0
2026-04-16 14:21:27.080,122.2,292212806.0,23.0,0.010756973240272,0
2026-04-16 14:21:42.080,122.4,292212806.0,23.0,0.0129616670567822,0
2026-04-16 14:21:57.080,122.6,292476054.0,23.0,0.0112284743924344,0
2026-04-16 14:22:12.080,122.8,292482342.0,23.0,0.0118120723316215,0
2026-04-16 14:22:27.080,123.0,292744758.0,23.0,0.0105114909935414,0
2026-04-16 14:22:42.080,123.2,292745174.0,23.0,0.013893961808527,0
2026-04-16 14:22:57.080,123.4,293270643.0,23.0,0.0103412553244314,0
2026-04-16 14:23:12.080,123.6,293270643.0,23.0,0.0120593585455523,0
2026-04-16 14:23:27.080,123.8,293271027.0,23.0,0.0117221887962523,0
