requests,memory,threads,cpu,anomaly
0.0411950079022556,0.0,28.401224053137817,0.189100914439853,1
0.0252535641226479,377447891.7726636,18.872407907778364,0.0208861039161392,1
0.011727508673707,235398679.9893184,33.33975053067864,0.1782365400732705,1
0.021692196669435,115218233.2960832,26.915501666554075,0.1446684992414803,1
0.0448884989942663,182690097.6072815,45.7918168359883,0.1498374274697398,1
0.0290171570626347,773107515.6793127,35.94783953331134,0.0001993118478459,1
0.121904915048487,22132360.032505468,9.370634442426535,0.0069735308718714,1
0.0211543682485393,0.0,36.91778681099076,0.1712090604433933,1
0.0278097498502567,964527048.4740754,20.845938010111844,0.0,1
0.0125347227634945,86910127.82725316,26.89331600588095,0.1557506059961326,1
0.0460342937578597,864542014.949578,25.619311103980188,0.0,1
0.1188162195247582,183784967.76302263,35.73128054941682,0.0250194716050399,1
0.0077422311575309,580559218.9034265,24.454894800265897,0.0255155818938246,1
0.0431217448756588,299607556.0937383,28.526878894601914,0.0503823245869734,1
0.0343807026809316,255703026.59150785,12.409077892496043,0.1161541773184092,1
0.0,307020935.4200895,17.81647140185892,0.0385868624359302,1
0.0042353002270078,743300078.2729428,33.85160712675816,0.0,1
0.0027343315347291,0.0,31.6514089691552,0.0605709942869918,1
0.0347321066771313,575455580.5749087,20.913448941145333,0.0,1
0.0522398519144658,622228776.4028169,36.03147036041367,0.0535559475678669,1
0.0453118864300999,98085030.62103878,42.57013914984489,0.1470272758008806,1
0.0355036893229074,97322191.01706327,9.33239239573507,0.1502538777622993,1
0.0172160469421354,357648855.3500109,32.45364024934866,0.0091476117109239,1
0.0353458602300048,351605252.0792481,39.49132209127565,0.0458426058499756,1
0.073733350364504,0.0,26.005271599870788,0.0664825317112195,1
0.032918993812668,30983287.237452567,13.85746184889276,0.0993751625266125,1
0.0529622785310485,802957641.3881725,23.42251988610285,0.0,1
0.0290362598678589,5595131.599775121,29.52660313077456,0.1529422122851538,1
0.0119097564391817,235837686.3435129,18.922456188841323,0.1915933223259527,1
0.0326687717664553,174080791.8823008,14.043443854652429,0.12367249970499,1
0.0516569663630149,706265666.3628803,27.26471942797576,0.0,1
0.0041015623474783,301255986.8322032,20.249831748672545,0.0334416529990062,1
0.0399127331888203,578728664.999494,36.285936255250846,0.0859690013269452,1
0.0350888459634247,43274069.62482073,16.825748854886175,0.1798234614338545,1
0.0461288356815027,757178931.5647213,25.13889574645193,0.0,1
0.0441592578764058,143516667.6160854,75.33363432239933,0.0344629384546403,1
0.0010540932696408,201751178.5642464,53.846815898150126,0.0457706451197062,1
0.0525242117118319,254725021.75701025,39.84183388325992,0.0236852153319374,1
0.0304133239234632,601441905.7794999,17.79136944411151,0.0202736597739385,1
0.0090038768067368,337710654.7276548,26.04747222509336,0.0276829279513531,1
0.052223954504609,0.0,62.12346351924791,0.0230716608361054,1
0.0330305602204232,855655554.8829186,25.688448545665143,0.0003655055061863,1
0.0218429217939459,378093705.0409967,19.67489336198683,0.0213782928366959,1
0.0230774228577332,154026399.00281018,11.793378592967926,0.0758068284345651,1
0.0250859278096552,190113964.97988656,37.52325400187053,0.0611262541461138,1
0.0143982639983117,188348710.69795567,32.34204681443681,0.2000632911045616,1
0.0158154135843516,343143574.09726894,33.86170943081221,0.0224053959550408,1
0.0363175931172343,77424709.10360152,66.39661692032246,0.0600932985730926,1
0.0632657642318998,270998993.3624581,18.41113446842001,0.0268196603008533,1
0.0102282386207886,412355077.5072783,24.368211247171843,0.0,1
0.062418149510007,176231747.93659407,41.99278968916569,0.0252779305224865,1
0.0451578112364881,997800812.5950726,22.999712895063247,0.0277279062704748,1
0.0266654817508163,713058333.566756,30.587755893420173,0.0,1
0.0149198253727985,352979057.93062305,24.82112927756872,0.0520513918027335,1
0.0293159510131567,0.0,28.797334270175057,0.165750420538446,1
0.0567890401176271,103939934.3690118,19.02997946022247,0.0671836873525657,1
0.0464080433690158,390156263.3228663,23.762829822752146,0.0231924089565809,1
0.0,789813492.8809092,19.81900335717029,0.013558564069204,1
0.0435832831697667,0.0,25.41971642420588,0.1550715039872503,1
0.0325530617803001,144090068.44049054,75.57083407181727,0.0453620765759818,1
0.0131144267108257,181057231.9076976,17.676527661589652,0.1445851705833927,1
0.0376894282972306,590650598.5012379,28.63743765174086,0.0049949165041733,1
0.1152026506674185,0.0,16.11154164227156,0.0588434802066679,1
0.1393985155176168,303192665.2127019,16.975085511612132,0.0186608914946488,1
0.0463135386263188,80501324.35385321,38.0129581097721,0.0815608797276961,1
0.0348599997607312,32039954.83040865,19.32903207300936,0.13739954661162,1
0.07660379090737,118048604.95532666,26.638641621845828,0.0553898534498425,1
0.0408572255089633,29128321.07916113,28.90409317831361,0.1478728838115006,1
0.0275788358755732,0.0,23.811314988536157,0.1224205555599105,1
0.0234090739440892,226996682.09674147,23.50964185487906,0.1570122823882533,1
0.0170210097125545,153099152.13083076,28.508631057875043,0.1892004271842506,1
0.0231703996805056,176562201.3726685,32.04178459959549,0.1316581318372092,1
0.0320650407705331,660171265.717325,27.53471903069345,0.0005371203415719,1
0.0174796139413639,636426340.0171587,18.973706398749435,0.00672616280303,1
0.0369049044421452,68903832.64863002,16.679543081483725,0.1643641964682434,1
0.0301977714958266,562112303.7239484,10.589356741869056,0.0319039072852399,1
0.0324873695971412,0.0,27.62753682421453,0.1609499758914117,1
0.0,73937997.4161156,10.4211207624886,0.0495628266666727,1
0.0012412241524889,43583257.66399286,11.341565418883134,0.0485066836700932,1
0.0433327976243257,351254068.5356821,41.739951499170736,0.0102053692293741,1
0.0407571042685199,129577934.86139584,41.153490152433534,0.0763563103868268,1
0.046116472298541,594120318.1416477,11.687951221883496,0.0155893120225322,1
0.0437386930449584,45504170.74110382,30.275839627710216,0.0758235623660776,1
0.0315697592619978,54350497.306765765,19.43581336297323,0.1353326696876845,1
0.0,94337495.09648994,60.87887311356177,0.0,1
0.0,313877118.8799584,33.15144127403008,0.0343065824552882,1
0.032492179997982,731850074.8342829,18.38032980020803,0.0119897542390757,1
0.0002324847276082,120757731.52199788,72.07914080341152,0.033191773023799,1
0.0100895884078226,332697397.5606326,38.56817598757943,0.0,1
0.0108082901207975,313543970.6628365,27.26192986532756,0.0601155209423201,1
0.1486654533479879,206694336.69883263,34.51744471660792,0.0216111040686629,1
0.0240125956670708,747138333.622785,9.953638258714244,0.0268692488152394,1
0.0155631050590353,817365657.8891892,22.036301861282418,0.0478672252948513,1
0.025277852858709,733008581.1289065,20.960235501310954,0.0118533979636407,1
0.0477599771013587,637163581.9599355,26.28072382097928,0.0,1
0.0419848986462503,227551898.9424315,76.2590794316653,0.0242770072438668,1
0.0406156659965117,1012711202.950686,29.724451130044724,0.0277036854951289,1
0.0345597744687665,76790429.08015184,18.29156805057173,0.1146990037900556,1
0.0229453301700674,12992672.314538538,29.161298588870157,0.1185480009560946,1
0.0323830080198284,0.0,13.911780445169027,0.0861119662613029,1
0.021842851365258,693485362.1812027,27.82873220910022,0.0566365323829744,1
0.0284106069964932,837932793.5615145,31.27898499315408,0.0037559724918427,1
0.0416807842779987,494753201.199337,31.699645648040143,0.0,1
0.019512247877902,0.0,35.09388185692278,0.0670455160326332,1
0.0328505485089527,511565468.1962876,18.976891477558983,0.0190422119436516,1
0.0218511036224162,623403084.4595559,23.51518122356084,0.0196266411462408,1
0.0224099862232704,802084797.7216586,35.29822114154108,0.009550688696237,1
0.0196074884213136,0.0,38.063386960872016,0.0652892465629261,1
0.1131995346293276,12879193.756260725,29.571098330985524,0.0342685972119153,1
0.013415391535426,798408197.8680975,18.907336629191995,0.0101640314540789,1
0.0380263670891761,51603779.98444885,25.91178255322825,0.1531808340760109,1
0.0378875960219435,907355693.3427988,19.592872592077185,0.022786617017445,1
0.0240674326471761,56363248.48197147,36.70005093956644,0.1725228189691914,1
0.0340657854196759,724833340.0888591,23.711110172770447,0.0203533265719538,1
0.0484345254207487,138447931.46597686,31.50042782316488,0.1730667161052819,1
0.0163559717994657,0.0,43.22109585707367,0.1792592310471797,1
0.0321702614132922,323156726.36913776,1.0,0.0095099779385679,1
0.0663419684347603,190259155.2411248,43.42670218520118,0.0,1
0.0450529235881728,413909149.99190295,25.73599663548703,0.0137428442842883,1
0.0,316201020.79217786,32.08595318609524,0.0,1
0.0234174070657815,824189354.3846478,19.242388735499425,0.0058293157431681,1
0.0231260404139352,828732050.6732664,22.5627862460924,0.0363698446675687,1
0.0393058462853664,202116162.41036937,89.50378822981814,0.0334019541048694,1
0.0157731746639418,216801828.27290088,67.91519659717963,0.0342545555909046,1
0.0187035519776186,153693703.19869483,27.484727697500816,0.1486930773230306,1
0.0570091656337073,60986647.27364797,33.706883808861164,0.0595807130441439,1
0.0245905116071444,0.0,17.832556582205044,0.1750640211088018,1
0.0378679548324591,736466101.2330524,20.45398425512095,0.0,1
0.0457701756046789,49841405.952576,12.99891012415537,0.0610395851932443,1
0.0162470455484638,0.0,33.84655168373081,0.1918676858943281,1
0.0127454429593087,33816270.82797012,7.732012823020653,0.0490815226129867,1
0.0187120627722882,245397086.90440097,34.90747315807821,0.1155052134538456,1
0.0552862489052723,493132190.6279133,41.65622407168899,0.0049755316682275,1
0.0451252641812473,257854567.3096168,44.36714737873631,0.0,1
0.0512096806106745,0.0,26.48886792111769,0.0950817251616815,1
0.0302119189962433,640181574.6321688,15.343189335324574,0.0,1
0.1337311753642147,68612922.03341888,9.17778400879819,0.0154540358928591,1
0.0,310696745.64635074,17.196955971287842,0.0463159159538475,1
0.0383675806312702,755753681.7216226,37.20439236128535,0.0,1
0.0349994572380941,46399954.23665822,40.636239807694295,0.1950293401572563,1
0.0350215965724928,51809201.89245968,35.31770455581358,0.1608176872463127,1
0.0198686069408839,723296702.3240726,19.657562923679254,0.0246071045114514,1
0.1209462609545361,251598503.3824661,22.763477024215213,0.0273896900811185,1
0.0193547488272783,185634245.78842545,27.020509893217096,0.1389019947331853,1
0.1029870938157692,0.0,44.471653057250165,0.0408882258521864,1
0.0,218496299.8445117,13.29568402522868,0.0630668952754814,1
0.055693289368918,493896910.7543165,19.25556125216088,0.0275594498979734,1
0.006883061346751,312946848.47786963,25.19267568281532,0.0358640019295146,1
0.0,0.0,5.322481037671082,0.0264575965522894,1
0.0329092038173438,0.0,12.761385527023048,0.1165977122984407,1
0.0284593388812973,772784242.379987,25.741689528458608,0.0346173248628077,1
0.0205050797303856,500292286.7072966,35.03573238867707,0.0161029080222402,1
0.0546454498352875,46319596.48449537,25.400045552389034,0.0611459484936563,1
0.0307323380743179,0.0,11.908911801163583,0.2025851280387428,1
0.0468089689577117,45698590.58469457,32.273407245513894,0.1082032957312106,1
0.0257043611151056,56716361.50434695,38.30180962197647,0.1384750838823659,1
0.0308251360618945,7527063.817437515,29.671757123151853,0.1191767272223103,1
0.0234156430787148,818173849.795676,18.860365360980765,0.0,1
0.0023914025435217,174007886.8124677,13.531641194387673,0.0945694365027887,1
0.1197451420602533,307961400.55411017,13.239438974218269,0.0463624456662947,1
0.0098951047231816,301591402.3403197,31.550443024274664,0.0463813089284932,1
0.0165435742905211,126466263.67246084,23.42403291920921,0.1763278766746995,1
0.0526816425347241,129566786.146449,76.02486922558045,0.039108545924642,1
0.0430181833488939,0.0,26.07325529390145,0.1645121180460591,1
0.0156956588741756,28866231.021679536,12.353969182050598,0.0590051907449792,1
0.018535006148402,292761439.1188259,41.89655123704841,0.0542908518936965,1
0.0175012400442536,323660756.9852524,60.68114861240069,0.014141418225412,1
0.0547747785036694,104254490.80988649,1.3817957645194952,0.0332797038979824,1
0.0210041055149614,222888589.09591472,3.614366729801727,0.0513234741307678,1
0.0149478011097666,314082183.5128509,26.538317158274275,0.0466447240193952,1
0.0065927064128848,119413377.35426416,20.81302140009901,0.1508060897922682,1
0.0258307367101661,118912959.1648624,11.831324563685582,0.0792144603280205,1
0.0528268534214537,0.0,12.636945117652036,0.1072176505786926,1
0.0488236880678848,0.0,29.465469656585228,0.1055594259597086,1
0.0030749320025885,10253625.44365251,28.445484091851693,0.0599160904784657,1
0.0292902349305106,0.0,36.80313938696114,0.0588145827542684,1
0.0075499958397282,284912254.2802028,1.0,0.0,1
0.0170095371260279,0.0,9.671113756737828,0.0633251646875018,1
0.0220188465537987,119990044.8677622,8.960901435191206,0.0630900549326824,1
0.1019168088548052,0.0,28.565552646601407,0.0697220132315241,1
0.042438642049412,107398958.92926204,24.757656773878107,0.174752818735667,1
0.1287285079883588,217199080.3027643,19.93874847020639,0.0119181340662685,1
0.0901891646901403,0.0,45.12263615769105,0.0,1
0.0082390114422086,846243735.9598597,9.529016398228602,0.0185967116239508,1
0.0320507923349744,311750166.7064757,24.401989967679203,0.0576038225197181,1
0.0236199077369615,763935804.6800601,25.779128582665656,0.0073862268267261,1
0.0509975485848369,116737787.42669514,53.55910344910374,0.0473726488777597,1
0.0,0.0,88.99531676958294,0.0167482694796946,1
0.0074701393944151,303640368.8178081,37.152091371835255,0.0440710552433787,1
0.0272369578914292,362717575.18837607,37.09641854543527,0.0119233582645533,1
0.0499856206264776,0.0,49.93300511335614,0.042464699961845,1
0.0561908151243047,254903222.1465745,35.956520268179545,0.0332439788123911,1
0.0422109730024265,546240473.6309721,29.012387795279174,0.0147035486160932,1
0.0505045058146555,0.0,30.658271426572025,0.0648593431892909,1
0.0212072436545136,88066964.82859102,87.57112469715783,0.0528896002730697,1
0.0151589217387329,107027858.76478466,35.30387361216833,0.1604027449910624,1
0.1200368360390805,63651315.07556023,10.726275580276226,0.0160253220886158,1
0.0652354662277734,291659838.6557827,24.82459403588132,0.0,1
0.0385254980083154,724689018.8257985,13.121562655431946,0.0,1
0.02508338584086,355797254.2177348,7.213652818659959,0.0,1
0.0338000516107283,148508015.97824532,1.3211947097053631,0.0468310616572005,1
0.0202814491540374,0.0,36.67939572996127,0.0639131465520455,1
0.0280982385782423,230004805.72575107,37.744880992784985,0.0557429465182966,1
0.1169963008181131,5984288.276385412,18.679906503325174,0.0462486221782393,1
0.0066961093866794,762872723.7940167,26.883391097431986,0.0042029341790133,1
0.0286232788063102,621093439.4551654,30.157566963746664,0.0465102741317694,1
0.007291450210902,342844796.93660223,26.63270250784652,0.0,1
0.0499201153734924,0.0,22.41639786891929,0.1483707655908583,1
0.0398391789171419,0.0,1.0,0.064001576663325,1
0.000345959500112,266102806.84619397,1.9329021164613565,0.0320459063369804,1
0.0330447365836367,0.0,21.560252760939697,0.1238819632586358,1
0.0234019734905392,18626074.289847523,19.23068376693816,0.1169998110082414,1
0.1339427288608308,206755360.6570041,13.923787328467634,0.003469495652303,1
0.0146987578502364,748251831.9567738,23.714406099738238,0.0,1
0.0159856620013846,196798056.97687605,28.446199311636374,0.1721402032537226,1
0.0107635646208395,820869282.72746,22.062025409735718,0.0254139473125504,1
0.0389995450822281,38424036.88066092,83.8459809836009,0.0431913846407488,1
0.0131808154419721,54867055.408982806,39.626043547615446,0.1637225206498296,1
0.0250009109993354,0.0,33.738134859140374,0.1374953546158367,1
0.0070211807300827,134562206.6723889,19.687576614326016,0.1183538723397707,1
0.0195513398054103,349012630.76477545,6.300008028535032,0.0,1
0.0419480546820597,210708791.32056,41.5401595999533,0.1348689334757053,1
0.0297909321641552,377734561.23826265,22.409638767663765,0.0370765740472707,1
0.0183008363795832,11616414.363702564,31.54238071102503,0.1142896668195792,1
0.0616022241370192,1056625000.2648412,27.28347699207356,0.0,1
0.0185803104434073,819128611.8464575,28.82729500859685,0.0,1
0.1356994985635475,109633646.4396473,18.449570956621248,0.0431650801422941,1
0.0466649247353595,450916989.3774085,20.97589898755821,0.0,1
0.0344387989862624,64307533.42650531,1.0,0.0527858625205664,1
0.1192461959097487,42702640.62353181,32.60449337485163,0.0388193394548087,1
0.0285647265260607,625122910.7288325,24.0422176591924,0.0501953654351096,1
0.0262741087753567,374964492.17093205,25.916498151296352,0.0240115539928557,1
0.0469243960329258,276325354.5800978,14.12981198498292,0.0396328239336234,1
0.030146832895748,0.0,12.309746711286293,0.1302292126789257,1
0.0139460328470603,45638796.74045868,21.42517520137204,0.1461066755669741,1
0.0033182422506341,221519376.1405816,91.38888919733516,0.0162675211113054,1
0.0206386536829088,282199743.0971761,29.53417767372398,0.0564499963787012,1
0.126810065681449,248972091.944404,22.53803249379508,0.0352551706721498,1
0.0218114556289493,683107524.6537915,18.498868840100645,0.0,1
0.0419023031641777,347007801.7517685,37.12892354038792,0.1886614230642245,1
0.1251387565564739,271243462.5838628,26.079088899055854,0.0,1
0.0156689430901373,314601707.2539336,37.819739300844766,0.0,1
0.0055306493477074,199603707.0714233,66.17043711703198,0.0202215373058727,1
0.0047701375338135,308841878.26671684,12.544364515049374,0.0219458220990913,1
0.0328679535586805,394584628.99715495,19.719819066519463,0.0128178540592942,1
0.0247889275368012,777162306.3089724,19.574658475488917,0.0048641080086663,1
0.0349301197360746,96435426.95293903,19.246054423809685,0.1680132624389486,1
0.0365914147779464,79962209.45318474,29.878978648741395,0.10534415690084,1
0.0215244192002237,137641227.28467333,43.95963689653088,0.0521441545835161,1
0.0149455303153588,657256623.9158442,9.97174862293356,0.0030640491880143,1
0.0028608234133365,53493565.01562899,10.147466297230531,0.0555021470937721,1
0.0338483808386001,743752975.266409,29.28237022508477,0.0081518988374308,1
0.0022148674544395,300330965.5287031,15.047062772843445,0.0,1
0.0423950984728041,670220797.5012593,32.17847610398329,0.012617362890711,1
0.0476567274774726,550031700.8309216,12.691732101758202,0.0234117462521729,1
0.033348045951325,225143940.52029404,22.862085029702683,0.0703556257082092,1
0.0164677266152371,171825043.9231332,7.147117014816136,0.080293509673991,1
0.0107711295153647,389184829.560022,19.109068285876766,0.0409823117801095,1
0.1175381977427963,93636993.21896434,37.33585793629374,0.0152794847079857,1
0.0486816621778053,112660472.22567424,40.823831258848685,0.0533912707927926,1
0.0471302469037024,0.0,29.571670084501136,0.1481344851883743,1
0.0254571942744526,265805924.34185943,71.04191289970832,0.0352472246340954,1
0.0515981900767027,405692661.3398292,24.95480787035513,0.0,1
0.0,50350575.52714023,29.038067815532216,0.0576621179744753,1
0.0167690382106493,0.0,38.756734362977966,0.0691149454502235,1
0.0725116594607695,193127548.3224641,24.04551444288763,0.0615747078343347,1
0.0411585299422361,0.0,76.15276720329592,0.0403102481339607,1
0.0392135602438061,749359500.9577209,34.013318010313455,0.0087936179148656,1
0.0415800389164496,483620783.0688399,27.67560254185667,0.0033982804150402,1
0.0132813786957902,98049509.2282836,39.6079168076072,0.0612961611309208,1
0.0115399710952604,338484456.00612247,31.366387587539972,0.009365521476409,1
0.0311347357983851,490998680.497035,33.93523511342632,0.0,1
0.0,308612394.28536844,17.90738946539286,0.0,1
0.0405567888293174,601807797.9981394,36.01084396610828,0.0,1
0.023823398860924,369235553.76753473,8.70737284315591,0.0089814075164025,1
0.0368315685611251,74026099.24098063,29.86962785607244,0.1572499028970121,1
0.040537038554921,58767799.097164944,36.18596449868182,0.0746095858320145,1
0.0018490569589972,119014178.53807008,79.38710273705013,0.0,1
0.0483429654858576,452350279.25737953,15.618938181637848,0.035879914389847,1
0.0298107007020498,239857456.7965262,23.32329253087568,0.1200225515935519,1
0.0577236828796855,315714558.1110614,22.85982684914084,0.0333372201596344,1
0.0132460324499576,0.0,22.133981802814723,0.1602219483579695,1
0.0199635014971875,297503962.36415136,40.684007560391365,0.0065157847355565,1
0.0401542321455384,755324991.5762496,20.09717330028911,0.0,1
0.0360391273617293,240027365.6363303,29.37813795879515,0.0613095374480133,1
0.0177979360631494,99001736.37885328,28.834693550876796,0.1322221722937584,1
0.0250066400591648,95626807.9089484,17.18365802005904,0.1207608489189051,1
0.0304780610191581,524208409.48942,36.78162860334119,0.0,1
0.0223092217786607,62411658.17024702,8.94370850152149,0.0647799058813176,1
0.0443545984107129,57784263.847574174,5.611212892412432,0.0539619750921431,1
0.0245317537998727,0.0,13.339849858837546,0.0849273090495739,1
0.0081026350816193,183420076.26800117,7.292959430390365,0.1628091976670653,1
0.0081263985177665,26310976.299087998,13.02679616579982,0.0615066768704418,1
0.054195508882792,336431767.3104556,12.517413913578991,0.0537226258111942,1
0.0858957491830794,19768469.05513537,18.721240486746616,0.046569893983079,1
0.0481843915700733,365266978.57591033,32.72148163154522,0.0,1
0.0,40625169.30297451,22.5815228191123,0.1302249850538471,1
0.0206678156390352,334113132.5829272,35.69168161660986,0.0183756516123361,1
0.023649822954792,228533653.68363985,39.176060501924844,0.0700110740848428,1
0.0,144634498.58695662,31.90776962620864,0.0636645130751286,1
0.0341228976526805,560774104.7859393,27.2483789806194,0.0367971057598307,1
0.0214382194940091,147146227.98254555,46.88828057710779,0.0534004334488629,1
0.023435171253244,407394443.7095456,28.4239152993608,0.0392248606793503,1
0.0209242936608433,621675809.6450406,16.90382984550189,0.0,1
0.001203693579252,229615756.4959956,40.4687029664062,0.0028917094291675,1
0.0370951611654763,538193557.8863285,12.279229539184264,0.0126221143333911,1
0.021274565488102,0.0,26.27592369572904,0.1258099035543246,1
0.0338627942446704,0.0,29.372059094475446,0.1152549989997782,1
0.0037917206884583,284021163.3419226,13.070768123384408,0.0,1
0.0639519888437922,53030717.42805684,28.15427123005717,0.0898325932141797,1
0.0335458014506654,288374348.26360595,34.02394795860236,0.0716561304399306,1
0.0181557916035091,131794295.7322396,37.1749787158535,0.0738100796525016,1
0.0293479433597908,58184462.67047539,28.81892976045214,0.1170175037929853,1
0.0002532546628543,9342346.500799894,75.47203473454638,0.0,1
0.0035032249182329,334865046.54715466,17.508058239079713,0.0287874609112044,1
0.0366838552824604,18041723.99996812,31.01218687824258,0.1048368350506107,1
0.0158982593815797,346320756.3297796,27.851560441078504,0.0528649232004321,1
0.0453854324230685,8911974.011283472,28.67895695419839,0.1696129638966957,1
0.0809673461500734,31933065.56179212,37.082964971968885,0.0455629871027221,1
0.0127646176109645,746586651.8333734,27.69869387072949,0.0,1
0.014473744037553,186559855.7939057,66.78632348217151,0.0128869774326725,1
0.0366764273187524,303272971.7236678,9.38487862728167,0.0277412379117248,1
0.0189095148440433,318729069.9601351,43.38453483239912,0.0,1
0.0452555362885463,130576225.9943457,11.636980049789576,0.0661573307939971,1
0.0687417534330961,228577972.4609377,41.42898359752134,0.0081538732246675,1
0.0109520143194333,151748824.60924715,17.112473459609053,0.1725202412658902,1
0.0315125942791647,0.0,31.996058542367003,0.1701598884946677,1
0.0164265174779425,230956157.0918177,84.04909084412563,0.0341637051614773,1
0.0234186851049226,0.0,7.7997692221850095,0.0539062451439523,1
0.0461472155891158,125464840.73218098,83.6255846569574,0.0416887764479162,1
0.067076241531312,12045886.62004961,22.340260547738428,0.1138713602720392,1
0.0570053853393141,275274476.7844498,11.94251490375851,0.0290203299145217,1
0.067366596184572,287134192.59969854,11.743448677872324,0.0144304292008342,1
0.0255164808092027,338688584.42312187,13.462076685303323,0.0130465514270696,1
0.037981701733815,88426924.96760835,3.027614380160262,0.0920031367825472,1
0.021538513049699,265412366.9466618,29.91416438726206,0.1617402217748985,1
0.041736580080752,194409791.12113276,34.54844577476737,0.1501051926959414,1
0.0287498566589764,146702474.045162,34.3236487261171,0.1162479469765468,1
0.031563744018967,462072322.0181947,30.482776612802947,0.0074988324279443,1
0.0231989552200592,678709193.9583108,27.820006185877965,0.0177562072461395,1
0.1432017651152075,147547796.67320967,28.613389793955296,0.0351903751731996,1
0.0420840550980727,812697359.2822479,26.828830789825822,0.0133664887313933,1
0.0320177799063698,0.0,46.05615154380165,0.0529960958783321,1
0.0357870015127321,362402845.2956573,19.01599724323937,0.0385406060698186,1
0.0312657620822753,859521928.8579808,26.23890081123361,0.0,1
0.0445436596217029,465722370.7859788,22.824903022067453,0.0039872958445856,1
0.0464973904648403,800984576.1581578,4.807300031514469,0.0128955626629283,1
0.0021378051478669,7712122.700551659,6.621756972202139,0.0525997450823465,1
0.0197526442610296,64701413.52542394,36.6887861018968,0.0686839191696569,1
0.0416644608643322,593844512.5939755,28.69951063141766,0.0,1
0.0098427655208169,340308083.08391064,27.337311313699654,0.0044158615917965,1
0.0406001064938376,739120849.5639935,20.886307701283755,0.0,1
0.0411378318268221,0.0,24.771806097394744,0.1503165162662457,1
0.0472275560754736,18333935.77627863,85.5987155076532,0.0343333442146386,1
0.03404875090935,806760207.8753054,23.194274774218886,0.0140822004909143,1
0.0201595567536736,295084143.57457495,41.048673760188976,0.0447304715995756,1
0.0,92417865.05637896,38.12011588042894,0.1200471934536877,1
0.1158569778667003,9662467.50419353,33.197827103559106,0.0052987819034183,1
0.0140989538104717,169069149.49027425,40.72961583009992,0.0712008894444703,1
0.0482971193855187,318662299.71054554,53.61257457196988,0.0024385677311485,1
0.1200762384432547,0.0,31.048690375431327,0.0453660309041214,1
0.0189952310550046,90134535.30309464,18.52718349198803,0.2046078269208313,1
0.0328384145020358,459698574.4678964,24.94214845525381,0.03887178718683,1
0.0522030238765916,152452923.32230613,28.32747986175845,0.0676064605472264,1
0.0622788504662621,255111797.2788148,30.14762746329259,0.0414019095361047,1
0.0242340952834737,333419593.86542904,74.02859990684072,0.0104713522467892,1
0.0235613375697357,803181100.8534788,19.890249961142494,0.0083894006621017,1
0.0242270398378404,631271874.7023494,19.277036790215355,0.0354100460158363,1
0.0324689073026953,0.0,12.937110334994273,0.0689033300958566,1
0.0481158740900043,774834735.2306944,30.809716994602766,0.0081928879197168,1
0.006563918205819,101350382.04195008,14.95780859922179,0.0555635039378373,1
0.018878888029907,271894738.613336,45.47816002683683,0.0310436715497628,1
0.0133657316964393,425373261.4792391,77.42168633030619,0.0155855277184755,1
0.0243911168852248,726870981.4598585,35.800074420670576,0.0357861934948471,1
0.0348074694866376,317663223.02761126,21.05162440881096,0.0523461684767497,1
0.0,694600231.9214507,27.48462952328238,0.0090095157142823,1
0.0865191523822899,860057096.6530808,1.3730624388803818,0.0269276359611677,1
0.0,0.0,29.765515630803744,0.1481789740857666,1
0.0326922755918299,847749544.4333599,34.88167709421755,0.0250924341454693,1
0.0,57554591.65685032,62.22417630947568,0.0,1
0.0,251597205.3524477,22.53693953240572,0.0524104269146769,1
0.0227170601186147,142290071.5915656,33.857110113787925,0.1050825526064397,1
0.0237994737356715,686640012.4870023,29.917097090894764,0.0134841645937789,1
0.0045396210798352,362650745.7324671,40.32063850396913,0.0268987834451412,1
0.0,259068973.5340217,37.88950999603562,0.0,1
0.0,293733593.99479294,36.48167257292735,0.0051798298896424,1
0.010554317747321,397774933.30508256,33.86319206852779,0.0,1
0.0177942550912951,62737330.151562616,16.498492278729643,0.1428847877266881,1
0.0111619415582456,175097864.05818892,38.88737819489833,0.0845110643950761,1
0.0116599600345665,179841067.58130574,74.9607670530067,0.0119660277836124,1
0.0253167343958911,87397062.4262263,31.24564532507173,0.1903247058451312,1
0.0267844645320869,643692765.8382301,29.732724238323232,0.0214156846033748,1
0.0787733824561873,265136758.65141097,36.30824729249835,0.0,1
0.0380913300041726,159650565.66182128,38.27834304510144,0.1616945576355734,1
0.0,0.0,33.559157661166346,0.1813681331016196,1
0.058643977015661,312694691.1417259,28.473862349685252,0.0,1
0.1408145345231464,0.0,32.1382488109008,0.0353817967336762,1
0.014977778291055,369412652.21097326,22.783652660839504,0.0135405377764036,1
0.0162469486444778,339931162.1104884,9.27223226541376,0.0,1
0.0130524765257077,122901945.33727394,27.740584159019196,0.132968704515948,1
0.0489339095457337,26146748.968387008,66.84925950126282,0.0242194115322752,1
0.0431169018156782,547703666.9340593,35.33344108408167,0.0129703684038454,1
0.0129316751763951,764025057.7571731,17.14375827063697,0.0,1
0.1026640091489803,151969032.79264104,37.58880684087476,0.0017992393653108,1
0.0317970878875243,292503089.73474056,83.20054383890428,0.0222521610414749,1
0.0321568218716416,1004414797.7351716,23.10187758503428,0.0,1
0.0304529440183624,259070574.1208968,19.90251507007545,0.1561467468263813,1
0.0132649542304227,119796245.03474817,16.361294773176656,0.1304999807326639,1
0.0996309942146316,105888542.4473888,37.096272832222105,0.0,1
0.0464857384770469,858677637.7555246,14.525005943607932,0.0222176924478891,1
0.0110094648074668,8262132.322373107,71.00451592989013,0.0042518454404108,1
0.0,0.0,31.730397850829217,0.058867255425309,1
0.0021131709295784,629011143.0773134,23.608044950205585,0.0114851479814049,1
0.0342866725941164,590347872.3653249,12.856353706219885,0.0,1
0.0233743703102581,503423282.8246065,16.151919766391284,0.0106412496117763,1
0.016712556311367,52800706.16745141,35.47249646324477,0.1032626904905183,1
0.0148913400238815,429983722.8532878,23.382458843382977,0.027115197086569,1
0.0399825571000825,358041113.13423264,19.45815134475911,0.0433972631882464,1
0.0269856946912183,960870308.054508,17.004453175525,0.0,1
0.0266900017175664,210913372.0025032,7.683963785596855,0.0585511437961149,1
0.0007362595040925,0.0,20.297301589920327,0.0580298178060145,1
0.0184082991920036,338642409.980313,31.59476416335094,0.0394156594710608,1
0.0060817717189954,0.0,25.8241562556376,0.0934661702507413,1
0.0293801064125065,5917267.1084406525,26.580067996301704,0.1576578576799851,1
0.0070429145184002,765945611.9396697,12.877023983929684,0.0142125756201704,1
0.0143005320559518,836335448.3284945,16.163850433943338,0.0,1
0.0373067073505151,311058911.8080808,11.714478104731072,0.035775248118938,1
0.059673612584752,51398256.990385525,15.418919151329249,0.0577583879147972,1
0.051248643353846,421213174.8226558,20.020875198110517,0.0391290893055877,1
0.0427750325791987,206827540.9169344,36.8452209550816,0.0717263509975368,1
0.0663688959267062,822199248.2386807,32.944163179663846,0.0223972060718927,1
0.0032349039005861,737398521.72683,23.63220198481932,0.0186893757733753,1
0.0440389528812137,359753089.5134615,33.10041010279558,0.0,1
0.0292594407813471,247949804.34187916,27.43943476454602,0.1425638141736853,1
0.0503527316447586,526013873.67889327,16.770320104220904,0.0045130928347435,1
0.0371140809774886,190809129.53140005,12.642016494806228,0.1077158640154118,1
0.0375383722674196,200265960.50104547,15.380902421391925,0.0738204250335956,1
0.0130289364756067,262927250.9091773,4.721939678671806,0.0296960209592899,1
0.0032158425688391,0.0,28.181764587167983,0.0604724424586815,1
0.0515638819233747,629453055.8999099,20.37768922086665,0.0290250204864564,1
0.0,56242586.36730756,82.94438599161629,0.0,1
0.0183456389165085,282842492.15308225,41.43351716032042,0.0,1
0.06277947115721,10565017.588582603,15.057647577491409,0.1460082043821865,1
0.0233591783059448,996333736.9988204,14.687518453073304,0.0313884665319172,1
0.0095537039433912,40642837.19518662,36.027487093541566,0.1466819789393669,1
0.0098596141203814,883162898.7535443,30.92077180205425,0.001038333932388,1
0.0525652544357602,89060935.3059171,25.65733005816709,0.1280096624445224,1
0.0044233567596954,691989679.1055622,14.484714739184144,0.0133604059785695,1
0.0269688671806951,797557563.1124358,31.70155425463097,0.0247095189437901,1
0.0190678823296408,0.0,32.64858701336346,0.0757224765347541,1
0.0207405692447886,1017317316.8961636,20.169081405087532,0.0,1
0.0497144190183635,177460595.2505971,17.70088440816439,0.0697813461867628,1
0.0604303376406788,233473896.66503027,31.580247022487768,0.0463771708189912,1
0.0165199276311308,362165558.2977706,36.82276664936732,0.0087524710375191,1
0.0491828006361532,195354417.58572263,54.57668886440635,0.0565920981914017,1
0.0270847643179333,197544464.3216572,34.67717741490152,0.1130646083534823,1
0.141222614637261,163727022.6739798,31.04579210476172,0.0217665913738717,1
0.0553801502961521,88209304.2049303,34.0289364192892,0.0708970469223407,1
0.0668962490404288,97062057.91508204,41.3900304308897,0.0338599316734196,1
0.0471609743127053,836394776.6872468,23.597958786007474,0.0,1
0.0506926602037696,192554397.64105916,49.42079497676805,0.0,1
0.0493238110940965,352850477.3719827,26.342313739722734,0.0499560965768755,1
0.009724194533743,0.0,75.8265513166935,0.0681198221325366,1
0.0573501944090067,304991934.2557926,18.8486707156003,0.0122619056738114,1
0.081332508981123,146682825.92988205,16.339701553897402,0.0363351616408592,1
0.0159324310369716,47766520.0378527,26.09136790852661,0.1574543862684194,1
0.0012434341625655,21266425.70730967,75.22864788108436,0.0043735031331375,1
0.0232141597845029,40852491.418817095,67.95696693348457,0.0483642237464965,1
0.0652379450757403,76042504.14260276,40.45358448453193,0.0236644936550016,1
0.0366871208037858,197706906.54743308,6.054406558377053,0.0433575720190193,1
0.0416559079944098,117495327.7813014,21.9600404370402,0.135804413643051,1
0.0221155765227408,632393539.2670052,31.935162448352276,0.018761646807436,1
0.0460119622238111,0.0,36.69789755286111,0.0848570453205069,1
0.0431382640430184,338212798.5731509,34.770392488693744,0.0063766659456401,1
0.0379342376589295,157013538.6629704,28.249885452479045,0.1730398241796007,1
0.1309838525574712,90299749.6230998,43.49541497707643,0.025153849755404,1
0.0275522285506631,67120386.64179832,72.44683528043888,0.0504796942354405,1
0.0256706280013227,135019652.00859177,31.9796801287403,0.1567974629957833,1
0.0262664161654144,733237508.0198041,13.269523092030182,0.0082520859068841,1
0.0155114499358019,253993599.38344195,19.63620337770258,0.0606469088831039,1
0.0322773364253184,851561819.307785,29.857128461929875,0.0231571277374874,1
0.0250669889137785,153105744.07560632,32.29419914183853,0.1632740366922033,1
0.0262905501519196,328146064.9982325,10.261677752057208,0.0,1
0.0199851805321384,399899411.400615,19.983199517361705,0.0063162569330731,1
0.0571104963583845,147986121.93700153,1.0,0.0268003059583785,1
0.0285864037817451,306936440.91225827,37.90450441447523,0.0299998889670872,1
0.0579248392920081,59021848.4692353,12.186773239375263,0.0609916303090527,1
0.0201507480385,347073164.8910304,29.84368452608814,0.0325189393546248,1
0.01204109744463,196582015.77818453,31.312628472509047,0.0628469316756624,1
0.0207607530097525,335817143.95148075,44.85567740925481,0.0333265407861825,1
0.0036360082981326,211671029.7826221,6.438526021646069,0.0037357261055554,1
0.0115776559459392,421741048.2021992,30.04079844685745,0.003655333526097,1
0.012841584700248,248450235.3227003,6.436571600489863,0.01618975215984,1
0.0115113521945655,0.0,24.12081133120041,0.072965026009085,1
0.0,411862874.50436366,19.065448813115825,0.0210862915473193,1
0.0444010788767568,329560215.50730133,15.370304645984795,7.354278927684636e-05,1
0.0076373379734116,227049975.71797448,30.2241005607343,0.0597064526413366,1
0.0,219471801.94562456,7.099605542482237,0.0046340265684921,1
0.0307865130665314,221604447.488744,37.58684198184535,0.0595738882256697,1
0.0202570341664135,361253006.6117234,21.265249360312254,0.0294862233014976,1
0.0402038731785655,300078343.5035987,36.50568495083928,0.048181883916619,1
0.0515275525303595,160587406.67553413,12.901393733424516,0.0523335849215929,1
0.01863,20872234.0,114.0,0.053151471528915605,1
0.03236,20872234.0,114.0,0.053151471528915605,1
0.0265489486710854,295991180.7180513,2.8911484418659086,0.0277241253736734,1
0.0072876800665046,283148483.70545053,6.359257736268017,0.0,1
0.0323270779158757,57122036.2039703,42.20120635344249,0.0588564027243582,1
0.0689265350566682,217643888.28645808,15.35761076608975,0.0400965416971317,1
0.0021416214024963,206321926.1716503,40.22916244396074,0.0330820996148391,1
0.0303145983102359,278068666.2569245,5.5829047383967705,0.0085971006378938,1
0.0533407625774439,228567881.3304867,36.67935721370715,0.0759179988534655,1
0.0544473180918216,208041755.03681743,27.749991470554296,0.0531610104731873,1
0.047707896058244,278152723.3210271,17.806101644268328,0.0731962196917888,1
0.0561305077232674,168826856.9561404,43.53326110531209,0.0,1
0.0179187964586829,355984310.02951884,30.36974773400445,0.0243578299209212,1
0.0198657177047039,377352723.6907373,25.498132993068324,0.0773591937287014,1
0.0537837906453353,303676500.50521684,13.201820739947692,0.0191983409295074,1
0.0150826106294733,333164092.6056768,34.071313945322174,0.0435988983444382,1
0.0138311329139933,0.0,42.701204025109206,0.0488116460578874,1
0.0610292792372798,9140928.301701576,23.26437728233663,0.0674617448476562,1
0.040577967150341,0.0,13.970916937552552,0.0598557997486358,1
0.0432333856967238,191786888.94240677,33.03460702416497,0.058683711823082,1
0.0614756968812551,238492398.3417158,38.55906253333225,0.0071800319020574,1
0.00274060301059,272228573.0596551,26.600789570360885,0.0505444449654837,1
0.0009987965962752,202681018.16583544,6.551250498939773,0.0356663810623758,1
0.0157840285015937,0.0,13.319064844848077,0.066510826030179,1
0.0248207190805176,37576545.553789966,6.3614085369048325,0.0502799211450662,1
0.0433884075836414,237695625.13144675,13.821277856764434,0.0555881790942618,1
0.0127440726701947,238231241.0776353,9.288764648036445,0.0531852984116988,1
0.0132472713636042,318799766.1152567,14.30934261676228,0.0061914253931482,1
0.0150497575615937,15042370.702522704,34.00411936267583,0.0595378812174711,1
0.004789256567952,249554955.35560888,15.832048909232114,0.0558359140699011,1
0.0657561897022317,26472849.841286287,37.41573724978463,0.0264912832240524,1
0.0387290707306523,320822075.6725284,38.74376366355602,0.0482689266863113,1
0.0549201268593213,214645181.9942323,6.363845789750581,0.0065362825719184,1
0.0010281164185189,153532571.46556333,3.642995080116904,0.0175857639122727,1
0.0052533857877713,377683991.1483629,23.88053835463728,0.017364935802743,1
0.0207769740051387,205190698.58760503,11.264543672316291,0.053321883513085,1
0.0393451341627249,17356627.193202436,4.092916094907185,0.0528106250040979,1
0.0,31395721.81442766,43.41773220806642,0.0476938650144611,1
0.0,357606374.1043817,19.58640274894829,0.0239180636432068,1
0.0460624358870795,0.0,35.976083874814925,0.0561015808668773,1
0.0305466944406516,318364326.8948505,16.005827405846766,0.0396200131547853,1
0.0509570952511587,443785958.7559456,23.862867350664963,0.0,1
0.0215665998389764,297179547.883721,17.957558409151677,0.0482656771616658,1
0.0535890865374853,259734836.0791426,32.61971980093292,0.0566011928014032,1
0.030009593007504,96162487.1373211,1.0,0.0608845826375362,1
0.0336310895231453,418231525.8397875,26.230879238662823,0.013403947350465,1
0.0204910296724917,329213659.349285,39.39702161000476,0.0,1
0.0126319471638684,159003862.0041518,9.471066765164416,0.0799830102232935,1
0.0467290313321317,0.0,30.21496302783895,0.0834668027156307,1
0.0709280097070957,189607384.5808653,44.09416991101823,0.0162804108090741,1
0.0585463535016681,299286212.057947,33.020631737391696,0.0,1
0.0,29184091.41070768,23.57698432011851,0.0573584867565498,1
0.0440369234639277,290839197.1506841,18.26470712734808,0.0686644173805592,1
0.0247291664961361,160884072.36943138,9.396395858169702,0.0655078446637491,1
0.0,288965773.6302409,16.779877696785555,0.0058573913177365,1
0.0,233577286.82688287,43.56589498134132,0.0332025365479626,1
0.0,41780730.28678756,1.0,0.0276428146790789,1
0.0419192643894817,271522060.5330562,9.138893802124356,0.0386929200673891,1
0.0583985997275922,41932732.94849922,6.106330126043943,0.0460414180082578,1
0.012596445507872,406109694.55015147,38.16358486741526,0.008630598700842,1
0.0590149105401042,210250037.8657683,14.238199197534074,0.0530654170074464,1
0.0201449211871611,213835573.5815208,2.8025812297038186,0.0759869515708912,1
0.0009307545057217,0.0,8.903269642381554,0.052824303644429,1
0.0180239460447162,211354858.30462745,27.32222239124269,0.0767044118413676,1
0.0003311710512125,303376872.07749563,39.14018411342664,0.0139440265862179,1
0.0,131654467.49485244,22.80269422140094,0.057533181277086,1
0.0,112829028.47598924,16.869423464630746,0.052925055908377,1
0.0633362667617043,209027844.8129053,20.0577632696996,0.0367393555538165,1
0.0624955160484533,218615812.96021327,10.257849324030785,0.0259676980992346,1
0.0374028621247649,5570513.118398204,31.762390081819543,0.0722171184802211,1
0.0358460261580198,277167598.3078293,3.2408504586776417,0.0,1
0.0173159857713689,348539715.07904613,34.4278587305797,0.0,1
0.0401558499895111,68750958.93750021,37.511038109755205,0.0639020821743412,1
0.043033842987274,168161896.00925374,37.41410988818975,0.0612331251743734,1
0.0295521215551416,361656941.97047913,27.62179859247459,0.0532149469383755,1
0.0706560133294857,16856557.96033778,38.60862684444714,0.0145328853722696,1
0.0643711620250904,0.0,4.819487596561682,0.0177130803102591,1
0.014361210574593,306349287.85469735,36.99266690837162,0.0218247759085132,1
0.0328641535414404,229567356.99681205,37.12369926773387,0.056316890024905,1
0.0006272840235617,387807781.0165592,27.905596938340985,0.0044172720534856,1
0.0651021474611268,312045927.802621,28.570984936917476,0.032706956951413,1
0.0060498004554062,29239940.97434944,1.0,0.0,1
0.0123980797643049,347984468.60152066,42.23619137728708,0.0,1
0.041567970860584,138613181.33965468,33.45459218220164,0.0681210273432538,1
0.0092271244998355,317449139.6939217,35.18502376695329,0.0,1
0.0503709179255751,334956310.9363934,31.07658694066398,0.0328597119918207,1
0.0330989456450541,356403921.56343293,18.769157569991947,0.0372591873697112,1
0.0244897784854274,69844493.42257881,34.36761941053204,0.0789977925680162,1
0.0418366551178744,80633840.74793683,4.4391095143754455,0.0633188595814259,1
0.0642803760316218,49271868.62803929,11.45437451559545,0.0385491318996099,1
0.0364819517833299,0.0,14.814696205266578,0.0663686114936928,1
0.012491378013095,351295889.32290494,28.20219268483005,0.0010865040471803,1
0.0021423750644776,219128381.9100716,2.358640072040931,0.0293879167234253,1
0.0536913520141559,339875201.83278763,6.283513913133678,0.0,1
0.0626998614678727,173789595.98710468,19.199824599994013,0.0503249281110916,1
0.0344002036060391,216779333.924982,39.68202598757272,0.0539828871776165,1
0.0177675648594804,398513258.2270488,39.99869539022952,0.0362899426062607,1
0.0215916271253983,264780732.37132415,3.3494125698452777,0.0,1
0.010485747750474,271400097.7966355,34.47208697773714,0.0699560139762994,1
0.0084168645772458,234464677.8976623,18.2267398596747,0.0583347010315706,1
0.0,275987139.952073,35.18020724300911,0.0544651618809878,1
0.0085434762172727,0.0,11.663284543056465,0.0546212997526126,1
0.0094579201073304,190559924.8830756,40.17168451327334,0.0533842668215378,1
0.0453393319952854,318060328.61231375,22.942598260304745,0.0484872749444663,1
0.0305631067602278,152432515.19186276,34.84890903096727,0.0714383276263333,1
0.0298994986016491,136711995.9634834,5.127168030593804,0.0561577409877254,1
0.0074999351623612,13966939.563099109,13.5354289176225,0.0606965353804097,1
0.013959651131177,367397749.7151992,33.89657533608208,0.0,1
0.0,118071441.78195035,41.06451085845397,0.0506185999411459,1
0.065140969742001,62447180.77533447,42.55506793766915,0.0,1
0.0166721057619836,362034739.8143917,26.05667562774964,0.0201265643455068,1
0.0531109112950092,153568892.19302556,11.753136750059276,0.0489081202560879,1
0.0037123203782422,0.0,19.43068779439554,0.0664474279086775,1
0.0328574397988107,78176293.43362616,11.980017176011737,0.0669655210431792,1
0.0329619761308465,293877611.5282302,5.938974285437542,0.0371709665168278,1
0.0041655621188358,185731514.9513257,35.788528962339974,0.0711398902807745,1
0.0146101750728288,305118302.57597387,24.694811493120834,0.0491703492783483,1
0.0,252489232.96250945,36.81249666279761,0.0275257400280524,1
0.0381978098912136,433205198.4678551,40.418296533655024,0.0032372863589183,1
0.04128945616901,314196952.03569615,18.286065554250182,0.0408450187743329,1
0.0288786564010337,349209043.71547514,11.394195260534774,0.0199346700207425,1
0.0050763735523491,268854922.3443092,11.533449000985224,0.0235548396803442,1
0.0537697438407627,9889218.948679566,15.014372767569952,0.0588011639975943,1
0.0,289339838.65188503,35.73941357709042,0.0513206700249605,1
0.0490961611810576,341452952.147686,17.574953497720315,0.0,1
0.0197729921654816,193252164.6788183,31.72299455060509,0.0818004193844885,1
0.0148031417093239,323692528.34175897,40.47054481760985,0.0,1
0.0118179264553142,11670072.906378806,14.078748925529984,0.0604381998503556,1
0.0248130717507177,11797937.477722868,38.37825376710397,0.0604695700102519,1
0.0566924721562018,226848599.5805986,42.82935936293827,0.0069336429337028,1
0.026000345227556,11150552.926575735,3.65481512543489,0.0513959682531004,1
0.0504856065220954,0.0,20.99961308011852,0.0686096656775174,1
0.0351511925308357,360680087.7304884,22.41593252800788,0.04224123914375,1
0.0,245266086.06372145,23.255300346328895,0.0525508529329519,1
0.0605228706351513,0.0,32.18138455150997,0.0696020171967761,1
0.018870348847937,299200727.25225425,39.81036911560467,0.0,1
0.0,299230493.3808013,16.99056214859021,0.0168428368629156,1
0.0,108313155.31346609,40.55419022925453,0.0417524836567496,1
0.0,360321731.6006656,33.33619656055228,0.0199773816667472,1
0.0060076907040611,82048809.90476497,40.25257833373943,0.0522376884821077,1
0.0257515013952254,340160038.0167599,36.60296004873615,0.0394714383909714,1
0.0709171728987159,49886771.08051845,32.7893171912147,0.0489611370674422,1
0.0,240867851.62655103,21.13086380712949,0.0531347631861232,1
0.0008487631071637,308473799.2810232,19.10656590427181,0.0176953379617949,1
0.0270056740241585,158473125.06669426,39.31935133516726,0.0583308344202626,1
0.0391685856230126,313971453.9089489,9.989266874890394,0.0196195757050978,1
0.0384836217023867,0.0,42.456203903053535,0.0512270348510445,1
0.0114622982463482,56049514.46276742,6.537544146742945,0.0579380268332939,1
0.0149921523463471,312416418.77908057,5.01537597062568,0.0232773423864389,1
0.0454866426656666,15263931.987837069,5.797963676863063,0.0567443822459768,1
0.0031459364843038,224066765.61831653,42.59675024914533,0.0131263527798457,1
0.0431539377283308,307071719.5281811,38.999486151451805,0.0,1
0.0490903511871946,263590091.3148652,38.96035915761002,0.0295332011466049,1
0.0572862783939133,175067091.48508477,22.665313949443743,0.0652402438759124,1
0.0013755628257033,141286089.67198807,41.52945347706374,0.0478109560211876,1
0.0279424379414038,0.0,10.278101446161184,0.0615750863187382,1
0.0347661351823989,387630502.8542025,20.622923353905016,0.0369708587554536,1
0.0206210661416209,56724841.32449781,45.57361441488695,0.058632095348877,1
0.0173165297924359,151733224.61599517,36.917371081285935,0.060903712819643,1
0.006389074836303,1230272.89716205,8.029765280592045,0.0695985608683475,1
0.0,245504524.71911088,26.80082380847608,0.0568850835349476,1
0.0165669529779578,278450145.55827034,15.863478971134048,0.0466630730454722,1
0.01981198458165,309813542.23433137,38.98368082514276,0.0229564138312602,1
0.0410226641397862,360228185.21738136,11.748254477651566,0.0183998256132213,1
0.0112373369760271,382227065.0688272,26.649416110707943,0.0125283499935615,1
0.0,292563116.5945041,19.604516626445232,0.0499690908657205,1
0.0,140334454.3217342,44.982054867565765,0.0249583680479857,1
0.0672242389811269,1223702.030408397,27.601621837534296,0.0498676251178172,1
0.0532812167466956,71500131.55631043,20.86943351477367,0.07403135477668,1
0.0075390750182387,56152339.657110296,31.063764032229763,0.0739894446535312,1
0.0310785545060338,25669983.23263354,5.656590783165992,0.0464845795199373,1
0.0327029411508494,331268113.83517617,26.05110316922347,0.0446383990305663,1
0.0238731874164855,375529120.2861621,36.49811824041299,0.0062179865117716,1
0.0491782171276222,77308061.73479648,44.71915809025984,0.0651516112228336,1
0.0346657874330081,243524110.2695594,28.514301916604417,0.0654002525125155,1
0.0473162297789451,298473012.1389779,11.383419268832467,0.0090251982429891,1
0.0434904865082761,78121454.31366189,36.730386160780654,0.0631134805603451,1
0.0465041124941542,0.0,39.35313596452791,0.0624975638102299,1
0.0574999651212465,131112170.27072556,45.43925121326997,0.0,1
0.0045624231432014,0.0,26.955882856651687,0.0639126210868212,1
0.0503522378866493,339879688.3368221,43.089423952204015,0.0,1
0.0623111629861849,56082986.76593767,13.088401596169906,0.051957782621605,1
0.0035239246001975,333702068.6001067,34.412696486253985,0.019137716557721,1
0.020064052902594,364754938.1153441,33.069949029373696,0.0312886681226722,1
0.0106923655862962,347719207.216943,40.323831321648754,0.0231407955194817,1
0.0082956674530011,308268524.22218704,28.125623765055717,0.0460017389137985,1
0.0279048052595121,294957630.22394955,15.068886971060818,0.0616318277178889,1
0.0326670723336513,122886173.09652764,36.41948814906651,0.0716924521566587,1
0.0429020590758271,276778912.94524264,2.436825701517918,0.0333067888128018,1
0.0228219014269021,0.0,10.860492841815926,0.0684319625295014,1
0.0128395831139637,424842145.6048479,28.712338442057785,0.0,1
0.0375110294755911,267920918.54487532,28.42444439387294,0.0619825226685407,1
0.0060764363455847,0.0,31.74758624112971,0.0668573130314382,1
0.0010788279315793,157809114.30637276,3.3816550116872968,0.0,1
0.0426702420884989,218534400.7158093,36.64815710333975,0.0508636739173978,1
0.0109106064725675,361841697.33168745,30.560802602869146,0.0,1
0.0,214885384.53147653,10.02456010958069,0.0389884045057752,1
0.0166834673274641,379670493.4439378,16.85047941255913,0.0337487359831523,1
0.0336046660272747,203654489.3026803,17.470397039813655,0.074572059077952,1
0.0,0.0,51.21558279849256,0.0382307726757667,1
0.0287763128382458,129227523.30205296,8.808873313487924,0.058100594275729,1
0.0,291326858.63884425,38.18793875563651,0.0,1
0.008314103019847,187570926.6746437,10.338279853310038,0.0505566986257876,1
0.0309850365640032,128613962.32068837,6.11185268494361,0.0523962451161426,1
0.0088662163853564,395317784.0200683,17.982253480277194,0.0504120658408666,1
0.0328610132015285,438407518.2694804,14.197360288361931,0.0102696089431614,1
0.0584307407756286,366258439.7149463,27.686377380800565,0.0,1
0.0071855140969806,69244408.55959204,31.82722479626985,0.0635428329422609,1
0.0470935359622389,359560822.6049422,14.017266588353014,0.0,1
0.015802367973094,0.0,16.378216439612196,0.0850555221075036,1
0.0587861103481379,295457345.5382203,18.31385664058683,0.0,1
0.0155480977399114,110933478.30075362,44.379802401704126,0.0507065652507276,1
0.0021430236269687,153146265.52367505,39.43045409019327,0.0707822334146831,1
0.0,299948962.131037,7.575059070774188,0.0281977482159968,1
0.0,321827617.286581,35.9630519837432,0.0432551286916016,1
0.0443674308036077,380187295.562932,3.5164176702810224,0.0037134089822402,1
0.0303874040652371,164383940.33445865,41.16269314527605,0.059663390443961,1
0.0559248984548468,162984215.10109,14.97573265370896,0.0539423866078745,1
0.0092571940609735,397793975.49465895,21.08346355747222,0.0176207133769136,1
0.0214968276143978,117398596.25733612,36.78682502317815,0.064068734296571,1
0.0386806557717396,0.0,13.100828166784748,0.0737142447171473,1
0.063789227474791,165403970.65928406,38.39656361810803,0.0264276282949528,1
0.0208528977082567,90838963.42161477,48.13040221162621,0.0637056036614177,1
0.0485863356412045,358560322.9259157,19.3046893931616,0.0034133641700822,1
0.0537866810812177,336758191.7994151,21.847567262634985,0.0,1
0.0187725525903815,373928118.392492,32.03270755992597,0.0214299713563812,1
0.0201281933889095,379993253.7524049,22.83468763132556,0.0304441942592934,1
0.0023700829349578,290893532.03269327,24.54277620547905,0.0361511555022656,1
0.0218761793025103,235329458.82734117,12.220394086468763,0.0631129413434919,1
0.0648646024735902,0.0,5.479132455656536,0.0,1
0.0541374388178567,113562839.51188828,33.5012608022062,0.0679613656429409,1
0.0,36967953.660634495,4.119100792931267,0.0034130003025329,1
0.0057984356620171,409743187.6231733,17.031618272991235,0.0,1
0.0092266846835825,202172769.84745893,19.242676012239837,0.0765778409843892,1
0.0560736926045682,288438695.31736195,29.13119731857472,0.0505272467544107,1
0.0430984205650496,282303953.5004355,38.80497713709219,0.0415403012028682,1
0.0114422298771172,0.0,33.55692454053229,0.0579273827030027,1
0.0580204102276479,234679765.0550371,23.521841784572125,0.0608831495685469,1
0.0362163423766111,328566183.5311663,9.23750052446981,0.0178391021961941,1
0.0269674757220611,34552234.55509252,7.499250442647728,0.0571034719007586,1
0.0,253992522.52616227,47.78587833456655,0.0382701762687607,1
0.0274792572224629,178414780.17106354,12.193943712553017,0.0627403779588301,1
0.011775215168787,307109549.8478753,18.43268719192341,0.0399435911240762,1
0.0385474284512646,0.0,5.409033024492636,0.0626699043653581,1
0.0341583889394414,201782749.84523943,43.44137795452849,0.0548571409556124,1
0.0,282252169.59500194,34.47892398733145,0.030048578098022,1
0.0022623839819663,307498901.2383802,13.995491462016194,0.0497688116940952,1
0.0102566658997181,224448117.59732875,1.0,0.0,1
0.0748420345345007,212587954.78683943,35.952958118665414,0.0,1
0.0274398041607827,157079314.46565402,10.6167477545751,0.0626535802987014,1
0.0387687406896607,0.0,7.600611159126057,0.0585749380413074,1
0.0460690081258681,334129699.6348362,8.830956986311042,0.0271194447494243,1
0.0183081356966362,405839565.03090215,37.07372295343658,0.025610951427503,1
0.0491782517244547,93884974.451889,15.603456476226135,0.0628115652413582,1
0.0044966574621074,308840809.7249454,43.50413393891026,0.0078747165844016,1
0.0561766114151203,0.0,46.18670184419789,0.0133102216587421,1
0.048414800231042,320768064.0804144,12.636200541166229,0.016695219763432,1
0.0054157448942158,359041259.4868494,12.314530615091083,0.0130716880035321,1
0.0433480205776126,224093381.7637551,17.20085694090504,0.0578126308775861,1
0.058632839900112,216622996.51368296,39.00473432760111,0.0,1
0.0,243398670.66661128,12.665734397069802,0.0634418115805523,1
0.0501824145231617,213337943.6515152,20.366416420948948,0.0628398793324527,1
0.0535177086450296,369468028.99611,16.85616978553493,0.0061475840211053,1
0.0545826610814164,199348424.158741,8.872035514320428,0.0614468035172029,1
0.0445464892113407,385647706.58703816,18.18380267956208,0.0462067693694158,1
0.0224391039461284,0.0,36.73968775818946,0.0838498247033792,1
0.0247951763945542,238179404.4845664,24.453151945033053,0.0744542597676979,1
0.0638960100605955,119184501.8777234,14.3232522008877,0.0493558616901996,1
0.0027447036545512,316144600.74548894,43.89147944189628,0.0105171724866583,1
0.0382751059954791,404014786.5031636,32.955201626557255,0.0052402374464991,1
0.0439081478915514,453255016.5765584,35.5995477109884,0.013997049056322,1
0.0130758709587179,340937705.2864664,14.521768062353484,0.0479283368792086,1
0.0426389262669857,44669374.1331968,12.32228934214172,0.0596577051424207,1
0.0272139043802497,318163792.30026007,30.712300408060408,0.0459885691144077,1
0.0397967735887491,65681880.379338816,39.87289381487057,0.0574882512748257,1
0.0494045458079404,358558062.4905422,30.037395312443948,0.0,1
0.0136522637113565,237571951.6089123,27.912134341666725,0.0588845926259962,1
0.0289181068268882,0.0,5.063467548507383,0.0496216301237231,1
0.0267097485317579,355448547.04192936,6.121791711180116,0.0,1
0.0254211574655719,361230598.5795245,11.452324184809806,0.0014272467751974,1
0.0403313123828403,417012115.5419949,17.086326832413558,0.0451103724233408,1
0.0006135420136808,326974944.15041906,16.963608879125708,0.0115618368084585,1
0.0043838004957297,252435992.5825889,19.758034178915995,0.0501496605510225,1
0.0458337667272281,25525897.66734468,46.287133586590016,0.0517724873886383,1
0.0118242649688959,317174127.8741146,20.09447776021634,0.044466575056514,1
0.0375720676652114,332066536.80427647,11.721674226386115,0.0,1
0.0,264797918.9983764,13.65447731671454,0.0,1
0.0663598399602726,307984901.7774266,7.1696562562576105,0.0003727075144851,1
0.0164076571540124,266631970.1039813,42.05872321300925,0.0295789717345194,1
0.0292732761616802,423634710.3212931,13.976462039565904,0.0397288961933624,1
0.0481911622471099,298677781.9044516,31.870286781606698,0.0667064645151735,1
0.0487043180492138,200345786.572762,15.240879198673843,0.0547423509999616,1
0.006382200458276,56362452.57612388,34.10590603954017,0.0616837047965088,1
0.0196379780517911,322075226.44211054,12.68712544277701,0.0354297533663264,1
0.006723272345913,101417915.5544631,7.7270498950890385,0.0573439416934753,1
0.0345981711594385,333456068.38021463,9.34827779576939,0.0241024777377497,1
0.0299575376827322,404011233.6901517,19.729994554228785,0.0323223882374103,1
0.0661576804551841,201401153.0453972,32.05296554067394,0.049827394930657,1
0.0556005888161626,305200169.3021933,7.793966722971159,0.0099339068780124,1
0.0453194642526131,294508727.8038063,15.585928920963642,0.0617775436988297,1
0.0,383088267.934509,14.04167434381126,0.0,1
0.0199479674230898,313855319.8992493,10.671347027965297,0.0210405337578763,1
0.0350698348757148,282375154.4827389,5.140784209519261,0.0,1
0.0185490282371749,9621826.49671486,35.87140523894588,0.0647226537574557,1
0.0405023740764475,312179067.7518232,4.132220459552823,0.0105032237002049,1
0.0380487899644941,252179039.2823057,35.79456138748199,0.0673983402427197,1
0.0658952928529247,262305200.47222248,20.97117186924641,0.0039661761565365,1
0.0321401551624815,362995810.4030349,16.34507803068353,0.0090346991418034,1
0.0021731489239429,80009934.19215861,35.011658217467925,0.0607462181754539,1
0.0433298910991567,0.0,4.671182718725934,0.0464256488015297,1
0.0508312760719794,312707873.0684744,14.478647536865717,0.0274300318352286,1
0.0537376804917581,304651540.5320894,20.618677239318,0.0491671044508291,1
0.0552300678114952,397276905.3524717,29.05311720315813,0.0347059007357303,1
0.034383801519101,0.0,10.685179184109424,0.0611620641421053,1
0.0035401742629681,0.0,41.43676310505985,0.0422136702060934,1
0.0,42343918.72359348,42.91970249422107,0.034220451253218,1
0.0186937159890969,243150772.1911094,43.37154119785004,0.0701409215788846,1
0.0199764917232668,367393897.9630585,3.708117588485621,0.0,1
0.0625302258651132,143488776.62796873,41.40916061345936,0.0,1
0.0043305812509748,307467568.2928227,13.920433852833549,0.0,1
0.0237713981205884,370083019.1205068,35.46033358645665,0.0455042859890924,1
0.0254853897102435,308069861.7775528,10.34165382409677,0.032721192389639,1
0.0282363028947918,338677124.2389704,10.959788250000564,0.0022616498759044,1
0.0028795166420351,311838206.938738,29.66774784650411,0.0274350611679898,1
0.0037266501829328,29250215.23309553,12.613470129400993,0.0518477346453973,1
0.0485124544819285,161736932.96901238,1.939692505451717,0.0494314458026484,1
0.0271712321840221,326541848.89462626,17.76710401426805,0.0521748265218521,1
0.0028529967291021,267916391.9435504,24.75322322638783,0.0470610272741081,1
0.0397323248179205,39652402.442122765,38.88724547480447,0.0574618349110076,1
0.0092195350113201,97046534.8132718,1.0641292310579864,0.0476410087148011,1
0.0438175011806462,210676811.2037896,46.875187473584376,0.0411088074728395,1
0.0555445919309718,0.0,33.61150264044842,0.0557434189979641,1
0.0312688309105362,331263243.18259335,10.875178356455471,0.0166574819702599,1
0.0149402802284522,348810109.97984266,30.16465833413594,0.0040181747983325,1
0.0649925726598544,107743749.1548325,28.585778312265088,0.0577548183749696,1
0.0024148748682827,245787232.98749548,45.34053594310667,0.0035446323026959,1
0.061205988104136,21191803.711339965,11.662813728744093,0.0534113181026043,1
0.0127629216953049,273866627.84270847,8.336232890577264,0.0342164369173912,1
0.0322185288699443,284464728.7083495,6.945632491048695,0.0469970996715444,1
0.0598640732600288,157413009.29432258,34.89061160079224,0.0456124615633186,1
0.0039672784147782,271210.1324765235,1.0,0.0443522471168118,1
0.0378845855168151,346839421.5406237,15.29708599487281,0.0282259654849683,1
0.0566975518553657,9349013.128801825,11.365392560517146,0.0545846168612577,1
0.0593506238629719,0.0,39.79753477914326,0.0525778873849945,1
0.0,0.0,20.776487637517757,0.0605668345366907,1
0.0371117153085075,319875931.1452898,22.498487469741644,0.0446058778131565,1
0.0444171239561858,179476734.52754351,31.449873681848505,0.0681981726962333,1
0.0018165998051594,36212270.96520196,2.22804916599447,0.0,1
0.0597110893078217,0.0,6.360083107038115,0.0296273847230551,1
0.014362040351599,330773958.53007084,20.71962046869069,0.033057668982207,1
0.0245758073877816,338971721.92744243,15.836346413964634,0.0161008228282392,1
0.0260491105810984,65425582.8800676,13.700106463620743,0.0814464443513707,1
0.045233332435888,198462067.5446352,40.31310724986705,0.0632251793568827,1
0.0240490401438417,369094240.6623306,26.352707851501503,0.023629375180052,1
0.0011635697693414,0.0,1.0,0.0,1
0.0255781277266966,437687185.9882797,23.61150680062266,0.0491253588520801,1
0.0132844550288404,254980991.958946,6.750279486236231,0.0477666752440944,1
0.0563866313975296,200381339.5223476,7.005246923029681,0.0576126031699011,1
0.0006523273836772,298770806.8185368,31.237934277255498,0.0456193128520759,1
0.028955209471527,99040106.25366008,2.5037484738724025,0.0594479293527034,1
0.0089881751800572,0.0,31.671176284530027,0.0681154016405255,1
0.0666141039236215,0.0,40.86994498665887,0.0,1
0.0320805056200482,0.0,1.2710707888696042,0.0531225964573536,1
0.0484844081200211,386994882.85249496,25.18597473582621,0.0,1
0.0081511646680828,117725537.28183694,34.70415626260628,0.0721217456615965,1
0.024602173126208,325146113.61885697,34.57854584159118,0.0401763270142567,1
0.0,254970366.14516512,12.683187594307167,0.0309125543199171,1
0.0,74849327.45161864,17.41673397744606,0.0759102477130025,1
0.046968999556315,328183528.7112061,35.95184154297347,0.0074459422268265,1
0.0115526676969993,317758952.0285301,16.52249654427442,0.0203044860161734,1
0.0464824595606156,330693037.44075,14.485032416562689,0.0082040075314775,1
0.007285596019641,327051186.7772597,33.379181572683144,0.0198958028976079,1
0.0282473013969597,964146.8454819322,41.83837227554434,0.0672433032728422,1
0.0485097547350373,323986197.574244,18.77377332903448,0.0427945212312814,1
0.022559357193813,280181893.1051714,32.12271396245691,0.0555362849239097,1
0.0158834088234851,282386576.2440128,22.95240941172147,0.0527742398980427,1
0.0497955783858675,72875305.66480775,8.994620507870836,0.0583195502528435,1
0.0064396776580287,177054795.9400491,29.452371678714563,0.064304533727333,1
0.0136715877706581,326215142.0166957,12.204096051699077,0.0,1
0.0,9509141.99395226,46.238157036112085,0.0330617824741816,1
0.0078076700466837,70505006.89827284,5.603457507119003,0.0472513455322218,1
0.0,287245842.4086503,33.39276277618535,0.0,1
0.0272578380556845,362495565.3975165,31.00119148995501,0.0241187760416382,1
0.0212607794456734,239205730.2576813,32.05580148040178,0.0627254481077417,1
0.0466019002937664,22657020.89028536,9.563806585362949,0.0517927381265415,1
0.0362154208619968,236851771.57107875,6.819364292241676,0.0404571962400707,1
0.0372280165050536,308466532.68624604,39.58612152652745,0.0,1
0.000631104646306,0.0,21.248081260407904,0.067231523581807,1
0.0050533410020369,231627963.5972829,5.255492893833488,0.0176477355009751,1
0.0221417805904056,356120250.4619299,32.917885854645846,0.0,1
0.0,153152135.99283,16.056714041186353,0.0602326206369658,1
0.0,313364307.4340166,24.49175455799761,0.0,1
0.0051136106011136,0.0,25.39557979720291,0.0652776959628795,1
0.0136353766013778,192666988.86500528,43.57697797997948,0.0453730615601145,1
0.0068615357643845,86762253.83163932,13.485871621723756,0.0551964098066357,1
0.00170298220192,313359308.46562946,29.482001918869532,0.0379220711720166,1
0.023303649528651,350286790.7317977,16.87856542663059,0.0179523594726893,1
0.0064248594945507,317708324.2244276,35.36938495876964,0.03108715494308,1
0.0245537023380805,315099601.6539298,30.147159374986757,0.0761764419182103,1
0.0414400613727901,134861307.41143537,32.03497516451867,0.0656541584944982,1
0.0042918851216362,256780662.8150277,38.06718333663664,0.0286991472592198,1
0.0081333884695456,304895753.6584379,10.796243239576304,0.0,1
0.0059650854882513,393319887.3353663,21.63932471189805,0.0292435233499397,1
0.0418982728847653,221239454.5604393,14.772422616092468,0.0551740498388663,1
0.0,5881759.399672508,41.96806129870659,0.0546305643199223,1
0.0,96890564.4193501,30.82904419543359,0.05850505964576,1
0.0010829840121383,325011919.3697045,9.52821533335366,0.0355959945024539,1
0.0089838961298383,429651680.6416868,6.76881259392465,0.0102698130743322,1
0.0506572408651912,350677762.7800554,30.709480848201352,0.0122178319095124,1
0.0118493986344168,290890344.91393405,27.484139900390105,0.062951366746205,1
0.0168224425397098,320249933.39273834,26.386189123028878,0.0573214370522526,1
0.029589147992726,274903602.9098525,26.603801854025573,0.0627082518642021,1
0.0254820954866222,132065848.20141332,1.0,0.0535408261475115,1
0.0798083262074432,264090133.06241703,27.522987738142188,0.0065203158962044,1
0.0503971187563543,152680066.3820184,40.85737277025643,0.0503440700902617,1
0.0,142613086.06784457,25.13430246048946,0.0593715568254172,1
0.0651610686350041,123960394.87222238,31.675668869766,0.0600002768395483,1
0.038189887748906,243338829.6624034,36.28406626846051,0.0534811604276459,1
0.0662242250509804,69441074.17251,3.3624172977366804,0.0,1
0.0327605407371157,396864106.42004895,26.04744638618455,0.0209149081537644,1
0.0182436211904232,329299941.0732706,26.611858175119465,0.0522359526771646,1
0.0,119581786.41959438,15.552422494443874,0.0526752545304044,1
0.0286453255241595,66121749.9163226,33.92908654515912,0.0747205474802975,1
0.0383286111662692,148363709.0923357,5.175897658212875,0.0588804618759272,1
0.0024423813824792,37878273.36139025,49.88754443814312,0.0009778126861433,1
0.0646533574868199,4166206.12221843,27.625891869137877,0.0524796539343464,1
0.0592976634211186,141979746.73885882,15.757812452870182,0.0543257650524162,1
0.0145779604834319,329456558.3089436,21.681861046415,0.0592438908937515,1
0.0046297688018957,288550776.17323714,13.396696014975682,0.013693492187857,1
0.056693159737639,238071822.9392076,1.0,0.0145010376846747,1
0.0099433258486378,324811606.3740933,31.29338392872318,0.0003846539060591,1
0.0,101231030.89781567,17.489196699405603,0.0583812390407247,1
0.03403827063408,360838409.7839706,15.532817609119848,0.034036394642032,1
0.0605317820994797,28176527.20171669,1.0,0.0197211052608264,1
0.0452091233812464,0.0,38.85046746386848,0.0594549423128176,1
0.062896715304509,82099715.18220742,35.85381039027126,0.044388132737276,1
0.0118850262965707,299613139.58744323,14.569674071555127,0.0683705525620196,1
0.0068335026371462,209224815.6640662,33.74471341020402,0.0687587622845743,1
0.055215173175184,0.0,33.34311514926526,0.0538358050239815,1
0.0295718188226397,345112463.3880501,33.55180135893995,0.0228122371218028,1
0.024763054241732,357916827.2153133,19.14725563913995,0.021935667909822,1
0.0097529234984311,222874753.36110812,30.71017204886661,0.055429193177199,1
0.054739226375317,241559894.62227708,32.19568005220991,0.0524500358595055,1
0.0107182155558596,328973920.4658003,33.19889615418752,0.0,1
0.0447590138974919,357454845.3114964,37.58354260626036,0.0315983198225489,1
0.0270325156261081,263048213.1793177,24.43592316171881,0.0678484467621855,1
0.0316220109663332,328908232.07035685,36.5381345451129,0.0030160174685291,1
0.0656003216451157,224577096.85292444,8.638773831189496,0.0,1
0.0469643742040678,263397782.4518481,8.436565884005953,0.0336830736321994,1
0.0,152150004.4669395,24.67047212585207,0.05671478655169,1
0.0128739626607302,401494300.9789885,13.785346431924516,0.0291728097111376,1
0.051489267169748,306055332.5950812,26.09181020995084,0.0511036991966699,1
0.0473859522175182,341349834.16772044,31.46776192909832,0.0484630417550674,1
0.0274190559781393,301448860.00408494,12.603223877405394,0.08164702382277,1
0.0,271368204.36444104,8.448325160041737,0.0,1
0.0419694899017263,0.0,43.85130483238568,0.0557609776595397,1
0.0363600764726758,272751535.9024522,9.352803256871056,0.0336367849408093,1
0.042970035474773,300816723.8995416,40.16104319978918,0.0138389201395772,1
0.0234575349349491,354319391.8475783,14.211864152539338,0.0313043388405534,1
0.0331208179061347,193159896.69208285,1.6497026849002945,0.0478640061368091,1
0.0528916179054232,0.0,11.547069834054108,0.0499051682227849,1
0.071384477955832,58024015.284250125,32.403632165175125,0.0420624831645186,1
0.0267075601924611,304851940.9763657,28.64362463031512,0.0534985519132669,1
0.0257111860194146,350269212.6828617,7.549430665225863,0.0,1
0.0019519673240711,285080758.3728839,4.733892104797533,0.0,1
0.0256220252256756,352852975.4747443,14.994268278530598,0.0254449403077066,1
0.0055804902959533,226380854.9832092,49.00798055346968,0.0465801003333556,1
0.0394026165019757,0.0,36.94087291911509,0.0607609330720661,1
0.0139917562370092,357511397.20038223,25.59417675579178,0.0519537247621088,1
0.0130022116659332,351962789.7030941,25.4316542006619,0.0295908672146388,1
0.0260177237200672,245410491.53915948,39.213412030762754,0.0529788861177645,1
0.0001638793581214,0.0,13.925221320917895,0.0715248233951132,1
0.0368604050191632,0.0,30.963330582464742,0.0760616533003772,1
0.046946216199742,307165305.666932,13.327105845976716,0.0202640878589134,1
0.0603370281625066,274620041.9222251,40.74598840815734,0.0364945070362465,1
0.0148522296649061,210317703.55784407,1.0,8.643783690015852e-05,1
0.0120744460492361,330439337.1800383,9.858115872288655,0.0020458384911928,1
0.0095035397971868,201450981.043137,4.384607921924186,0.0375463063465082,1
0.0238502065179593,172595115.43555635,47.875453125874685,0.0612722173529942,1
0.023052454153914,323097941.0268389,14.821977662031427,0.0320542001135124,1
0.0334393842071744,188838436.9563425,8.412252745057735,0.0640749467148045,1
0.015291789315182,315170366.8090923,6.304409450676644,0.0053779320323973,1
0.0214347455845525,316800477.5949985,31.171439542454493,0.0579836906860981,1
0.0299975502003642,379567366.7114005,15.369532128400794,0.0329491302059706,1
0.0066860478172447,368876115.3958179,22.2788115958153,0.0284144182779199,1
0.036732547909783,226726158.3892728,27.56364819600758,0.0634939430708289,1
0.0313459265908548,413947265.4263247,16.831478798858676,0.0024165723493507,1
0.0159484251902292,0.0,40.31573954964411,0.061676516908024,1
0.0641633291178504,0.0,12.736061088496305,0.0450748282773604,1
0.0584265527493396,51459848.14371498,34.46099460155167,0.0621100331960157,1
0.0652595870882999,172910577.86156154,2.285856338693371,0.008778596548294,1
0.036190047478304,291150359.8906727,2.818009632780278,0.0,1
0.0457024393940963,266071827.9803448,14.138255075820268,0.0556731095540618,1
0.0400933125634463,289035300.59751266,40.563323167279634,0.0626535395753464,1
0.0077560868287669,107923649.419661,2.055922953937852,0.0379605936485329,1
0.0710197860612677,63839212.18172272,27.11338630452344,0.0542226885930817,1
0.050038957243185,403488833.4391916,34.173399437378364,0.0166079845254605,1
0.0435903729911319,370304454.5986302,24.70106597176272,0.0679432552626146,1
0.0009327982086022,306871798.78917384,39.64773547502838,0.0,1
0.0082583844560469,293290121.43881273,23.740502313513087,0.0609192814493396,1
0.001017638648118,0.0,19.25436347437915,0.0573505329184617,1
0.0643662457231325,9128435.704492465,5.560048788850814,0.0632008500239034,1
0.0417680011225089,101875757.4256233,14.01029584551706,0.0734564893481966,1
0.0234802336364194,356050810.82041705,31.71170578741907,0.048122719318486,1
0.0161731650870642,360737518.1492652,17.196170014971173,0.0056887328633608,1
0.0096988217033163,116237246.39645788,12.527617126108073,0.0613924718582427,1
0.0237680513590153,291245658.0272885,17.43580417611433,0.0490452864027024,1
0.0728243845223965,0.0,8.554926905963036,0.0042251529473666,1
0.0678568624860755,142744856.1119653,31.453191001802026,0.0497224630333998,1
0.0294191277273586,346158069.8354731,37.42260407688495,0.0149401443043169,1
0.0266473005771264,0.0,14.667344288843571,0.075292962016071,1
0.0220131809235927,184336001.7168364,10.96376692212412,0.0605556389352059,1
0.0472207610468992,0.0,13.0072376218719,0.0657806045509887,1
0.0138826925572994,400810675.6434351,34.9385314351496,0.0213231270763491,1
0.0376592022786557,310633373.65147305,40.85316275239586,0.0137398537188435,1
0.022256577110202,233730261.6629946,31.82514147551147,0.0585412078392467,1
0.018358794915466,376087188.122944,24.41315211004857,0.015139049100076,1
0.0234510127544103,322026409.34931654,9.708505425449683,0.0136856912003844,1
0.0461991680537015,234268060.4913819,33.99214084958943,0.0634033059967167,1
0.0412410992018245,359489999.389241,9.708413752492136,0.012280164881875,1
0.0331444426784488,0.0,34.93387981606351,0.0692828776604839,1
0.0069443142801743,0.0,10.455466327401464,0.0504867890408259,1
0.0560169146488383,15028566.206272982,1.5898013364007468,0.0111760301864913,1
0.0204124946883345,338333040.52179664,40.82957099520472,0.0359237598686105,1
0.0042801278796416,260997075.87377343,40.179105853699525,0.004454963626616,1
0.0,36896741.7261507,43.16802220179379,0.0329760937130948,1
0.0320985215531873,370299828.081594,33.12635879344687,0.0194686066348169,1
0.0192420037050528,340943208.70177084,34.78435142062118,0.0359663978097579,1
0.0082465650151768,265406725.14504912,16.26710654327482,0.0530675809636519,1
0.0254583171763904,348469530.4435402,23.352304636109658,0.0421189124567367,1
0.0315725067793254,0.0,40.44834178534045,0.0638659488551592,1
0.0342147995875082,312873463.5696174,14.018630369270362,0.0456799845218762,1
0.0081776510594464,9428396.293369308,34.28875904013016,0.0548077451259368,1
0.0279591239286502,0.0,6.601838882767858,0.0567248297447208,1
0.0124854827251554,381443417.983227,18.77971202366376,0.0084654838690557,1
0.0656779373447242,0.0,8.196478693704341,0.0247367966201468,1
0.0288883235024751,328405725.88788164,7.554206269765537,0.0035813233078066,1
0.0645839970219067,205498934.43176407,19.598205494394733,0.0347077824565817,1
0.0125061668589642,339205642.6460872,24.18163497212437,0.0378827982004103,1
0.0212410243729515,412956204.8555712,30.226490232191267,0.0316097595504668,1
0.0280423927459638,288850681.45909035,14.689726380448487,0.0511203247569606,1
0.0010053671817683,99721549.21421029,2.6413443243087293,0.0363889864027386,1
0.0004373825115968,286496209.00405324,21.42345134147194,0.0321935467262385,1
0.0651106638748943,66623884.63079784,43.78407681324733,0.0596830438883507,1
0.0014684151400686,122264749.52636968,1.0,0.02018619108139,1
0.034243402887914,369524635.4231829,13.448772735064615,0.0298105050471806,1
0.0683469349177993,58829885.7157169,7.4435825322296125,0.0242017296344959,1
0.0364269614237295,215032316.3339456,29.759086570708973,0.0655266090890967,1
0.023629875627597,0.0,37.010506641759896,0.0674597811456177,1
0.0280937516993203,389789135.3632083,19.898664367272985,0.0171326334741959,1
0.0179290291003684,319883537.3164742,6.798398275173117,0.0156552353313979,1
0.0193543997617848,312403223.3165575,30.580291780542737,0.0479790658190496,1
0.0295648206940364,208239163.61408752,16.423298373426153,0.0688171493415587,1
0.0078311624014192,42600281.20648182,16.86296201276313,0.0632902982296948,1
0.0209271522645996,368243416.4635694,26.96645294693868,0.004072571651689,1
0.0170491395829802,373946547.7090544,18.67965560506135,0.0275888791164928,1
0.0640682608803887,221146060.38685548,36.61009319996717,0.0139609301132184,1
0.0489582053064693,98577802.99569684,13.25754687653146,0.0682179282477084,1
0.0094445971253565,212600005.50994807,32.389232384259685,0.0575010950371471,1
0.0,0.0,45.449723335457705,0.0213810129363896,1
0.0419623474213457,205890596.3340613,14.399261523356667,0.056715134578789,1
0.0,226305660.20915556,19.35173950446864,0.0530015877531095,1
0.0154601793104215,424755316.4433909,31.872086349194603,0.0482165337231496,1
0.012065576345288,7624159.272070602,1.0,0.0448421946859726,1
0.0123720009300653,25649511.06188239,7.468725114822114,0.0588647913540692,1
0.0314573343705616,114181173.65477504,46.7257585659714,0.0630257138828888,1
0.0047268065676369,312976205.53139824,39.19531464249669,0.0083878303474547,1
0.059310716855762,153145984.20137042,6.049378196283509,0.0,1
0.0080475119088628,132956147.38691896,7.86663421638394,0.0511223269407913,1
0.0032932732906266,275535734.8445612,18.194120177794566,0.0445593363914472,1
0.012009135702333,233465912.1792253,21.951985082891397,0.0675377858011914,1
0.0088670972247738,272501553.9819523,44.00886902637352,0.0089736162801293,1
0.0569413078587317,196859465.512882,1.4752728187066104,0.0192896188007717,1
0.0144647413732184,311150325.12537134,36.09118960995843,0.0356510937082831,1
0.0687944441633106,283852880.2627783,20.733353987615484,0.0129443780469828,1
0.0565883689387864,0.0,45.18921567457579,0.0223740510621034,1
0.0112226154465249,372577830.2402808,18.15436153207651,0.0,1
0.0161089962009044,371060694.9854941,20.162527920006724,0.0363945193194646,1
0.0265911366937258,0.0,6.146365953143572,0.0624536849254365,1
0.012746413436941,136869389.3459035,46.61365725321312,0.0551963409414043,1
0.0514118200335628,0.0,8.689432215191488,0.0463845581932348,1
0.0,44013471.26779379,17.022324107124383,0.0549340562509459,1
0.0215361906566117,315884179.8521768,12.645068676878603,0.0612723673016912,1
0.031038563266724,122371489.13032871,10.994620620114146,0.0638397589467613,1
0.0024317356915706,294132688.6505247,33.98632982560048,0.0,1
0.0701273099605252,0.0,10.46888526463509,0.0,1
0.041539715863051,160946923.34228003,1.8101637040940268,0.0629680989327313,1
0.0,157006965.91865024,36.56261630240826,0.0515045879133379,1
0.0355291790727866,324149851.99402416,18.09406171250488,0.0601228537446008,1
0.0253119035218632,359927303.31403625,17.666393721721025,0.0299382668350772,1
0.0345635616821385,0.0,38.01635280965706,0.0729901461362976,1
0.0022291066224035,265911814.07126617,17.36368289995196,0.0600904451482966,1
0.0096588007410917,256604812.20228013,40.079144645526256,0.0,1
0.0002039093392636,78063066.01250857,47.20185835989809,0.00263432771435,1
0.0134845644512076,186589772.50243875,15.361756747978015,0.0639747030513464,1
0.0424177554877167,407382122.16705,32.15365130657093,0.0379471897447134,1
0.0296890778849657,285708032.13930684,1.0,0.0,1
0.0127107275051704,345770080.32318056,43.52237454858127,0.0504860456275402,1
0.0589049177232782,269687212.8356271,4.197434604253029,0.0053124546214637,1
0.0172902553789403,486176290.83892286,28.130759192007503,0.0,1
0.0159153797245289,152063235.36242875,5.526318937427689,0.0680252002480788,1
0.0112302998275373,143851205.85619706,14.129290105123651,0.0753149499386747,1
0.0184164371349927,469386191.82216406,29.739800262844582,0.0447911626364014,1
0.0,0.0,41.51328353259064,0.0454001485288727,1
0.0690915616347177,0.0,30.723764079282528,0.0532354606957681,1
0.026295143058819,213506408.25283456,3.98856051290187,0.0433292420458621,1
0.0063943787351768,115544766.2617207,17.31485018238201,0.0615216581841196,1
0.0349102277854778,330770691.7091775,16.259076989236746,0.0407177964357499,1
0.0077161159094027,209523987.96469936,2.651571049057296,0.0422692721953861,1
0.0099307712345645,108552316.02999216,43.18966271818916,0.0556001854845156,1
0.0413216751584559,210577478.19540763,5.689709366509884,0.0436742713570358,1
0.0491091858043261,315478978.0699307,23.81110544140574,0.0419335840781297,1
0.0,0.0,11.27385425597746,0.0564196883812531,1
0.0390602847344433,349200965.9697974,1.0,0.0235669323146392,1
0.060264489644209,148831247.10692078,12.817138222302496,0.0467164508359536,1
0.0479338261572666,146583693.40911224,27.729411870547885,0.0685632520802286,1
0.0228484181535412,313382814.7023284,10.255208232231242,0.0210614006817008,1
0.0,146672383.75070953,9.326192581407437,0.0421108246206751,1
0.0,316222648.88451743,26.20395778159731,0.040190391759292,1
0.0189168643519002,308758693.43226206,7.6949735065818,0.0,1
0.0116338552691072,269006911.80209994,10.175932154644508,0.0398562109876263,1
0.0516970053012696,332776974.01337206,27.495836791958027,0.0,1
0.046747653490166,110687412.65428405,9.253124856956624,0.0722004248736272,1
0.0487016257696446,0.0,38.626689561993935,0.0750549396674162,1
0.0645914851436581,1707013.7897259295,9.448808956234506,0.0407854314004985,1
0.0486780050968845,298438776.8341266,8.977317255105955,0.0328439781856779,1
0.0262944070452112,297195733.9183209,7.071060876280498,0.0078402418249526,1
0.0167215731099061,316358243.58365226,10.350971363793027,0.0140843330879101,1
0.0251426727925286,0.0,41.07434693114673,0.0521669427201589,1
0.0052074640177737,0.0,41.02075691083765,0.045552676874998,1
0.0061452259615879,339923495.89580286,28.58477537320519,0.0,1
0.0698461411739032,195374511.86688533,13.054880010760638,0.0394499862406894,1
0.0480981675313289,408374181.5457338,26.473711965396543,0.014031329947702,1
0.0089442930102443,19205031.20742977,34.519676131514835,0.0640343651090385,1
0.0073686522732529,108993803.05566312,7.996042622057697,0.0653271625743983,1
0.0352544885952579,0.0,38.48576274411505,0.0700551444438872,1
0.0,0.0,15.734008924736042,0.055911902106822,1
0.0090582337123743,349949643.8179207,14.979292124322932,0.0050267310681402,1
0.0638742513086455,92555803.87042238,9.047082635709948,0.0419804152716137,1
0.001557139216445,237032285.02362508,28.48608041458913,0.0598716406292994,1
0.0397705575491946,188202166.3789606,35.66833123521851,0.0597556968304287,1
0.0148318709729904,189944473.0801985,27.85982936699676,0.0923625592828673,1
0.038561493570752,0.0,43.30500961011055,0.0671978852200911,1
0.0193496451732433,41288488.65759751,44.83068549127008,0.0531884602640894,1
0.0568297903493492,121047905.14512734,42.68431398185716,0.039795423400951,1
0.001255589230347,0.0,7.0838859133124,0.0423575578000886,1
0.0248583399726443,237282139.8002668,29.556855809753657,0.0696577163798248,1
0.0074103120310647,76332578.4173396,11.764546174070457,0.0569198434641985,1
0.0046186248008644,70523121.4075764,4.339925272251389,0.0303696856861476,1
0.0334091285745432,282206114.1089134,3.9699457728504406,0.0038919670304982,1
0.0019078721745889,70199774.15183647,9.865994238411243,0.0513809881621977,1
0.0446450522135363,375689387.10467136,16.173047746538703,0.0310594467340593,1
0.0134571065395136,340204686.8838562,25.75916436390987,0.0174318503935998,1
0.0142896300633341,38992178.803884335,34.008161536863376,0.0644882595385903,1
0.0450405994476437,302647477.31904536,13.79264279906559,0.0344167183255119,1
0.0386146882975914,327375802.05746615,39.702711590056985,0.0024970010014143,1
0.0298492300865725,99560799.81889018,36.04768670746192,0.068950537488316,1
0.0547818344557853,308767626.3956737,9.95054773112025,0.0275111048353002,1
0.062004891302171,409747164.47933376,16.690645153263,0.0243544709483804,1
0.0428917989257402,0.0,13.489371168843675,0.0629335248879887,1
0.0715515229852994,262672071.9760248,23.607486037132496,0.0196806922181936,1
0.0606208253272938,280450718.9903776,12.62706463094322,0.0125558905552138,1
0.0099745523229313,241975130.8105753,47.79086618379569,0.0,1
0.0232247811434141,61313800.14079925,43.14444450784876,0.0562039289780569,1
0.05746820737256,337337527.65045416,13.15811401701564,0.0094545920644573,1
0.0,105850015.77959292,28.792940070271293,0.0887681969251176,1
0.0070207246094431,159472119.8295099,7.452694257756651,0.0450832385266123,1
0.0181223223352669,389458375.6076016,14.8855196394752,0.0081803106644709,1
0.006315844060369,248914016.1748621,7.015238671834265,0.004224154747764,1
0.0215658996160191,51447255.55814814,3.7642022781741886,0.0467788040742399,1
0.0156479710116766,405850223.3864888,8.326660117932036,0.0222759730075532,1
0.0250707032743443,279300294.1746923,4.178568530280277,0.0452882611252188,1
0.001935166168328,356073954.1737262,6.762804449510561,0.0065035635980339,1
0.070624857582242,36580058.00414922,14.844800256272045,0.0523798760009478,1
0.0077495770165345,315201695.3329712,7.986538625264931,0.048539897837267,1
0.0152993053118908,347948106.47686267,19.916296986835142,0.0126955759523985,1
0.0575292455150968,31126699.207008325,17.993427715294366,0.0799886542973924,1
0.021431862084106,186476153.9543028,6.4311772749249805,0.0631921783161752,1
0.018275954719133,0.0,12.105957680691926,0.0607193515736068,1
0.0389034068295291,204826175.6967828,7.986985386137118,0.0529274048898714,1
0.0342215843564314,0.0,37.22266367409067,0.0627075620621094,1
0.0,267360437.5941744,26.96505324510273,0.0558073588554915,1
0.0430380889814725,258321005.6947848,41.36006200524948,0.0315627541383043,1
0.0506801768061237,455837202.5061326,13.623203413614204,0.0131108059571106,1
0.0234915145623178,264351009.53630045,43.33612930500276,0.0719700367693896,1
0.0,20163083.29220093,32.64381316148982,0.0541985836978877,1
0.0167081919588915,337392490.98337704,35.85764988981149,0.0213620267841124,1
0.0054935982483582,352111259.3572514,29.65462526568179,0.0,1
0.0384590806013269,0.0,7.786853030700339,0.0613558424450104,1
0.015181378300751,0.0,15.498213716020418,0.0832010136518121,1
0.0325526276443824,356194817.6693541,13.331644841913713,0.0384532809274881,1
0.0451999021720177,285542956.4618845,40.6894490812729,0.0,1
0.0219644867032645,5737296.272329062,37.59433342785651,0.0598283252596908,1
0.0,421117539.4045199,13.575998602920317,0.0237690825092076,1
0.0249180885884057,35772358.41306073,10.990848642112429,0.1001138149810293,1
0.0054946653749361,332042836.9180312,31.566040801951388,0.0,1
0.0462327623413883,0.0,41.33740912164762,0.065090761623308,1
0.0225422900327576,301582976.0320188,19.56297079395805,0.0689332305709542,1
0.0057917593719754,62446837.99573916,15.72599472872419,0.057759342241033,1
0.0544855727200649,358988274.37786925,19.16245209245837,0.0,1
0.0452389617752213,115051683.65101013,33.04466812703101,0.0669129736886298,1
0.046619049357457,311916514.165868,8.650024951653512,0.0,1
0.0394941593866538,346010798.84417844,31.378858803573376,0.0334927786445289,1
0.0191625078668593,373262487.2353238,20.13375471262271,0.0527731447110806,1
0.0004012988318632,354490659.56257665,35.115052011608235,0.0254416199185295,1
0.0530114145841217,272187880.9339194,37.56516507606871,0.0,1
0.0616806365120261,287362356.70276165,35.669422039679304,0.0031886058682347,1
0.0287746128477017,320578582.5693191,9.478437487098589,0.0140238705266936,1
0.0070121700278624,327624527.44763297,31.31517064483175,0.0507053547468789,1
0.0372761930141498,320506168.8075626,24.21414242411677,0.0513311029575526,1
0.0248302759919833,64983281.79467136,37.83730453384596,0.0668016257099891,1
0.0030069087720334,352086595.5721401,17.18703773884699,0.0,1
0.0272308349946024,396195035.6745292,37.51562340527101,0.0250530538525748,1
0.0359109413409611,340003238.5043814,30.155094771105755,0.0398498046988714,1
0.0191398007399045,0.0,11.265057123545652,0.0571121299685031,1
0.0081053138104233,81979906.37827621,32.881362053948244,0.0722109610446967,1
0.0085998422940663,333421953.79261434,19.58341863883866,0.0389963027700273,1
0.0017622410019049,64030863.20076498,6.857606119206047,0.0480254085757361,1
0.0248215821993241,0.0,34.575915901683814,0.0641503885730986,1
0.017476937838934,355613168.28723216,39.36570716152912,0.0240870381165394,1
0.0043830451005762,314533861.34246856,21.685753561359256,0.0291253937743607,1
0.0425059235842569,300376833.91013503,15.384527231810855,0.0436632396440864,1
0.0,172720749.81155828,24.027201352183305,0.0654453690203842,1
0.0171617053727087,304441542.2926307,39.3410097141617,0.0497749411134563,1
0.0605627204677182,116479925.14264074,13.48760824682291,0.0573012460373012,1
0.0013211249063357,119782725.3759315,23.8025931430292,0.065898010447129,1
0.0043264637341169,246266132.64070627,12.561549453307515,0.0433262350512358,1
0.01278195771254,310563031.6164791,43.77718103449758,0.0248769361710406,1
0.0319953911877926,279012450.3721657,8.521087751916555,0.063702515106876,1
0.0447667654462372,26431360.192848884,4.123611709695009,0.0501409524421117,1
0.0501564364610731,164930637.9502577,38.31490919866523,0.0570425490058519,1
0.0597161441731483,0.0,8.133116978836176,0.0331940904105609,1
0.0079565412070169,128213299.57859977,43.17484067543784,0.0514263090568032,1
0.0536449328160578,0.0,17.13883679119745,0.0607979626160055,1
0.0343601399946571,220060255.52681872,10.90653831674151,0.058004059295104,1
0.006225285860736,178052179.45700037,11.083581075656994,0.0457902925244001,1
0.0674524021845179,203820564.3431651,25.704411449165235,0.0632350318396152,1
0.0205908560339434,35362190.33624732,8.258656830574521,0.0595541990843456,1
0.0328693668614607,172660787.06755143,13.175283420317127,0.067501623535847,1
0.0023812534193131,393223121.17556846,24.272437510698005,0.0019966319041473,1
0.0161808742423989,378951103.9333485,36.80926915780508,0.0117837980082513,1
0.0117385798193731,289686449.8900063,43.28589004607114,0.059212683587602,1
0.0465342270383206,89097630.6593752,5.980320054635989,0.0559905558730189,1
0.0349094495581621,333766696.32310426,33.86000410923336,0.0330298078132733,1
0.0287032448606534,183684960.7328128,14.89262668035006,0.0778486152725019,1
0.0565079600695673,124011450.0304084,36.323080217370105,0.0614214235534895,1
0.050446263047569,42853544.360997714,37.96986357641945,0.0637832009155325,1
0.0092199712003408,388259602.2712405,24.89210295768763,0.0,1
0.0039651038039563,76483593.37267771,46.59886268714962,0.0334771162858496,1
0.0432879882072206,18344034.611896858,15.66677184325528,0.0660191391746868,1
0.0142454594230843,268760654.2347175,29.027890863997253,0.0556278135302972,1
0.0311027245524866,302014343.972695,41.21952678689456,0.0013958424686913,1
0.0192741412114103,364226690.4012238,5.352106845911042,0.0156778017899499,1
0.0063601720820687,96891285.01172867,18.64650978829808,0.0744795718068427,1
0.0366886438958219,371389186.1799884,6.667865753845064,0.0716019635217883,1
0.0584846109178078,246524294.97188988,20.402811576198143,0.0552976933229645,1
0.0055517890337776,175338880.9457656,35.43215569039438,0.0525275688995165,1
0.0330286939409647,0.0,5.370767070725378,0.0513608149681986,1
0.0082702834064474,61332417.9702584,32.1574367961932,0.0746742860805794,1
0.0046274350660337,0.0,31.44201099063035,0.0743782437606161,1
0.0,67688923.52336663,43.81128707603056,0.0464166520890418,1
0.0,310949429.67676,28.383254239231213,0.0258826363141314,1
0.041386520139102,316338672.72508246,21.223168019727837,0.0443262712249799,1
0.008239459699026,248815514.32802352,24.20414811310419,0.0727563905244729,1
0.0556155045542914,64310846.00771926,38.42181910543228,0.0625070827377781,1
0.0,274818355.45213056,39.18716775663556,0.0,1
0.0745621553385014,184314712.8941058,9.83339880174133,0.0216852375025383,1
0.007475123466132,0.0,41.331757480595854,0.0508120398924518,1
0.0297525085544333,274753630.63132405,1.0,0.0024507468030061,1
0.0406682495832535,352237574.8860053,17.64582078292795,0.0,1
0.0,297543243.4864317,28.97762352163155,0.0476493834196476,1
0.0009608298925609,26605419.108058587,17.24732604318931,0.0660884088941372,1
0.0,166450761.1369595,34.2512702878495,0.0564044773583603,1
0.0190653877985004,108132150.5532999,3.88456313249246,0.0651855270120084,1
0.0,215193334.9081627,27.619785868368872,0.0587275865155673,1
0.0749744459096855,207815035.68461516,8.846263788513006,0.0066072110531771,1
0.0020020516635887,259573780.51477623,12.953587648681534,0.0289983601625024,1
0.030184391443096,82022301.36510798,43.10016547514972,0.0743788838876274,1
0.0175689023997293,404261741.07736814,30.317660591629988,0.0684141829026065,1
0.001422962443382,76062536.1919565,32.955216324390115,0.0581659431140459,1
0.043291734564999,323326405.5681063,22.099376587283096,0.0508161034422628,1
0.01027567841846,143982896.25602943,9.762852234941995,0.0540555788846795,1
0.0,167473504.5942551,4.491222000302745,0.0292696516596239,1
0.055486345291774,0.0,24.935010095349124,0.0770425212822466,1
0.0,224577314.28280896,5.897133292535589,0.0300660652705735,1
0.0338887242981806,245367755.69530144,26.13311618391364,0.0643716918737175,1
0.0091913903667003,80392362.11302492,6.660730661808824,0.0612171291284262,1
0.0153908691855403,238797418.2957079,16.7552884786075,0.0569120835055559,1
0.0578541438172231,16755698.537603408,20.396340489917996,0.0601634565750258,1
0.0,160271065.1386236,41.55127334500899,0.0282828736421747,1
0.0250359199980353,208924125.89085403,33.79692173267146,0.061117790600557,1
0.0198389615902093,0.0,1.0,0.0517107193042734,1
0.0,0.0,3.964777591449792,0.0,1
0.0032062675202159,199136165.8807476,26.51219263093171,0.0569441158643804,1
0.0407309948146774,392254609.4435129,16.236437551288326,0.0316264539001251,1
0.0330473562232322,368902770.7786155,18.06487508141187,0.0344802261742731,1
0.0679283525503461,271475347.18699914,31.940499421215836,0.0283562090706029,1
0.0143489921304535,0.0,2.5107850407216787,0.0447605173766111,1
0.0261383473928555,74299016.5861047,42.25339855010088,0.0617114456238977,1
0.0139410867447415,0.0,34.64382042720016,0.0727145254720423,1
0.004474606854471,123623732.69792482,4.950033186230254,0.0411703955794022,1
0.0560495616652754,0.0,2.981243675397294,0.0341567586787049,1
0.0,112610261.55047578,14.012965108617436,0.0604740289612164,1
0.0548282543765867,164295203.90924805,30.06464527505229,0.0580107168371412,1
0.0247996025153869,0.0,38.36835684719467,0.0627060855483995,1
0.0204322830403248,32936311.77426381,34.481594023916834,0.0751871712863764,1
0.000314256341771,112238471.6323986,12.569036900183098,0.0737865997944086,1
0.0465943942588423,181060764.96368963,38.69091173749066,0.0553937401045845,1
0.0,29580669.20568461,12.697264313161492,0.0466557825491653,1
0.0394528432584439,148797871.05416346,34.96209221588947,0.0831432003157814,1
0.0,297431321.1094738,12.493273388972504,0.0011793302420403,1
0.0482209256606647,252729136.9366387,43.234255653199504,0.0061115797138721,1
0.0344164181106022,391595075.5954331,33.43799078189734,0.0117778629073795,1
0.071891734330018,294675404.11847734,36.99473372776615,0.0161224205934156,1
0.0567844857517434,164492711.9239081,11.96003914540968,0.0469528573564009,1
0.0574038444403228,353595214.72154176,25.022881219668005,0.0035774761340198,1
0.0,189581323.41276023,1.0,0.0133822491896758,1
0.0438250270919252,117964400.1416024,41.93226946761176,0.0495547205887498,1
0.0438853969834546,267712900.10393623,13.682760668118084,0.0559836637512342,1
0.0162141944106798,365420019.3634885,25.88425666816784,0.0259728335837457,1
0.0397853438904128,339025002.58688104,8.884756903919296,0.006701425224484,1
0.0486183845341264,134459158.8617236,16.89691763484222,0.0708395760928174,1
0.009365172435928,158559405.47079486,1.0,0.0311075807848035,1
0.042827381454712,138451676.26563033,7.158869524656222,0.0803502134454362,1
0.0506159085321989,35171916.167088106,30.403784431287757,0.0625793810998944,1
0.039621245121143,162128883.43656075,10.365804954253472,0.0625098004761248,1
0.0333744776965395,336120042.4747726,7.716800396351047,0.0312855122706423,1
0.0460790206089326,458934169.7321044,34.68293785580691,0.0233301619609728,1
0.0080391909329325,79251386.02805443,30.380160509618456,0.0663247593558726,1
0.0080814371352651,391511190.0063437,30.78109057340658,0.0036048380050233,1
0.0402034445637396,358356697.5829891,12.193217669134114,0.0,1
0.0543849665172226,0.0,7.490421969431139,0.0482196548986393,1
0.0332088540045975,63829344.45199947,9.340834719670998,0.0691067081515535,1
0.054779488895478,0.0,36.63156821938008,0.0568843483394019,1
0.0347976184949508,349874168.7125752,16.71303454995545,0.0032399973813433,1
0.0,268845134.9443072,34.62820428816473,0.0,1
0.0281902933017489,54293109.55173321,12.14409849943516,0.0677071781320159,1
0.0487218911305153,31595075.569829557,35.71461149348106,0.0557982029780813,1
0.0182091936205592,313002040.7142388,11.631826571189992,0.0012028970565749,1
0.038209583798331,332958853.59814936,35.679773371035694,0.0247770494711361,1
0.0459944319237209,0.0,16.99875835077666,0.0653562091573867,1
0.0159318992548886,375767961.87572896,17.502391534355926,0.0092240639994509,1
0.0561474103204484,216510768.5251282,44.63935442111243,0.0,1
0.0112121358989541,125813340.09670182,35.014559435192346,0.0716315431219513,1
0.0512392429112597,194687375.87234756,25.315172859326783,0.063239474324712,1
0.0098636010962373,331473111.59786075,31.588492621650698,0.0227478303737353,1
0.0190875126049866,126626495.01049626,1.4490058415394564,0.0559943986222338,1
0.071647626392354,29265099.92376811,40.55665108689453,0.0029027624962283,1
0.0,132539224.4696178,30.609233050847088,0.0582750653989484,1
0.0605784219602532,230394369.99693015,15.454232379469476,0.0449359423501155,1
0.0123885846654388,234027174.72687384,41.75339413756008,0.03698444321036,1
0.0062026584893745,0.0,28.171287972226057,0.0674643054325208,1
0.0553185260798341,15233985.55840674,37.31272553062311,0.0513422802373176,1
0.0382722186460348,266585135.13249752,42.43169471315278,0.0484122218408334,1
0.0419152879381831,42772079.62932349,5.317597144923415,0.0748406621726699,1
0.016246174944477,292948149.999166,13.98311084093895,0.0592036812921186,1
0.0150742454813669,329316918.4219844,12.43590597283896,0.0554943916742791,1
0.0,293825129.03340745,42.95029541583189,0.0492976295382682,1
0.0070756314084531,481078840.9553191,13.560459888982756,0.0213440491698979,1
0.0608378144516918,290607124.0735552,15.229560622315551,0.0,1
0.0054488901445748,134100737.47846895,34.56032837550902,0.0551084933247391,1
0.0672031039751561,52336539.46081488,39.306802030754085,0.031580585914451,1
0.0399586256245416,265865030.5419082,34.65999634538206,0.0510744671442958,1
0.0497800883388025,356866443.8603381,40.9996983997095,0.0,1
0.0529467512454351,236641195.34003636,40.48745637338802,0.0090473203988012,1
0.0305058668201041,289847990.4992923,10.404540563754662,0.036565257237651,1
0.0,287157018.97089124,16.47162403274099,0.063887080617238,1
0.0574862579881489,155247676.71850514,33.163765429640165,0.0509518186219177,1
0.0226074436428457,313902558.78995246,38.32129941007593,0.0146844547239295,1
0.0407162075388295,17354935.596357517,6.251127459933993,0.0515720865879809,1
0.0515077613133934,315995423.54684806,26.48247338089776,0.0416565614053538,1
0.0087957425076007,239715417.3861222,5.099870847851125,0.037112274280697,1
0.0450874318212806,212492971.05471367,5.990126715933741,0.0361212876435738,1
0.006435534916776,434234556.40068734,18.70192236460302,0.0107012881773161,1
0.0325927045819322,252423320.92621985,27.90691172785878,0.0650623938424036,1
0.0662821906163677,167284635.3877647,13.327741564721522,0.0533245305543943,1
0.0550397536524449,85270675.11263616,47.05324066217227,0.0044719971756986,1
0.0573435811649415,298290330.32582355,30.735745690159337,0.0252712526711652,1
0.024866159700238,258854368.07619184,17.666803034491057,0.0561762857019749,1
0.0087014613325181,368390264.132196,14.002474753149077,0.0265542153014095,1
0.0508587545845076,250303490.445907,10.475111886927214,0.0438248556575619,1
0.0620389607046814,33060822.36675018,38.03617097105087,0.0399317982477094,1
0.0567776019612241,200939119.0844437,31.03992120893476,0.0575532261397139,1
0.020487391382651,34174322.83138671,39.06118486053724,0.0572380118318152,1
0.0,0.0,22.30413028289649,0.0662225415335355,1
0.0498269950816763,0.0,7.874190884890126,0.0476784600092902,1
0.0391692290396148,348788996.9662788,28.86568126633925,0.0397419508966924,1
0.0425984093925005,327114301.4559043,16.710479790815533,0.0414508188200916,1
0.0051045752990037,344252865.8204348,28.106523153985236,0.0,1
0.035880573155251,259664276.12620503,39.92835148845711,0.0464401605068983,1
0.0575163135459398,0.0,13.971894053811583,0.0676027437716535,1
0.0608348375149386,246741432.26362512,18.59201730920171,0.0445650211802586,1
0.0,324348915.8468596,28.962985515432933,0.0,1
0.0521391583215386,266295694.74185708,40.52438739569138,0.0190525175971598,1
0.0,111584415.41115904,28.624836268539227,0.0583101752952135,1
0.0225333657245711,422539629.7614348,31.70150670220451,0.0399022750626441,1
0.0526728793095368,238515657.22956365,31.493341931102027,0.0480567411672092,1
0.0088692080731047,362400647.8769182,22.17705155998091,0.0,1
0.0095388086337316,204158652.45718995,3.121336463130312,0.0,1
0.0637970382277461,259857732.85336927,29.439147389196798,0.045286011750836,1
0.0,342185031.710644,26.37745975284919,0.0217550578268249,1
0.0,313418519.345579,24.966708522663577,0.010299934817113,1
0.0244571529891973,0.0,6.176418237920935,0.0511847800659367,1
0.0303690804178485,313635387.7722864,40.5439415736747,0.0250070785946823,1
0.024689047212169,0.0,8.830278244763438,0.0554388898412213,1
0.0091816704026857,0.0,35.938229978020416,0.0539706859972719,1
0.0,336963389.9713024,25.05810773396827,0.0294576156839576,1
0.0605114943511539,326261066.1349427,35.49793204630274,0.0043442331723969,1
0.0582455782793613,307859301.83803165,26.53002387110869,0.0100582521116536,1
0.0486484690200286,250093121.4060749,8.088766447611594,0.0413877036976893,1
0.0555151007687345,131772333.21765424,26.688495599665806,0.0611340942407987,1
0.0598189291316156,345841919.1593883,18.9551375041232,0.003474892688892,1
0.0098669110795249,0.0,39.73713008498458,0.0516597147863584,1
0.0159057352033434,412798196.765118,31.49810238028921,0.0300327535396526,1
0.0377085949927529,336266946.5991361,28.419748485081488,0.0414756160686647,1
0.0053478217752635,231610294.99981773,10.906595399275018,0.0464654702867509,1
0.0306072414129788,305906549.7296392,12.666689545934648,0.0390473703538954,1
0.0499056805144597,348229927.2576764,29.40452611847376,0.0304165327896323,1
0.0285925442392624,283011127.2596351,6.36604270133514,0.0264329048938704,1
0.0589689310187676,0.0,42.62900967402007,0.0302770403977445,1
0.0211846218246675,282706182.09817743,41.48600418155334,0.0,1
0.0283805085351518,388141883.8776921,16.66844552660934,0.0199561439691535,1
0.0312807147716991,206580617.37448072,13.752806374549271,0.0589174416060583,1
0.0165774582416438,330746866.02133346,33.85674926626726,0.0,1
0.043666924782707,261602925.48501316,27.993346514672687,0.06410306723806,1
0.0225494996382616,386395013.2087147,14.80872097300856,0.0100661535035077,1
0.0092534860236499,49795439.86984925,37.2289760186897,0.0605236778659616,1
0.0399024898620406,167594879.864314,11.14803714886068,0.0728883924718833,1
0.0085858777647186,243154493.14018983,6.946783241089324,0.0,1
0.0008595037299609,124537196.72262174,11.185148202739848,0.0455592944249377,1
0.040994827924347,115124699.00770415,33.09223213020822,0.0831325772465741,1
0.0499277177183499,294896429.00881326,25.052484715528003,0.0470004297073437,1
0.0319424339493461,354274353.03817844,40.06364995180328,0.0354089342583908,1
0.0050696348683302,298114901.6374588,23.76621071212952,0.0473192206950402,1
0.0570442587762706,17902839.012246102,6.289591068066542,0.0295704811364854,1
0.0479192789981766,100752827.67767632,24.257981118854158,0.0784505325619078,1
0.0168554402718673,130528055.35764392,8.303553592444585,0.0799938609686435,1
0.0187034479949673,359022332.036639,18.114379677158443,0.0049942397211869,1
0.0239181893185299,313317452.99687123,33.73746405364807,0.050728906570988,1
0.0310531106683717,384499146.3379052,6.295370546456507,0.0467471818682672,1
0.0498951648810591,320151707.0490061,32.17323412687974,0.039143779317743,1
0.0,327535581.3730247,25.61418752364249,0.0206421156654307,1
0.0296379954279568,0.0,34.65964923470885,0.0872852282769639,1
0.028084457404301,261681455.1785561,23.05340974373955,0.0710903200326911,1
0.0321074485098071,0.0,3.5703133101349778,0.0643535032392355,1
0.0764442460115749,196037459.4685698,14.060723668635648,0.0235306942182812,1
0.0217791326248344,338536368.7556598,36.1007640423073,0.0071843417637988,1
0.0036562411806491,275554023.7211389,41.97955092504396,0.064933581642163,1
0.0115547844480093,47280004.95935151,37.55034026687342,0.0734728881693376,1
0.0584987817206959,169536467.84198242,19.43882114762463,0.0644833380626673,1
0.0,303307375.55339766,28.610457417483996,0.0051293740386466,1
0.0321312181434545,0.0,48.04906759503488,0.0660669682423921,1
0.0635421985469292,63335899.76292865,41.927202725783154,0.0018625547814018,1
0.0,279590306.9020081,11.574205983664722,0.0101988187896605,1
0.0293874377483608,0.0,36.3884283851358,0.064932737221639,1
0.0489807803819298,288728480.8662883,38.5342618386582,0.0105692788838546,1
0.0342358002195033,386527963.375634,18.90154236527661,0.0352675619654168,1
0.0,339668251.83332783,13.357772113994324,0.0082717583016745,1
0.0302173608204881,346751318.3104962,17.97032377120034,0.0445685553441501,1
0.0298550855824497,214633532.5441104,37.84113766777526,0.0548640437480733,1
0.0228628879464447,220377358.55336243,29.47215620855585,0.0669406998164679,1
0.0608838569913072,232571024.20158508,16.043486758451277,0.0407503662825389,1
0.0,136766268.48325714,46.59593558348109,0.0260277527073962,1
0.0200100173774844,310360725.2351463,8.722055293710598,0.0172871437458777,1
0.0213472020771581,327098054.59012103,14.618513805005575,0.0356608694497571,1
0.0460052894741078,253140713.29424536,7.609897251248384,0.0340330408728738,1
0.0516230275342122,208088454.94543684,35.83840199765678,0.0495887246575959,1
0.0,105412590.47909604,26.52309807663428,0.0629410229606033,1
0.018902007210319,279051253.30535674,10.07385788200082,0.0535388907166395,1
0.002546225545209,211544116.45223743,42.79163216041984,0.0199983571735649,1
0.0596441924603864,310598739.12637734,48.52211667831772,0.0087034481385034,1
0.0193112108851727,357195186.00252473,20.373823179827955,0.0533362803383523,1
0.0106688914393608,339679714.12787056,38.10452770088811,0.0041075403076685,1
0.0400721509347637,299790505.6544788,7.178832894174004,0.0028981443467199,1
0.0498012535621227,387185409.9354783,17.25309624352827,0.037527539057775,1
0.0,186630189.7317636,5.642743953068592,0.0076694512815476,1
0.0387791289522772,17945634.054864995,43.05085225344109,0.047854251029253,1
0.0133349796746521,291178388.0876484,36.530009021598985,0.046106068800702,1
0.0,86834620.82685366,28.621879840413555,0.0640188660261132,1
0.0125183061570933,0.0,44.57042614193423,0.0479301681495813,1
0.0514094875442615,330824814.0188068,14.243410540298596,0.0,1
0.0,364407335.4391018,25.18993906946216,0.0321415666284709,1
0.0263930527984541,240563798.72765452,19.90876491350536,0.0863542679488382,1
0.0487281085004466,124676881.9982618,18.522322461354527,0.0695776436390335,1
0.0241120095709236,35769047.649202764,6.82364260951795,0.060872486765675,1
0.0613831069932389,120904249.72535254,9.649489656920776,0.0386026967123798,1
0.0220705983317518,290168430.3172627,22.849411447956516,0.0787070528076762,1
0.0265171092517054,108695289.46948607,12.776073455564594,0.0735930596105288,1
0.0403178096575331,0.0,41.10683288728659,0.0534553647379556,1
0.0220551273388545,395184465.2097541,37.0979444708436,0.0300607633136836,1
0.0206908575357998,374563295.9563091,20.479557932502978,0.0789305795297298,1
0.0224556179786064,412833980.1124339,30.8728838919896,0.0209365719764647,1
0.0039043572845308,28554745.92709311,10.311267642914336,0.0550863072086659,1
0.0432382730999986,0.0,10.141804733459988,0.0620577145291344,1
0.0186459604343392,28631930.22255344,8.737521332773698,0.0548243890750578,1
0.0193525215293666,350718987.059278,15.765036562658976,0.0018597139727132,1
0.0784199303371459,60380857.46126248,34.890024094258905,0.0357083720742203,1
0.0173594490989651,287137732.4496995,28.86418150272432,0.0535298405631423,1
0.0094935803480794,237078781.39202863,20.093436660225976,0.0596928975303037,1
0.0328443578832727,13724574.36467824,1.0,0.040648849147832,1
0.0296650424363777,0.0,5.464040204051258,0.056739965339231,1
0.0438189249224804,326211660.06438744,34.580099677264826,0.0052885940642058,1
0.0,316134300.0016316,45.9689296576505,0.0076005085768894,1
0.0296730317638312,289014730.5607076,10.490349406820547,0.0400819236825114,1
0.0372798168139558,315724871.2987841,40.71128669848609,0.00878645358334,1
0.0144272200878838,0.0,40.64135935366549,0.0523657678446471,1
0.0209231972042355,4739411.694985554,39.14966510799704,0.0562092191789878,1
0.0048064730951901,265773119.7586071,46.2781414152166,0.0,1
0.0151651922931933,299126617.6391292,17.25008284478561,0.0492074121172336,1
0.0484038035678287,290240658.91227573,40.131827396343056,0.0294844654569354,1
0.0138196099117907,214120784.52648535,14.870208301657552,0.0738600486824775,1
0.0180222078873245,0.0,4.297744839054246,0.0506528367369033,1
0.0521231996777136,112333820.5743007,28.12399960693062,0.0627323869584992,1
0.0247878418144501,337161832.39988345,15.290064163565336,0.0247457646482886,1
0.0066996683851363,128769559.79098666,24.501705052576995,0.0701563703931153,1
0.0355863668879142,359990024.1284605,32.53465389752971,0.0017361760813856,1
0.0519632755014422,281739087.2529116,36.88470790385078,0.0602596180410618,1
0.033073987369953,41731906.97529051,40.85539986551592,0.0546989544184548,1
0.0470086904427937,290898386.09611547,10.460335724017302,0.0051676151401016,1
0.0218138004822552,322559105.727366,35.08596087374302,0.0572378057872852,1
0.0,304346544.1854124,20.6974866441589,0.0091875390389828,1
0.0416168761515498,178096136.42259163,2.977130873766587,0.03991805860847,1
0.0345259292705094,343489166.99101484,41.21571667267711,0.0472610541599868,1
0.0,25336840.636985358,11.042038327052907,0.0501669454870271,1
0.0662060794698389,205354574.17977792,28.127234819832115,0.0442913274024116,1
0.0468963359811642,177916084.59350714,9.667132261658669,0.0474352902878812,1
0.0604167050708297,67175542.94524984,10.3381130043944,0.0494579484404007,1
0.054027858916809,233832693.36454532,22.18493011592165,0.0560094034514084,1
0.0170734346251232,328047504.21342313,20.71127795210409,0.04607089229216,1
0.0253874207217362,226059944.77098823,7.213616109838469,0.0605095580622193,1
0.0173792712822088,0.0,9.30799940623614,0.0864031381877483,1
0.018538963962873,305083006.4155813,7.118010405392781,0.0027372107290652,1
0.0197581244357406,94621379.49494702,2.186683804905172,0.0606223482530476,1
0.0487312849649742,50298654.8673526,31.74259375199689,0.0638538994196939,1
0.0072363611993556,301081732.5745603,17.78085685422542,0.0377060934366308,1
0.0699722118039543,300752858.60596657,19.808120169940167,0.0018693097299973,1
0.0272568338715146,375297931.05471706,30.47604062326892,0.0076648219130091,1
0.0162401550481405,337076898.4547418,16.36669568376397,0.0232634418140032,1
0.019639449305011,366495977.5992575,30.77627658934569,0.0,1
0.0397946405471639,276485559.1707789,41.45542133598233,0.00372545940767,1
0.0624559469604965,0.0,21.4922530014532,0.0655401843320382,1
0.0,20286731.16467404,5.777904127100886,0.0,1
0.0226153847386362,425833352.6723387,19.84955801391211,0.036469451736744,1
0.0,0.0,23.71068091420671,0.0587538211223899,1
0.0254211474916596,303671948.8401479,19.68551554526756,0.0604357052408294,1
0.0589557084877661,117171895.6697341,18.638005661593876,0.0655013724016294,1
0.029075156333318,318941560.0186378,8.858386637759867,0.0332115643944551,1
0.0118731822101451,329590793.666346,36.87478995871011,0.0348378244039167,1
0.0316048849093253,353589873.968568,31.88767673634925,0.0346860806543128,1
0.0280591103828995,331673622.88690645,19.26084824705025,0.0510730040935922,1
0.0435786954565482,235266999.1401744,35.3720367185905,0.0617751768351052,1
0.0,50295406.0340924,6.274813606517249,0.0475715784093392,1
0.044980339372249,345096508.9129182,39.027437688761125,0.0,1
0.0,371485050.6351353,39.10306204738947,0.0030167673911673,1
0.0654467896395827,205271878.85757655,32.99201176723496,0.0527874281171964,1
0.0343948426109005,361716763.9263997,30.3693016779714,0.0326308665462196,1
0.0581393232538569,334812741.7510669,16.11037721555209,0.0448723195670102,1
0.0194329324614838,260737840.6770123,45.466254838375264,0.0399435679548958,1
0.0455409495380603,199297645.42272365,19.541813892418094,0.0660129952311696,1
0.013937822242427,327537241.41054755,24.48879615592171,0.0404586961588271,1
0.0348195823951822,236781126.19575623,18.393844553137164,0.0725309395545674,1
0.0048749211309292,386512240.782591,31.28680719190539,0.0,1
0.0601059374411384,249178731.09923905,9.771418220065549,0.0254192982368483,1
0.0439790092186992,178358844.78091273,33.40054796362308,0.0683721121930617,1
0.0283011480209022,321910931.1175782,17.16954801766682,0.0420086868953824,1
0.0181680013914355,249174474.70982647,3.104152954416993,0.0,1
0.0,186143369.7006384,36.05181535865769,0.0519642577095175,1
0.0113531063377737,292376215.0052375,14.715423791388485,0.0449659488345701,1
0.0274022817497222,0.0,4.864525900310039,0.0576659730369939,1
0.0151819691636478,328703065.813329,12.378705261336371,0.0,1
0.0,284219948.2716877,34.19354256814554,0.0,1
0.0109158286818331,208765990.3202346,18.04419918936622,0.0628504234520945,1
0.0179872762643094,370839969.6031363,31.64630346803826,0.0399603907230109,1
0.0605306200321889,19638453.30335734,5.028653781299571,0.0115732570276312,1
0.0128765561044423,38025083.95579522,40.642733031659446,0.0591112730218467,1
0.0463633424720511,358238554.75695205,11.31991719702918,0.0006210342178432,1
0.0,77801618.8773928,47.126216684924856,0.0194474279506752,1
0.0336863949147204,0.0,38.684313034729016,0.0649891707287846,1
0.002350440190497,293056226.7334145,26.515715162710965,0.0456252026551982,1
0.0201602716122272,0.0,5.872986474544067,0.0573786365455411,1
0.0454949381004907,142342616.55855864,3.851631358032481,0.0469425055685628,1
0.0367223309270722,260033823.1369351,21.541739265251117,0.0613977184956342,1
0.0231344951595955,284834524.9282366,11.506922819095395,0.0529114064633928,1
0.0390079053997579,5243786.708579063,44.22499532889203,0.0509883246063641,1
0.0380683996544538,0.0,3.1435721402414387,0.0569438690853665,1
0.033589837941123,330654816.7710198,3.9174162083500335,0.0539579350922135,1
0.051229977652187,33656494.669937514,21.24789881225753,0.0754283289108485,1
0.0301201890344469,234382887.117868,26.057031608764653,0.0753154004552515,1
0.0381285954882801,338994703.5949614,14.201980126075313,0.0165426760394904,1
0.0395597968981849,254133101.3171617,6.004518063733798,0.0479837708690853,1
0.007656738244524,366496853.0243771,25.501717980241374,0.0,1
0.0056177647170555,218523858.9032831,16.119003100810243,0.0712729727804042,1
0.0190896020675735,0.0,35.83895737456128,0.0694722619229227,1
0.0178610580421192,65616131.56473251,6.787889582352484,0.0590467498674397,1
0.0454867083383249,44740618.7897819,22.914361959615967,0.0984430354833047,1
0.0219203859748075,0.0,36.59108775068015,0.0586085769115494,1
0.0308486101464886,403951963.77979016,25.581015523908484,0.0419226662252307,1
0.0,273832580.3105867,16.104105000982287,0.0380036152964239,1
0.0085618007793313,0.0,2.5599389522042277,0.064341783410825,1
0.0228837951467276,112520475.8900546,10.189265166296742,0.0670412397567123,1
0.0523409279620625,202625307.40823373,10.504756624986555,0.0578003335795026,1
0.0364883950070929,298055695.54988563,37.57409709207839,0.0392274752112702,1
0.007278022902204,302023586.90501046,4.247925565098818,0.0257042485324935,1
0.0290885768536583,141590308.78955907,37.66649691831808,0.0612828989967986,1
0.0,33941335.54419837,16.84359295965139,0.0640220753820525,1
0.0,181748643.14864343,3.606153250920322,0.012910180867626,1
0.0283915982349431,259985259.7421844,1.0,0.0482572704949177,1
0.0294849233970529,60110736.35131321,40.09437682133271,0.0632239582141091,1
0.0262930849409385,78771322.40197644,13.339497430923329,0.0779692771721941,1
0.0138682124676257,315589380.9782618,15.572080737208154,0.0248567380357335,1
0.0321294713498765,6535360.179021314,33.476480290856415,0.0754097847472403,1
0.0,271482011.49350286,15.80505620851662,0.0202044715743656,1
0.0014632187036672,221819755.59501907,27.72876499850754,0.0530934695438261,1
0.0100265351324133,289133045.4582725,29.37079122677423,0.0484358880146407,1
0.0621793439457234,207453196.63582668,48.00491031039887,0.0171482349028326,1
0.0248631276746163,258369075.05712837,4.015987903431419,0.0012065559083415,1
0.0025434524442175,109832993.6995908,8.702022684719914,0.0510434254486605,1
0.0196310226281002,274706267.5526122,1.0,0.0,1
0.0476080931175186,337664774.82269055,38.39835514936436,0.0389178101348359,1
0.0420387447113152,73114185.08237924,6.448045821342479,0.0521121766732651,1
0.066016305715192,240493252.7976287,31.86836343739546,0.038331737116642,1
0.0,106211102.20096622,39.59733121916855,0.0500060076750302,1
0.02449546294971,204862802.49503848,28.943096274116705,0.0700755340282224,1
0.0098701012805247,381386279.5602709,27.0120795994983,0.0284562701832082,1
0.0020338969227893,217879234.659612,1.0,0.0313133401880965,1
0.053561415872025,110222520.4367828,18.19374690495842,0.0676766065197275,1
0.0356857277447007,307802670.451543,45.53688604019967,0.0489723896755001,1
0.010417955642691,352122289.1506851,15.434790518202808,0.004412217715685,1
0.025395403182912,363536112.7339066,12.708225243573413,0.0271203874444853,1
0.0078366443938239,120375151.00898252,33.75294500424737,0.0609168648662243,1
0.0055315773320107,71123335.88004419,16.482739830077378,0.0598129410344054,1
0.003911389671799,237993427.64703423,41.57849620638707,0.0,1
0.0014555645083855,198977761.5222881,23.10039498761055,0.0549758790945777,1
0.0,191344282.21915168,41.132854045861535,0.0041847064439074,1
0.0567520168379872,111464772.42736574,35.47317019039344,0.057378454995613,1
0.0231910421070558,344296472.4562781,39.35227578623003,0.0231150158367459,1
0.0063872243659436,37806317.67859835,1.0,0.0,1
0.0146234519350311,358815811.36342704,22.28586277491143,0.0365595329727115,1
0.0428527036942888,196284403.1177752,28.81409907641156,0.0648481778077576,1
0.0064654849074532,0.0,11.79445729438054,0.0574805205876365,1
0.0088514272947891,63310766.3409159,7.217747162611289,0.0477287865129271,1
0.021504024430993,298296528.0247937,21.466094335646485,0.0615273818184975,1
0.0589805261127916,283350647.2617643,37.34179959491505,0.0,1
0.0347467059209716,361712745.4018754,31.25860153055805,0.0254028407983353,1
0.0308827963168969,204641002.70415652,7.017547996499516,0.0689176048225051,1
0.0016970608509576,305543997.1262251,13.768428033332247,0.0,1
0.0013555685204448,271430293.07872283,36.22248441282701,0.0240545993438844,1
0.0136037645772628,393869051.5199503,20.073908748935157,0.0182506192787958,1
0.0281180665969008,293922981.2932189,35.86070267618145,0.0465996936778625,1
0.0104683979847627,13385210.129933044,32.345123253867904,0.0853085065004526,1
0.0278011170146064,1122292.0950689465,35.00213314886908,0.0771121214935594,1
0.0143931003981557,378668081.1576448,26.84839919315873,0.0022241081154034,1
0.0391041629463555,307002920.88045496,39.04600770092051,0.0096503503243984,1
0.0569012270823949,354129885.8246262,33.7708224686037,0.0,1
0.01238355025685,326137043.47830003,27.27056768179005,0.0542253852011878,1
0.0352732175171491,225181036.96906123,43.01112931369802,0.0595311478872901,1
0.0126753341085038,0.0,11.287548691216902,0.0849813394898387,1
0.0159404945271173,328506479.2182377,13.849810015653702,0.0194100735413529,1
0.0038085808219369,358155764.9024497,20.2014943461929,0.0151955579194621,1
0.0433778472619862,371003679.68639314,16.37398886533075,0.0215443836066643,1
0.0005516198156768,33052342.54343137,3.7960849136204473,0.0,1
0.0167857550927819,354293032.84164786,33.06275315759341,0.0203569339072049,1
0.058183491756526,309994839.17000663,24.05501863801381,0.0210444432262126,1
0.0456141329673236,4792203.336467415,16.99762532100932,0.0785804780662009,1
0.0180876393503122,241222092.8139389,21.33837065267231,0.0637273422013151,1
0.0301321345755136,298769913.2514924,40.02909174665655,0.0195096131882103,1
0.0610400541397192,35133438.661067285,7.945559154699271,0.0042726654955036,1
0.024637169125188,98823999.48975997,4.962055357404935,0.0717392947463977,1
0.0405019051224879,202284954.80288145,9.44230005237527,0.0576033846475353,1
0.0565515129671551,387290369.69580126,35.86026654388294,0.0239568793442832,1
0.0120325032424062,213673237.2691364,1.0,0.0104511064003468,1
0.0369792907025273,105976702.2923399,6.7366016138515405,0.0532061642694805,1
0.0067873989629546,126539802.76133992,26.237543934745748,0.0673512110494146,1
0.0122761943226728,457343259.02897775,26.82831612281943,0.0131935322362929,1
0.0192232936304534,207784745.01765865,4.581468339798601,0.0608936263000341,1
0.0345963553197883,0.0,38.12224214523572,0.0587072638342927,1
0.0248132431220756,154815277.01358813,10.439992862515831,0.0631090388904099,1
0.0390371353890103,309635108.3488524,25.179701126907577,0.0480320802522137,1
0.021915822904757,42031349.689868204,7.389143364490337,0.0538817838734339,1
0.0,299101976.5718032,34.167667999613016,0.0632873740493749,1
0.005956993688235,274412454.9400395,41.72975768505736,0.0142860274334367,1
0.0425239333109414,347724026.31527346,27.28311951462371,0.0314882092399093,1
0.047969258963059,78905241.08645448,41.82106242104841,0.0462202872980173,1
0.0203489699157404,0.0,39.04772680857718,0.0632834942068248,1
0.0428903852500257,228591482.497925,28.65781815579807,0.0645616756440816,1
0.068339365550333,74266703.20707731,8.055235378123534,0.0,1
0.0512547401079386,338762044.7294729,36.83727078988375,0.0,1
0.0513779406137791,352787151.031623,21.79898627286592,0.0039284075053968,1
0.0135729936679907,0.0,45.56002361924868,0.0495516314394787,1
0.0042732712883764,195588978.8285657,23.23881850525695,0.0624860179239958,1
0.023707983520069,373890760.1244144,23.141796053909083,0.0339711441642441,1
0.0515314690775702,188933955.30758277,26.915250708074343,0.0637859834965596,1
0.0,255339470.49889505,12.48532742913137,0.0168087567773262,1
0.0233001856694423,461623570.3824307,32.71545424568717,0.0411433857610232,1
0.0,17072016.036243305,26.773290969403604,0.0628072616383557,1
0.0288101426667593,379571937.36817634,39.61496091655163,0.0241358520395662,1
0.0081252695551417,301771357.1429689,41.01703893331408,0.0061388094564241,1
0.0478637871140339,175004794.40484828,31.07068774210365,0.0748987609250912,1
0.0005172205003548,335950303.5339084,25.564128256356152,0.0226432413288126,1
0.0242345631651791,308682397.37198985,20.24274154023404,0.0479789813890382,1
0.0642510837531547,213677295.42288,43.15129028018308,0.0091237928340494,1
0.0168979303280723,0.0,8.702584216795373,0.052144420276808,1
0.0,157762584.8612184,23.77389846147224,0.0922501626207016,1
0.060024443270089,169918321.00454754,31.543208950186816,0.0499001097156839,1
0.0523325466937002,325201575.8845121,31.641277696101778,0.0,1
0.0945323443752818,0.0,37.54037456765634,0.0054898269777983,1
0.0570137860340566,179803685.46777618,7.910999426030607,0.0322134618417154,1
0.0401533705240777,254125403.39824823,10.78505880338228,0.0521874451187231,1
0.0132300039506993,335500171.1294777,17.27671157565559,0.0331797900162978,1
0.0168028806064093,282704333.4501326,8.499385648489016,0.0318811473747991,1
0.0275805915961073,0.0,5.875162591120208,0.0474529716333289,1
0.0717969486360591,208083166.9469432,18.621345369978883,0.0330015199011356,1
0.0064132040009931,54761807.742464736,29.623316111719344,0.0647670627400113,1
0.0356763042309211,375677888.9349545,29.3121836577339,0.0176108445736614,1
0.0650728118448972,152063046.76325265,16.291949269815753,0.0477061674310628,1
0.0076069410460273,348089254.2849916,30.862030155341863,0.042028790860303,1
0.0,294266757.42084825,21.67417824544533,0.0069417105528073,1
0.0575213515934487,72495230.02035765,17.629425643682037,0.0637659002230228,1
0.0106760167863332,66277781.09533585,11.124678666964757,0.0554821836098766,1
0.035114874493784,297183411.2859981,40.59835565981992,0.0218842806833162,1
0.0075811994123572,109114906.736857,37.87446206993037,0.0579651087933831,1
0.0360031331169425,103562268.54187024,7.298847400881979,0.0623258907785929,1
0.0288057309876872,350952937.3688046,41.30181879119782,0.0227528346198741,1
0.0374155344118298,10304635.762826024,26.562070761666163,0.0953510952398178,1
0.038539987441768,436815876.8571959,24.51179648978623,0.0301129662301751,1
0.029962906042255,306158285.7279475,12.133171413902511,0.040822420807426,1
0.0293522524976174,305626540.6337929,39.333587855786185,0.0,1
0.0387675903824972,225432880.07940271,29.772929096784303,0.0600388990717321,1
0.0129927504193564,308023130.92750275,11.365659631047077,0.0163389506268771,1
0.0441221497918714,294865762.2266723,42.92652868324837,0.0,1
0.0371373467598101,348922553.3166209,36.711014136414185,0.0038766310930255,1
0.008788461662854,262283551.8428074,35.72102904756329,0.0491198250629763,1
0.0625202811296096,318142835.36675656,23.05725023591104,0.0207967722357348,1
0.0460213509776977,15588422.940829515,12.27134952449924,0.0687270738690755,1
0.0259809348560165,0.0,12.385143606126526,0.0675219449127003,1
0.0026050530944853,205710210.96369004,40.36948303897434,0.0437732741147323,1
0.0211955245996644,263759305.8006656,15.03853743743144,0.0761740592121147,1
0.0289419977342553,112725956.43679936,4.7913886491284,0.053234353059391,1
0.0554921865553639,246057318.1986721,33.3323716793851,0.0576975027614423,1
0.0168276238947126,202767549.32552388,12.652111252882095,0.0577844325346111,1
0.0067173266372499,136720236.33722207,33.63242239109361,0.063863777294955,1
0.0207115136058,12323840.77756144,41.68702120524862,0.0599927170077809,1
0.0328933322727054,59899104.963142894,39.61116622957799,0.0636937738346082,1
0.0376352193835874,275865383.74351656,6.466117201566689,0.0139661854733198,1
0.004607829050946,239173595.92425248,19.05924421374243,0.0593138057299226,1
0.0099731816329946,257384033.03320467,3.9934284965870432,0.0026198255985415,1
0.0056118113929109,0.0,39.37314184193905,0.0527349593423384,1
0.0122560733748598,367061606.1154598,30.23049632367361,0.0166692114549516,1
0.0472905217763423,350711320.34108603,29.79672492184729,0.0,1
0.0523175221792015,326484603.3139499,27.61294391659188,0.027627555694053,1
0.0125070820084361,314595422.39058936,17.595015642928885,0.0310047305202711,1
0.0,298755599.5671916,32.687300828918495,0.0356990503959638,1
0.0483912396531068,258503139.4237196,33.5405325105327,0.0671531555927308,1
0.0085894587185174,344462529.41217107,31.058873115409504,0.0213948376106141,1
0.0504086420802369,87680710.79520993,3.945945897359902,0.0423894553478182,1
0.0106438200773343,307410373.77685857,13.144307017349355,0.0567061540291141,1
0.0638113495998812,65290958.73844299,21.934412779813428,0.0758842447707014,1
0.0180897275124212,291232770.76956165,39.63644196941092,0.0,1
0.0629184541255568,343353734.9569578,26.571672371829884,0.0394083561450445,1
0.0031558418860113,258806121.6439046,23.26800280334295,0.0625178454717059,1
0.0225244415029608,217171657.24860612,48.38027554184536,0.0443543390496387,1
0.033460781954528,394370265.9572151,32.22521005690846,0.0242575848826221,1
0.0129898254749586,330265931.78238225,28.099872300571587,0.0407858182285107,1
0.0046756910696559,0.0,1.0,0.0118731225778556,1
0.0603340157280934,0.0,16.70750554712097,0.0627376610066557,1
0.016008954538739,0.0,12.76312530349959,0.0568106172273301,1
0.0622842229007142,219649401.84128764,31.876886252396744,0.0327979691401527,1
0.0254085016010937,350577820.08096766,35.17073222196831,0.0056557958963098,1
0.0411840775242287,0.0,40.67956844027606,0.0613343341811488,1
0.0138039820363509,337786844.0876391,35.17834167842882,0.0053298825383232,1
0.0093963916759843,382393750.652238,24.30656428005294,0.0,1
0.0540694355808787,151717939.6012764,18.84849549388803,0.0664665012166412,1
0.0637131620779905,16956441.249951355,41.87112138017781,0.0203641397896146,1
0.0283646901209925,337077837.78001404,35.24649812727865,0.0367328736765804,1
0.0488201244638985,252017275.69356188,46.14169282081993,0.0116918145140288,1
0.0036189324079873,199974619.21283507,23.475657075675564,0.0552322988360658,1
0.0036056246323895,55659687.32415231,1.0,0.0244726097567717,1
0.0234773638877877,299000039.1979393,20.340942014934715,0.0562188112019933,1
0.0276050867657623,375739252.1107802,33.69993525049863,0.0,1
0.0364667162821813,37445668.20941107,33.76102732004257,0.0746003173093435,1
0.0095428407815139,28912638.553575307,16.666798287282308,0.0645165036839992,1
0.0616332538815574,174382143.84674984,26.19470121347808,0.0530899219157798,1
0.0247063106897659,362111526.00884736,36.82527115661708,0.0,1
0.0076870283557764,0.0,28.74061178405888,0.0693480201312165,1
0.0675665190517423,102798504.64868894,17.951079186751745,0.0455694815521161,1
0.0370596622956989,224347999.4347612,10.13934592703974,0.0479624636105989,1
0.0681130232041804,279062344.0090722,24.67705861876484,0.0255835168152454,1
0.0168306494950424,287423363.0947417,6.01777342061418,0.0,1
0.0274387827810818,40070325.663719945,10.633464171609615,0.0628858272161041,1
0.0318969546753883,353689902.97126675,38.37087856519017,0.0081699866452159,1
0.01703195307743,301245895.04120624,6.024645614697636,0.0,1
0.0077675053314112,0.0,25.20139162946064,0.1008906169603874,1
0.0036240153223933,315997320.02531254,24.885926716656808,0.0383442591074369,1
0.056906043653297,114633930.18636487,29.67791308223162,0.0582122190519797,1
0.0062454253458311,354365152.8970956,24.623165349773807,0.0056718844936992,1
0.0535437740007686,76835149.03316735,3.070815635929975,0.0366303795479497,1
0.0254792113750863,179352825.93562347,33.56995770276652,0.0745308872290957,1
0.0463099488912548,0.0,32.33003100436952,0.066610721777837,1
0.0062752081859127,56032570.314426586,33.15596659497641,0.0622689950390122,1
0.0598336723922206,151218228.84529054,4.403602320312775,0.030107318470921,1
0.0052667746390038,236526854.58195883,43.1065519202626,0.0466833025077724,1
0.0474278298972266,0.0,24.28287392115449,0.0777046076302871,1
0.049089046757545,0.0,11.217120465698228,0.0540841596252442,1
0.0423393054607096,263179260.39631543,18.43612996784249,0.0623576189312068,1
0.0398522699565627,426131677.0051718,28.6240731090467,0.0286070875897809,1
0.0176201810950184,0.0,37.543325013366776,0.0828752367110729,1
0.0478312822462712,290170622.1568701,11.287726815697694,0.0459271062559246,1
0.0481243091996215,0.0,13.136895713961936,0.0570901464733235,1
0.0,48683037.45596919,2.6678092295382463,0.027945505593929,1
0.0363262882425914,361859880.7595441,32.71153965109978,0.0286398251582918,1
0.0719708086483022,178377821.2101105,15.543515846277051,0.0699551209334926,1
0.0,16307109.81291265,7.104331855060952,0.0497113708640273,1
0.0363856465098653,64823787.378341824,7.700524960409634,0.0763431760019821,1
0.0032740314097542,123405233.12007847,7.4378189397063,0.0526701477618846,1
0.0180583891748155,207484998.1760698,34.265292965912494,0.0707213517392103,1
0.0,166152550.89576072,42.10014260719628,0.0343120050561831,1
0.0361083621543613,312059230.28528273,42.29123175568191,0.0313779975183328,1
0.0151300847325088,335533132.0316622,18.76450306222804,0.0224283173687541,1
0.0427227936754757,274274906.2862816,23.17984538235755,0.0647740362026838,1
0.0338300915317354,314997250.1369678,3.1585433109314955,0.0,1
0.0454622932257103,314234258.8887215,45.21662058877787,0.0048430712576512,1
0.0,328683592.49358344,36.055645404590464,0.0440197567668491,1
0.0495123916402531,99072511.02317896,12.47919384227316,0.055226708930481,1
0.0225874445225364,278476498.9013421,6.716298819787482,0.0356080290846403,1
0.0164883417899352,361535726.9080484,21.27296773306575,0.0462073555850397,1
0.0498410326998806,331505386.512614,2.656445235847812,0.0,1
0.004667828484732,310306584.74840736,7.197140217955408,0.0020163967373431,1
0.0537743525349467,170613613.758571,36.73913060678592,0.0495465471911217,1
0.0559535857740996,313927135.1170262,34.10107338849163,0.0,1
0.0455217848585196,18153587.25342133,32.40714855584663,0.0707390144087582,1
0.0283678229371806,320709719.28257364,4.597321185556186,0.0149121923412065,1
0.0460357439054837,0.0,16.140958315075594,0.0626891615262093,1
0.0,75434604.17270947,47.92235623187937,0.0054185699544286,1
0.0082537446057145,17004501.81735508,11.054695181369482,0.0576997123826934,1
0.0096986832950165,345553141.4120224,42.50507422136877,0.0,1
0.0544604890203318,291484634.66399467,17.955786725443666,0.0390798401525104,1
0.0321943048540868,285650185.1150265,7.0594651330613765,0.0269266217260512,1
0.0155415155533068,270553667.1424064,9.419596694504676,0.0345063485499078,1
0.0058135540680236,374372826.597039,15.069954935170314,0.0,1
0.0068702345570643,0.0,50.90994255040857,0.0507020814518692,1
0.0248528677736736,381376318.5418264,34.45312902736941,0.0386174666015292,1
0.0479903873549019,70635587.10177954,33.175290079129496,0.0630887891810333,1
0.0173445262090306,298978333.6558195,47.36105907072942,0.0335917676773568,1
0.0072643803813402,338146950.36582935,19.673309454353333,0.0199839762550048,1
0.0111201281747764,385494368.73243046,15.908762991949809,0.0,1
0.0342945875944086,210683668.9656399,34.57024457078118,0.0585516984791386,1
0.0192124340133042,300415250.62461245,4.398886244289063,0.0,1
0.0020021208489952,275004484.7007013,20.630428560427557,0.0371965007148349,1
0.023326725082436,20802910.14636237,5.435722899138572,0.04990036925428,1
0.0319614679198614,202264019.2648248,38.0020946188521,0.0618909446287315,1
0.036833850503681,381714953.95467424,26.98165194763849,0.042749611072297,1
0.0164619283482684,334495078.7969893,19.40904760957888,0.0395615371973329,1
0.0064587798226948,347147085.51580024,24.90709981561959,0.0010444907223085,1
0.0293252017927124,0.0,11.147000467327588,0.0896279587803213,1
0.040057392838552,351831987.28563285,27.84419771068139,0.0373754546346772,1
0.0725924078515994,249724737.3776514,26.7043806379907,0.0359161376951615,1
0.0061632645559504,274619646.19546795,7.099184426152984,0.0,1
0.0605226785164071,307388011.0433594,46.030500439137455,0.0143494669605056,1
0.0388625637196128,319930759.5528408,11.406480417820312,0.0378690258689514,1
0.0766622077574974,190880387.24132025,9.73011768445986,0.0028240022668946,1
0.0185940417374982,162239635.2370599,1.0,0.0561958577104019,1
0.0032646401279917,77682427.6551532,1.0,0.0610333583134458,1
0.0166895188190107,204474031.0550444,29.219120149402617,0.0668873023796338,1
0.0503812372378418,202594764.11976597,19.010868909117512,0.0641633427801529,1
0.0034031493679078,133737305.73940235,51.11537872347193,0.0327381659169889,1
0.0630400425718887,172007820.8310446,30.75396669519176,0.0547382032783853,1
0.0,129328567.7250274,7.465830062703581,0.0481543650537364,1
0.0585285805910123,25476774.678462517,41.760560800398665,0.0255414717178483,1
0.0,257355106.11612037,6.689515854298701,0.0,1
0.0127109682441188,262704847.3428976,28.80351111888374,0.0605056201847569,1
0.0279425538460534,341939057.27153003,10.094877726040137,0.0212136882685552,1
0.017879525349031,260837477.414616,3.856434711801171,0.0,1
0.0,102924722.26311448,46.56138233233615,0.001785218684376,1
0.0151535549555846,0.0,34.83417861654353,0.0610538915092994,1
0.0494956170449704,270616393.1418056,45.49113887325512,0.0,1
0.0404896340612415,405275520.2621677,29.29537469587597,0.0240129304795018,1
0.0448344395884819,368191374.8963376,34.939585167110245,0.0125047673872418,1
0.0624516479914995,0.0,3.4944695783274646,0.0,1
0.035864443390458,11783210.225144908,3.624417532020775,0.0670126750856237,1
0.0454519349376583,0.0,3.620028488208323,0.0489140926565428,1
0.0126017689517873,322391392.04085976,41.144919062975376,0.0337808875551174,1
0.0380824064977178,242267610.35956937,23.741044766855296,0.0635486731171566,1
0.0608948940940988,108809675.98305088,8.333891067690145,0.0633820118962039,1
0.036547871356266,273027145.630525,3.302723127799627,0.0,1
0.039536607033774,0.0,34.35494129263916,0.0717178268272823,1
0.0441503245980496,343250951.9361632,17.947439337323782,0.0304807428525905,1
0.017612563910308,98231747.76275031,10.12922105922698,0.0578032696743915,1
0.0274965520725702,67544308.97629051,43.16473572095805,0.0587436657838371,1
0.0281347347943942,173311200.333061,45.93628752878261,0.0566836117030581,1
0.0031759192008426,338263538.7431741,29.84984691450845,0.0,1
0.0103783013866881,312509722.7252851,13.731143605928162,0.0531536332304099,1
0.0421071375944139,259704026.3189657,43.58184240560272,0.0480602324835459,1
0.0276466446989947,265754977.880638,32.48672107343222,0.0543341884383068,1
0.019960786716606,307898450.31406164,43.96821745103069,0.0,1
0.0670284603450319,0.0,8.42130594348202,0.0365884726696754,1
0.038200724326547,260731438.2358584,40.90410659324115,0.0321861296979072,1
0.0210140982055184,278660783.6354397,23.439481007816884,0.0557935263590941,1
0.0265048745396945,242962466.2133884,36.80528311110169,0.0617132681228909,1
0.0255164055474031,299710252.5493821,22.014443302474817,0.0616556127459005,1
0.0700381995478135,0.0,27.555882867215463,0.0523594665222507,1
0.0022259311780908,280590332.970539,31.16240645002956,0.0332841708158598,1
0.0,307391507.98016405,16.654000892214423,0.0039446165591329,1
0.051505618999801,237002562.56413263,17.8504275141239,0.0559494168186513,1
0.0,215623801.34179145,35.793316955415726,0.0615550787791581,1
0.0,289407448.4117664,15.795101628164812,0.0236290817201741,1
0.0494572934806165,0.0,30.91546085507264,0.0714162409294196,1
0.0,0.0,3.937333017488651,0.0178961173049294,1
0.0260487809317196,345295206.8016546,12.772242737783149,0.0143372477056374,1
0.0358643294641314,265132329.3092214,13.133388171605688,0.0484752930080962,1
0.043600596311418,287508429.7802839,8.826415571849834,0.0442225772509082,1
0.0386192233558855,148109055.758393,35.612584038469066,0.0655706853396925,1
0.0532622276641482,106474555.36222768,42.349737565676335,0.0533263674857268,1
0.0429729172578383,278613817.984174,7.479043775328403,0.0234401317802494,1
0.0085980327077764,262761341.47771183,39.543650476489525,0.0043583472463744,1
0.0301269888296548,0.0,8.907147846662552,0.0636732619848737,1
0.0367796746964578,382594742.7646565,17.285819973325978,0.0232820422631093,1
0.0521264572412125,122101129.9071463,44.37555996361088,0.0331004219822369,1
0.0499800445989892,266907556.95079425,34.455361553763254,0.045341356381468,1
0.0060388768915422,189284700.3121854,14.442582234009937,0.0585475400289534,1
0.0,2438081.818991989,5.784710185127644,0.0295971447378062,1
0.0103039836482709,335834021.0379393,32.38609340368738,0.0094933989601627,1
0.0174049532478101,298949057.5798404,28.29697644461393,0.0597661293674183,1
0.0754364694554299,251358344.5062236,28.479069923979434,0.0227564439624096,1
0.0147365672968997,365370841.2766123,22.284653478661337,0.0053491804731402,1
0.0456400226736775,204671293.6383977,27.173085718625455,0.0738025770909909,1
0.0006483371814215,30794767.80206097,28.116516361866328,0.066272424236069,1
0.0269605760121156,333554834.7942543,12.370496747185088,0.0350121327359214,1
0.0354378449095361,58926234.62777493,37.818386986913424,0.0616900357590338,1
0.0222694894145431,328526093.66908103,14.686349359058992,0.0366935761091812,1
0.0305243348983355,300189054.8476405,40.717081828862405,0.0444247648909063,1
0.0139336342322716,259964357.54491943,1.5909056493092422,0.0361761256529674,1
0.0047680610213955,15385966.395505384,31.40229578388189,0.0654229714127943,1
0.0251904336185542,439589146.3333411,19.800560541399445,0.0384737889331677,1
0.0356550826874955,208187561.86107332,30.25861281577251,0.0637895937034451,1
0.0085489092413989,336013881.7481977,8.72821154133076,0.0026533251347735,1
0.0334333589934594,425350063.9742763,20.29990327445033,0.0212461467785278,1
0.0,291085331.6283734,28.69514927389273,0.0126610222594828,1
0.0,0.0,46.76193231814285,0.0165966256954373,1
0.0508028856024268,234384187.58818683,18.498600330479945,0.065745739933293,1
0.0460739189690451,275510674.5105481,39.37174472630642,0.0293037752611896,1
0.0489389923086975,196838833.01379803,18.35249763012758,0.06682207688105,1
0.0337012386483774,414975750.17946446,17.660877864184958,0.0,1
0.0142026804427944,11841602.120664015,26.583146679522013,0.0831721942073958,1
0.0463977109538897,253160416.15035787,22.58361029278857,0.0755282819437863,1
0.0454178509522633,162038812.84407118,1.974594180484857,0.0399095375354025,1
0.0599795843872917,236995544.70170385,1.0,0.0238620703643211,1
0.0245304310219395,297603733.320484,36.68178782478974,0.0422541602955272,1
0.0365014481410665,328279667.9810873,4.937595153760181,0.0,1
0.0,245544723.6759205,7.802963401675804,0.001490549145617,1
0.000989087439167,167870620.51058546,6.449916326060553,0.0454623176270335,1
0.0678994874384347,169010279.23747385,28.27368111942862,0.0530615453651169,1
0.0083529380057068,0.0,11.531854862398635,0.0549836164397824,1
0.0370586932166209,331665532.5639995,8.155226137891207,0.0,1
0.0,209144270.1090552,25.03718353292201,0.0533692134815257,1
0.0421327922084107,35445758.7370108,10.663459904633047,0.0680741895569456,1
0.0094546686535701,328419833.4286264,20.338408196521456,0.0370521992515602,1
0.0001602755416688,286716300.7605224,27.554236874379576,0.0370651120124108,1
0.0428908081278396,0.0,10.94492423961071,0.0571973796399193,1
0.0358670137887957,330409824.34348094,11.431595122066508,0.0473539689258656,1
0.0233962069987405,229796523.3609332,11.494971204333472,0.0561154886969905,1
0.0584469502427818,356059649.7435589,18.34703637072096,0.0,1
0.0002518535025149,0.0,19.563271808598063,0.0719747139152458,1
0.0032947481250099,0.0,16.36862928125393,0.055487142090111,1
0.062137760669793,158498186.25587285,33.368912954059226,0.0460499124858997,1
0.0576925954890776,35324208.255888015,32.72972512010102,0.0526498175890499,1
0.013287273123926,231651520.47007385,1.934548668416284,0.0,1
0.0,68352268.07736357,16.876013195453954,0.0812584934039427,1
0.0466311727010973,372121688.51135874,20.05711752275981,0.0144031152546048,1
0.0473441290824217,210925479.2691732,19.94217673582357,0.0621881025038558,1
0.0137739724457302,327720224.6075022,24.504716113523703,0.0383542040154982,1
0.0130184039528709,339463088.51862013,19.62783086091918,0.0217320269055844,1
0.0057435863409036,268990275.8301325,36.07356192459877,0.0267687141956289,1
0.0555594798630041,348190322.5330532,14.175678699173426,0.0108762866380161,1
0.0141524260336205,323696294.70563066,11.58649717193614,0.0001295668720178,1
0.0443327774688473,223492300.23661837,35.53530684540642,0.0719450072620138,1
0.0242870345276735,305518027.5423079,9.676436734662683,0.0328815648642341,1
0.0345854141900026,269283464.0151837,8.602946394231946,0.0423840082095442,1
0.0331445956231482,315488310.05179214,8.47172422188296,0.0233406047935921,1
0.0073889766373447,296249991.74471104,32.90770874438438,0.0406704700482744,1
0.0207794721266587,327070215.013724,11.670036246086609,0.0003573094985829,1
0.058154261636993,172932865.86760008,41.979689878906285,0.0143848427714585,1
0.0713664446797282,274043899.2089359,21.720231113397386,0.0467985541199156,1
0.0313113045072312,420676697.5463265,26.15771225286177,0.0322471870983301,1
0.0018639621688182,0.0,25.41419803145985,0.0630502533803594,1
0.024441804745402,397643860.373183,27.998465828777896,0.0262023475185639,1
0.0,121664805.45911528,35.76200417387409,0.0491569563628231,1
0.0001410198672685,0.0,26.285966288476107,0.0666618558947747,1
0.068860374551047,284346253.6752771,21.05988541592289,0.0042623813302462,1
0.0,179087520.74705142,27.491239913758296,0.0729688949924599,1
0.025778029136,340007817.3480458,19.83032572962796,0.028752098644986,1
0.0719986427777434,210062599.5813625,32.51024733356487,0.0384940725439906,1
0.0287804485573201,299600171.2902694,20.882540339053005,0.0607700069013153,1
0.0044917708658389,204766968.8216609,6.507566532772575,0.0448173926436202,1
0.0233512992282702,198993342.0808146,16.873010722857302,0.0824997718833112,1
0.0083725437179982,332553902.3661708,18.11063498667835,0.0352599438557389,1
0.0,371084358.5576767,26.762111716869285,0.0,1
0.0514709944289734,140821933.42969912,15.660002335295696,0.0701956660300214,1
0.0061247150767697,216995878.013759,28.33606508565616,0.0637134045061978,1
0.0510409216780587,152811847.5871696,16.740631627139,0.0620443655385696,1
0.0230599748609195,278564842.2254607,20.94598437694006,0.0732613391235138,1
0.0137521746699663,157314187.61725536,36.830311883387054,0.0630613751150858,1
0.0024593001026397,0.0,7.701833175940507,0.0413197114916067,1
0.0148361494663766,224075108.3619848,5.871686240503969,0.0490462971129413,1
0.0422910918211493,55423578.19293512,40.8511644532524,0.0616702351285667,1
0.0414493580444116,351863821.6773089,37.536397128055285,0.0,1
9.33951129548534e-05,13090592.594030457,18.82604758259433,0.05616841572336,1
0.025903455777667,74795328.3122555,1.0,0.0510934856294083,1
0.0636108700098324,87762476.77885368,14.459833064766302,0.0601286389650313,1
0.0618649556831338,23593771.151260093,41.343276564912514,0.026869671833934,1
0.0153576911343884,367225871.17231166,31.81618650134951,0.0,1
0.0304925768191164,323748615.7908766,38.87192344950279,0.0205585262523092,1
0.0107726465547088,317999922.30626786,17.460917518453023,0.023581001558845,1
0.0682080843201411,252004033.46461505,28.41925186784956,0.0301883683012452,1
0.0,272100305.40756524,27.80680413576628,0.0444263447191495,1
0.0238327747294417,266170796.5302679,14.314489266096526,0.0667665965112953,1
0.0357504871253372,403667112.8097378,37.236583295846245,0.0032308870514855,1
0.0172177141687005,342463191.41464764,16.539298545884108,0.0384898825704118,1
0.0707018763296664,0.0,13.240141744305909,0.0421465151470881,1
0.0146511109393422,152815233.41893673,3.2492110075819878,0.0441137480700375,1
0.0098123553154758,120224620.3057451,1.0,0.0527932716510182,1
0.029447707306211,200128683.0820354,7.350745476005226,0.0514695385831296,1
0.0086165806284695,331452652.476358,5.398200666478271,0.0347957458760777,1
0.0115183644637073,264847688.99815452,36.31981823648743,0.069012203641712,1
0.0562955131083677,234115411.08154672,40.62454052557276,0.0020950875566132,1
0.0246660878722401,292958050.60848165,2.0118759991884474,0.0,1
0.0263854765724946,0.0,9.8346427191797,0.0634030966732821,1
0.0547421927654214,203075499.4155634,39.9057391365027,0.0236959412565851,1
0.0444883977753491,334791022.3440883,37.28394047718295,0.0324988753021064,1
0.0267336479381585,407852592.8605356,19.284519828164967,0.0188375503851901,1
0.0155937053558136,150361723.6910565,13.18290653617792,0.0675826004926473,1
0.050783479599374,341501656.2983819,21.59573569908629,0.0050646954163473,1
0.0660921640372968,209092356.1858929,22.45023121728869,0.0377064355436119,1
0.0006191118529675,379607963.9320207,28.31974535193268,0.0072352156258004,1
0.0528442574668045,274147669.7191742,39.538649569259,0.0166116813939224,1
0.0097234336741755,216258590.52884653,23.872645324841773,0.0619470064466229,1
0.0186568144812613,279544448.1517943,49.399338496922,0.0,1
0.0530573051721463,256810942.0887597,37.92542340129185,0.0,1
0.0,45286868.542826526,43.30391873535624,0.0609094678205279,1
0.0604130915872744,129658027.8678154,26.404243353867493,0.0642259309644061,1
0.0458964216983434,319071137.6671058,12.749512566989036,0.0125594228711741,1
0.0139984988701296,299958223.73383284,7.091943048722033,0.0155743332219326,1
0.0461822800394337,269761700.8332597,38.51019578764548,0.0525714421897131,1
0.0,193922797.9405873,46.65432039962242,0.0,1
0.0431785186976348,0.0,35.375332888154475,0.0580844536455613,1
0.0495277946685952,197379400.2780981,5.6610685621131935,0.0517029672816986,1
0.0153670517711641,242345883.0864141,33.44699973903962,0.0663734305597992,1
0.0160429761483578,319122620.1106664,23.21744498842382,0.04596054912667,1
0.0211645670235647,286481240.8675641,9.804909876471296,0.0430081841952942,1
0.0040533073084245,222084282.45755744,10.111260252842769,0.0447611427659508,1
0.0,31574142.512302905,41.11534149440785,0.0511767461998785,1
0.0519361878452902,80954515.30880417,6.868333834249171,0.055106664341638,1
0.0721315240682005,119766414.57835418,41.32765780646493,0.0055394932377843,1
0.0597534125716811,298939730.35865605,29.661867548977646,0.0048366197916167,1
0.011591624205384,306067812.0898186,12.018582821013547,0.0208199570362545,1
0.0418206442663453,303964204.55556995,34.34697921642149,0.0499331842857809,1
0.039142709584712,258078014.13859844,14.978377119235804,0.0561771779871375,1
0.0230791633405314,329578632.0276954,11.170831520344723,0.0056615655711489,1
0.0473818000885509,0.0,23.272472637449315,0.0703226504139132,1
0.0022317227030819,0.0,23.1234662427601,0.0645091877084698,1
0.0289359350827013,213644540.27842373,11.815978512551352,0.0571271042484068,1
0.0043667737000192,7649906.561283112,1.0,0.0345474160809515,1
0.0557691172898879,234312486.5160545,12.67856889461849,0.0372619253067681,1
0.0467599583884622,27446706.765277483,50.52251170899193,0.0545589712700878,1
0.0551851135737007,393306991.1428499,24.26141043319211,0.0357305210268046,1
0.0531371606305105,120757638.79491676,27.145980076618216,0.0800252644794507,1
0.0315146882607598,39788321.73189366,40.857442157298834,0.0662165281493844,1
0.017084402079017,195877362.5930166,40.36776603108024,0.0510829197443456,1
0.0464457002743043,305761967.3763925,10.573737045062323,0.0192585439365244,1
0.0323026534264564,351600534.5541252,18.596416886855977,0.0308118500170657,1
0.0353842550420248,184503791.20541292,32.280740438466985,0.067584046748071,1
0.0124676758668792,255209716.71017677,45.36178481157275,0.0036446889847454,1
0.0240281643474768,179733521.04465097,14.044951247782048,0.068584470817763,1
0.0378075826808977,0.0,58.208595385580765,0.0465317595204443,1
0.0109047400370885,140225580.99239573,31.92698745706144,0.0738553956945248,1
0.0663886787902147,239236150.36452305,39.05429423267097,0.0239649088697921,1
0.0549726428253583,333825579.64366686,18.807443036690845,0.0015771689740032,1
0.0403355810452875,48390217.7697549,32.75330142603029,0.0754718736516753,1
0.0057048877995002,123549919.09001608,18.85469527413337,0.0645516355243567,1
0.0426679165452557,43806669.77583009,33.713298780546246,0.0621582235067776,1
0.0395307019095997,160944784.4447273,10.149540075107629,0.0621928061581246,1
0.0342898436065667,323657237.35234857,38.066704150692885,0.0,1
0.0187319296350144,357433377.72956145,31.988744561689263,0.0,1
0.012590467910493,17199696.32586371,7.333905660024385,0.0466912661713195,1
0.017149558360613,338897603.00356734,15.403649123510837,0.0136192350093093,1
0.0370688506827442,348091759.12409,14.94626658810236,0.0542278171115722,1
0.0253334043766212,335778756.3667188,36.07426238428772,0.0373023401765243,1
0.027384154173089,234786555.82074165,21.618539082556666,0.0736757007247644,1
0.057163103362309,0.0,46.14793668580124,0.0405455582185088,1
0.033760934434752,264130865.55749345,35.038504384597275,0.0578492318624801,1
0.0053905098711971,12139064.356208816,13.731834536826074,0.0567232974373365,1
0.0,327355087.633271,11.55640125353256,0.0317064737220019,1
0.0101963443000032,269109737.47699136,16.928470714702534,0.0457186706435907,1
0.0482533327240005,33300078.29866728,40.60963557446932,0.0552345114046481,1
0.0037901518671512,83628896.35369016,34.995958725526215,0.0577585008346831,1
0.00920518998317,275141452.1154341,7.161739599497,0.0,1
0.0034693056641967,420759606.9172487,21.35235938362229,0.0262230501865003,1
0.0447558146705823,387498948.9049523,35.25122088044881,0.0190912398489098,1
0.0474421778326672,45221316.9616814,6.095930880479791,0.0440049137907472,1
0.0128638058922847,9816517.696171448,31.278142819716752,0.0647200687209445,1
0.0073552113565961,248916341.86781493,32.79712330035092,0.0700412786649363,1
0.005557797146829,9170920.89919141,25.62395607856079,0.0754621198602508,1
0.006687261452099,329503388.07439625,29.08647543604569,0.0,1
0.0,13658725.50330174,23.093930730387005,0.0768029790948024,1
0.0181675441520021,361758811.396014,27.973620765393363,0.0035823630606774,1
0.0129583588689177,370363903.74455976,27.01861733581792,0.0181553444808547,1
0.061827903744856,118390393.07344902,10.350466311798217,0.0524381037587763,1
0.0177273049387551,344332600.1315245,15.369925523419184,0.0,1
0.0027590809931518,265146020.8649693,6.319592483295676,0.0277431729281893,1
0.0613053709087521,235820456.6485381,34.217078989635056,0.0352748375200553,1
0.0722862035557881,232867070.66462857,15.670085888110393,0.0147052315147192,1
0.0724859109076845,0.0,22.330074677917025,0.0504848636875284,1
0.0269530404317114,241154105.34938183,21.675431025813698,0.0661788945892601,1
0.0292146242017436,157757331.03113115,35.981447810900605,0.074692809025356,1
0.0465206619370435,26295988.312418208,31.450159226868987,0.0722829969798242,1
0.0638404351474948,205745558.73964232,32.92354021501572,0.0441903741532258,1
0.0578230257604748,152795583.1963641,5.208805597192235,0.0408921136671455,1
0.0368904983914993,269760828.2009194,25.438349578651263,0.0789173903732619,1
0.0381919889776323,280786348.7793998,13.275338983247757,0.0536867369807333,1
0.0400505365672772,423604580.4742248,27.21931005304186,0.0163778670821924,1
0.0194644610747258,304867737.32941794,28.25032613062884,0.0548908531122399,1
0.0415920608259052,30624794.71399576,7.866873095316137,0.0480515701921644,1
0.0071033463261761,276253578.5647295,32.582425249912205,0.0519822127893395,1
0.022501728232405,57185537.957754776,4.0713279935372135,0.0550209943497344,1
0.0493516217172924,0.0,8.08967507969154,0.0483169889754444,1
0.0448461773532719,116757703.95644549,31.17264717783219,0.0865423364296869,1
0.0547630136061883,72163077.43189876,41.73387925107788,0.0440783468141116,1
0.0395501966267989,296446316.7888145,42.02877261428157,0.0243367076001465,1
0.052690079157201,289787656.86663944,11.326539002969763,0.0172326973685289,1
0.0155788253322779,340504896.1244906,20.23169731428249,0.0077815505713142,1
0.0124737095582566,7804632.203352168,53.99980186360212,0.0426770852916313,1
0.0565571421226944,120768035.67375398,12.784424546041771,0.0516123583183421,1
0.0007980193772895,293107358.01517725,22.367173248575565,0.0345780031911306,1
0.0580159449046402,313541583.0245224,22.06302350820299,0.0033833760791093,1
0.0494413527938627,0.0,40.51893270632897,0.0530676413869704,1
0.0196913154939479,353550374.8063246,24.206442861940108,0.0401856025814143,1
0.0438324520724844,94282594.8840221,35.88865065834895,0.0635083381896803,1
0.0306438712679556,355872047.5491445,21.64375987548108,0.0370110632383448,1
0.0166212872683158,0.0,13.625270830521943,0.0671063563629797,1
0.0071035686584782,198536798.38368055,32.696670197551164,0.0586565878990958,1
0.0,295257786.3851477,19.665449431349494,0.0248252928247439,1
0.0545833724677692,269440167.18509173,33.101127687643086,0.0393351668738006,1
0.0669446420743732,0.0,32.860759248837354,0.0918524918574278,1
0.0145308406839632,295008479.77539176,38.68665795429171,0.031708494448713,1
0.0514637807591447,52814750.69077745,7.83117106527418,0.0577367577907702,1
0.0172656896657809,24686779.07426164,5.288636507647791,0.0444895761008681,1
0.0,127471367.68838532,32.066812807668455,0.0552838075136597,1
0.009220845599843,0.0,1.0,0.0376375075466279,1
0.000509448104179,223939525.75433776,38.80864728920264,0.0,1
0.0230484645684748,347763211.4331382,35.70825935715892,0.0226360124984162,1
0.0,269980780.385033,13.10816433036541,0.0,1
0.0278990370405117,311162591.3958216,33.34916341318668,0.0524399816869523,1
0.0,158826411.7403599,39.25381008610709,0.0337018804894712,1
0.0189418206828636,188974822.4507901,7.226486558231734,0.0487147988072901,1
0.0066989599781198,168030856.7251764,1.9629000338562328,0.0,1
0.0112169491124569,400131740.2847146,21.483664185161043,0.063747876299765,1
0.0166145245218675,8427264.249387592,39.21498191796142,0.0579944217282272,1
0.0507222786801164,81652137.83045575,32.11758912959105,0.0634966658298729,1
0.0349263270134604,121639203.20435388,12.119539040727927,0.0754901566800664,1
0.0309240718350679,294163499.8837365,9.191181979629611,0.088451449466992,1
0.0246274884792458,255184819.52316797,20.980191715733294,0.0677756313080423,1
0.0502311085960899,374347445.72002745,19.137495599979253,0.0,1
0.0152805259136028,274194738.33692515,14.138287137974263,0.0452858353746359,1
0.0563702036589881,123927832.624663,32.54203329230647,0.0664564789312172,1
0.0469065971874146,229779123.1699317,46.80839740668888,0.0303347772071252,1
0.0215640516626437,357530451.3486365,33.881317212034084,0.0268267778244219,1
0.0664123248906272,242042354.36903843,17.66321478996546,0.0302384031270574,1
0.0467689374638862,234074328.0685516,6.142579934911016,0.0486377737440216,1
0.0183929779062654,182834798.43241045,5.389487185896545,0.0511943474798361,1
0.0182483755626966,39046510.31843548,42.3444614374574,0.0545137760442091,1
0.0568218927635811,134611538.0432606,8.65586749169951,0.042237241978885,1
0.01966447871252,8106304.367882833,8.108377918112526,0.0581038684203046,1
0.0,275935703.2911657,16.649839614490773,0.0171814902616658,1
0.0059024407763129,0.0,9.182560248553628,0.0513122385778195,1
0.0381950106503783,237108029.71150672,5.591844226477072,0.0368531647933837,1
0.0713903133530385,117532059.11769904,15.243907155669149,0.048850698281419,1
0.0543199817429613,13648659.209880918,19.54783944291759,0.0603369765611817,1
0.0375762341018633,218004627.06215128,6.661847536545977,0.0439812100835037,1
0.0120352197421817,208001799.3990105,6.838213088862631,0.0605947444609397,1
0.0252859544032517,27479740.1312557,5.089498734241172,0.0512336293012243,1
0.0459776709099886,0.0,1.836364011859413,0.0482402968707528,1
0.0581440530764361,22423465.77365026,2.941596400755355,0.0282186182004471,1
0.062050053207401,47113947.792950585,35.988430377244555,0.0538033614541008,1
0.0,215785902.78501132,40.32349267899505,0.0041584340854383,1
0.0499924322647245,206129678.54730183,43.060555849849024,0.0294394897184878,1
0.0116679107149031,318734129.07037604,12.494549143481628,0.0,1
0.0225205507879366,0.0,11.673718363863282,0.0753916999034204,1
0.0424235099772629,0.0,10.954393112646647,0.0556828935288551,1
0.0578658738294077,297601805.16009426,12.286756978940424,0.0223932417999486,1
0.0072261803338231,329343484.83498263,27.25966390677709,0.0301847293067192,1
0.0174574591520525,266254254.36881924,44.53401716838438,0.0435291170798156,1
0.0652148435008682,167364049.7561207,36.9899879123103,0.0209327889259918,1
0.0250765426805107,221812262.45379987,15.494806491721851,0.0720949047469702,1
0.0257809478091823,333352591.19707406,8.967002387196734,0.0,1
0.0544101363359351,296857705.3527729,11.579249337787289,0.0249589534185215,1
0.0,157838389.09011805,5.854411955916451,0.039221879101833,1
0.0219828937338744,352751255.688462,38.21331869337496,0.0447673601834976,1
0.0597368201833719,259419191.91126773,30.606698877981,0.0600479487166524,1
0.0300575822206596,333824685.12857807,11.693551645999753,0.0075907701958987,1
0.0158830919040432,10238663.913408443,8.691891548687174,0.0556875220589509,1
0.0114527624690721,328173486.3482462,17.69189176425924,0.0256100984194642,1
0.0583936539545951,298652471.899629,19.003736424719783,0.0310629773059,1
0.0146170044834227,403007511.0032079,28.07187425910137,0.0385141395548874,1
0.0,200036307.0107754,29.0426092300856,0.0646658223376351,1
0.0623558667715191,274325177.69919807,32.78371537051041,0.0,1
0.0408453943423906,338578652.3759191,14.332608495855002,0.0,1
0.0578085767521283,309919918.90911776,15.05870024962229,0.0,1
0.0186476776320347,304569372.7692033,37.44907057473893,0.0183193286422337,1
0.0453653766932442,206132185.31368503,19.28049617023963,0.0707137829379955,1
0.0531635503978485,111568341.63691694,27.134574438126453,0.066539512180868,1
0.0373410202721782,344921020.70342314,13.31898757808985,0.0,1
0.0435661246145564,34196759.4392019,7.660358937008265,0.0464717231837165,1
0.0086038529154535,269412813.332823,18.22955584656803,0.0533539037844618,1
0.0157448173119339,362954559.92064834,27.316304855378515,0.0111388076346345,1
0.0063979509617877,0.0,40.72086942917743,0.0447346643180554,1
0.0557030754869883,14911933.654628776,38.00618174784823,0.0557250933658192,1
0.0131149841275603,91155297.7555274,37.01472813617659,0.0613954396350543,1
0.0054301343983417,248110218.0060694,6.764250959307532,0.0167286743823335,1
0.0709200272690583,2481716.9987723976,40.12547631936191,0.027731908145494,1
0.0468198567668483,323675688.2315463,34.901594930853705,0.056185456613503,1
0.0293561641572348,170100640.2441234,9.7774391857793,0.0596920483840597,1
0.0275190035647305,352792015.3409647,19.62985354141817,0.0396100800241721,1
0.0010386765457492,268148825.40171757,41.01503581393151,0.0,1
0.0056566900536986,91943580.2272506,39.06860752545814,0.0578751114962266,1
0.0420234715594867,390594034.8270441,17.454012169065344,0.0099494712820984,1
0.017574618068242,302032424.3279362,33.619865327686284,0.0521570580257798,1
0.0613870324136939,220788326.2071122,30.65835759427977,0.0697344128565123,1
0.0348122725455767,362080256.3143666,8.69007716123072,0.0,1
0.0545037911478484,329951805.5658775,23.94368269960529,0.0291499222906886,1
0.0238254953373489,410879038.2186985,33.18291951247729,0.0150026503334542,1
0.005173849322902,130626112.1543151,15.054474303967716,0.0668966864416002,1
0.0131927593263738,116690946.70765738,35.5295387137936,0.066606028340918,1
0.0467355038951341,44846931.79809473,5.594313690380339,0.045052639944378,1
0.068489675106507,0.0,8.757702472333209,0.0,1
0.0709620562128975,24368884.86675445,10.090590038253495,0.0075105735011419,1
0.0240765798188321,336521976.80423045,37.07580517057356,0.0336226293880789,1
0.0159123070089762,396716376.7762407,27.643358523190145,0.0,1
0.0,112436630.99367663,5.222329061165233,0.0279743044570309,1
0.0194344921409758,21924777.233037457,1.0,0.0400981354067257,1
0.0650033372141666,347650873.79561543,25.26043564972692,0.0275098145690882,1
0.0115625882110867,0.0,35.92905773489812,0.0603460514810848,1
0.0060255473502289,281699855.7974753,3.3193823192793843,0.0,1
0.0519526344547295,357096918.7590229,31.966476718845307,0.0,1
0.038198595882421,311944703.04086536,24.82361899556261,0.0759782764110561,1
0.059070123586169,21849972.619677424,48.2088302311616,0.0184298318055467,1
0.0013515304324857,176598866.7154591,35.85600234083253,0.0530951511865057,1
0.042565866254269,236226197.55198243,15.566546321745989,0.0589471689122853,1
0.0,0.0,3.840472563182768,0.0294146018882693,1
0.0084762588983163,232974687.66469157,11.12864007250502,0.0494196346699298,1
0.0131626544776702,293393301.9521241,7.340113731718361,0.0,1
0.0151251405985886,350792495.15737844,21.136471562136958,0.0426991866190747,1
0.0272502814692644,254779408.1723413,12.43488167968606,0.0505535728988516,1
0.0,0.0,45.52419708498738,0.0434689728714392,1
0.0127594732836944,257985688.0160072,46.85550173406233,0.0178170829884184,1
0.0354092255091813,352190102.319615,31.61109940457825,0.0032836017669661,1
0.0038556146461232,229978109.78143612,8.317930863584838,0.0322445626421392,1
0.0476621347038346,329016928.5482524,41.9437703949981,0.007572846834062,1
0.0500552381995289,29849221.684336063,6.05861847819876,0.055910875330197,1
0.0210598428584579,330143893.5056176,41.90907981463113,0.030077395472536,1
0.0661688834473977,256728771.9036773,20.11948616272462,0.0244272773187307,1
0.0266171842869315,401667119.2382655,31.65904906914291,0.00820877084943,1
0.0474573614074657,276513415.7350326,20.876067049002405,0.0572820151449676,1
0.0626435549139441,335796058.8911692,37.26768533431747,0.0,1
0.0123205539142413,307421160.12653816,36.77187484111088,0.0083742260913011,1
0.0164144595652407,208540847.98473823,8.893783943518669,0.0504507552801907,1
0.0493724299382907,236247603.33293772,36.96212458812492,0.0485976477876733,1
0.0166442392719694,257820438.23348337,35.17033833500214,0.0706227879844565,1
0.0082789501141647,230178903.67106256,25.866022636139743,0.0632835249474879,1
0.0420393091739532,288416531.96785504,9.930680368410403,0.039667642170813,1
0.0032339294036797,314379511.2382484,39.316020382598325,0.0404861414517496,1
0.0368339418255579,382335577.8607187,32.02302163690738,0.0021453404856532,1
0.009118669982501,155572803.98195636,39.451806221177605,0.0551195575722867,1
0.0522994910499587,134782929.2153379,42.75478854677068,0.0344320946314483,1
0.0323237945944615,329939765.9642461,8.6569360902189,0.0449908426640151,1
0.0165302036549498,357018451.6868193,27.1879160417968,0.0348110617293438,1
0.036355028063029,318429207.5479735,46.9884778796848,0.0255062951366897,1
0.0643013599287198,243532209.89802176,34.034039541891765,0.0369611740707366,1
0.0385822807631503,283029641.1500585,37.80203252160712,0.0435942938569442,1
0.0337840832082065,266761012.24133256,22.86845491244027,0.061285275263812,1
0.0487663108136804,171712066.35919252,27.8033614979439,0.0893210958611264,1
0.0122457761690056,24756554.79225377,7.084657652832163,0.0472194813996439,1
0.031666828575423,227982883.6155883,11.654584970014763,0.0617373449118539,1
0.0096842994999458,353065433.51708937,24.719157677160208,0.0038573710352395,1
0.0376996740682563,350105985.48422694,24.996776509395637,0.0355272702795042,1
0.0156899845871771,308334115.3872469,38.89128537085624,0.0,1
0.0568377790836366,0.0,13.991898524956474,0.0617060978424453,1
0.0,0.0,20.862947582582382,0.0608940566910994,1
0.0238023273526253,322906530.8515763,14.2091145858756,0.0554197928838989,1
0.0340051385542605,202374864.02646983,24.38382655908317,0.0751682095703596,1
0.0344032341733715,370863538.2435527,15.501961847852192,0.0601783034279367,1
0.0592495898208212,108348121.76347528,28.611786135252544,0.0624983582770529,1
0.0,131579415.28486031,41.3807451885459,0.048289655247611,1
0.0145713563100955,0.0,11.188853725419508,0.0675561879192215,1
0.0275558938301661,94319029.49185409,1.3549943336080863,0.0471719454343872,1
0.0135580282904166,376945185.8489077,20.635874901953777,0.0087685080751412,1
0.0510559725251878,178488278.38451296,20.003658726454816,0.0727022753729735,1
0.0560427846261579,158615559.78696626,12.637548885078282,0.0513278934642939,1
0.0,93238257.10069633,23.57096917237635,0.0598857548307107,1
0.0376382082199954,266380379.9708009,8.407219357876137,0.055875873714747,1
0.0256437383702801,223823753.95428407,8.375667659353446,0.0569453611268839,1
0.0110298424217937,295358999.1514855,20.735001000744,0.0459300696084755,1
0.0212297900437537,0.0,10.248869512775862,0.056690016150136,1
0.0424827813781837,359269574.3038651,17.426671568548027,0.0086045466209351,1
0.0495973544194867,137868016.23117834,31.49232513256291,0.0825110103993349,1
0.0277556093416328,363185909.4503094,40.3899978508073,0.0086627393855162,1
0.0187120057780423,28040557.77960953,6.912882799590754,0.0495172798458471,1
0.0054686373640435,363774644.11248505,15.082938382163563,0.0384074538969081,1
0.0529728734896541,155822044.06482098,1.0,0.0207762543443065,1
0.0395195079054674,309860401.7582011,9.843896474098422,0.0046865318705096,1
0.0,0.0,4.6771385349061845,0.0,1
0.0085826048878233,180719841.13415807,30.45444809572749,0.0857996621429215,1
0.0270195508819767,247946285.45123437,5.425349315241334,0.0404290218657329,1
0.006858795720361,328054146.17742294,32.20395757333954,0.0479714900097961,1
0.0595874361382234,271258915.60079336,32.269504376186816,0.0391157773709229,1
0.0401018492159545,361005484.6450732,33.57597418521256,0.0155051998078262,1
0.0028072760371987,309049695.33668786,20.447781854886895,0.0283740943224829,1
0.0702128326230504,56875181.15895356,20.0293708019741,0.0599792410263623,1
0.0055883928761521,326350657.2238043,16.69203708921609,0.0,1
0.0114202329337691,0.0,34.772968717807075,0.0587676462994344,1
0.0204380565751895,322836858.82882786,40.10339166132515,0.0099406292748289,1
0.0546137956802054,305734556.67148817,32.92392176311223,0.0201532947501926,1
0.0343596843566169,213610318.40656075,14.507214892773172,0.0614960495713535,1
0.0,257071984.6241884,29.550008556711976,0.0438866404852471,1
0.0643751993841985,209237289.10268572,34.096301925567204,0.038449010306415,1
0.0501682652266923,0.0,35.6797666572736,0.0632152309505557,1
0.0108032482280065,272702683.2555586,7.323089199299854,0.0199201785640804,1
0.0588062158523487,65097900.14739472,7.548565196066171,0.048218847489809,1
0.0175211327620716,275000023.6619389,3.9624300291049854,0.0042228765682988,1
0.0058680332993263,219372308.5660864,42.07950436119064,0.0341145970910498,1
0.0183857025474283,361617686.1415582,17.09549238016828,0.0,1
0.0634975510216672,196367636.79961815,35.45671614107011,0.0344180463304496,1
0.0368726421760247,343144145.71359086,15.565047144491242,0.0496127504489776,1
0.0578652166386048,294106077.9281951,17.217172613103102,0.0,1
0.0479086091696645,336932894.62868905,31.172858159934368,0.0394102865026483,1
0.0527480962805712,108648475.7035336,10.724520779800605,0.0552726454918074,1
0.0007873539450936,338151816.05317783,29.281364089520725,0.0243883710849373,1
0.0423520686843525,327312083.7382964,13.358666166874508,0.0290559861310796,1
0.0102441066043113,341842358.39850366,28.827115794609945,0.0,1
0.0315657889489026,400376427.1281244,28.87093381585438,0.0260656481287755,1
0.0238975827257423,436999547.28797066,31.453865200090195,0.0059262016509318,1
0.0562158531457923,227238345.47696447,41.9578405512686,0.0269933212151766,1
0.0,125482689.1414837,3.540557747190668,0.0,1
0.0058752074086191,0.0,37.74762402691975,0.0558560461697264,1
0.0667501559647071,0.0,37.22757025379738,0.0456395262741932,1
0.0189928144041042,52933699.36864612,6.571179536799555,0.0528979051640865,1
0.0521342189138477,0.0,3.271817113881916,0.0336995746031757,1
0.0159456721121433,421216570.7033245,29.624622426509685,0.0350161942045944,1
0.0258226410378536,429657757.2123056,17.653235022026806,0.0,1
0.0328150897077247,30409318.179515854,35.678534743813536,0.0626755291192968,1
0.0100696643330282,324914775.8356355,8.395617034967906,0.0290210711507337,1
0.0,115306869.80388696,44.4570233341046,0.0,1
0.0079631018329079,10857661.829483002,25.580639383393883,0.0644072709261439,1
0.0304881029920048,268435465.87504005,47.59743982776113,0.046915266607211,1
0.0114181147454604,176151993.1970482,40.392625884087394,0.0506890403969017,1
0.0598524388101477,273295076.0380392,31.52664894465817,0.0387157969364161,1
0.0067088608984646,0.0,5.216319890731956,0.0784213694384952,1
0.0106646157747715,338718090.1564362,32.55903612685985,0.0,1
0.0408442402815644,170945625.12985426,35.124543590080364,0.0629762830049351,1
0.0440158802206754,362544961.8076199,29.374636552979435,0.0181167560099338,1
0.023690036088536,4677879.180328622,12.604857105027678,0.0637148811415593,1
0.0336015731271651,257440264.69033292,53.6672544420245,0.0,1
0.0027394404220917,63784891.81755804,25.226116669936477,0.061664646534499,1
0.0342368056963593,0.0,38.144334203947146,0.05748982243638,1
0.0237184401192829,389601051.2415183,20.50921464592214,0.0190579252013757,1
0.012636885086912,327721736.10059136,31.59889665425293,0.0110097145501419,1
0.0122081454026819,346632357.9251663,25.949365380876888,0.0252395756311191,1
0.0006556027545748,335764960.20550644,16.725933372456318,0.0593680841200352,1
0.0691177568807617,88433868.02247727,16.151035080053305,0.0534672044910994,1
0.0015840808586877,353364868.44763124,20.78976807393447,0.0,1
0.0023343319649784,136504963.41509402,4.141576764156465,0.0360317742529434,1
0.0331998168232545,329418383.7698187,30.26460046251816,0.0509414319878492,1
0.0065404392478335,275772699.97946507,10.45992392809257,0.0,1
0.0001165214994879,13462005.218827292,41.69307038353088,0.0426818206639086,1
0.0267361241174735,375292174.1136006,23.26281749513602,0.0357448602239717,1
0.0426420763643811,293447059.94028723,11.782294543537317,0.0458159323666088,1
0.0120794577195746,23859697.25305423,7.934606983280286,0.0475243282118057,1
0.0636176553694637,277505235.7988298,34.53728032330169,0.0,1
0.0229068536504636,338592654.66093576,37.52632152277452,0.0,1
0.0255950735158418,55335.69496649504,3.4393505081155133,0.0477524701826272,1
0.0457028890586495,139781940.25621685,1.0,0.0439010933910663,1
0.0273901047704784,0.0,10.874991241804883,0.0576314704433394,1
0.0082950213747582,335626789.05737853,40.62389271005284,0.0,1
0.0366039667648923,365600599.4212396,18.92731321953278,0.026463106365558,1
0.0471950408636556,296877602.4926107,9.235764528045516,0.0,1
0.0459462459358523,344241655.4275365,18.244756603575127,0.0046043493600775,1
0.0712783632950359,67726309.00788032,35.77876683932567,0.0402855323979612,1
0.0185027263238015,333036646.6120976,13.065638621891866,0.0370345059366685,1
0.0695210697682177,0.0,1.0,0.0,1
0.0122855993011734,0.0,34.81955095759974,0.0643042273047337,1
0.0066217790234699,121165077.50943545,15.552795882023378,0.0620952523111093,1
0.002188920771833,0.0,4.782100559872514,0.0272940511551696,1
0.0250611003257533,273332675.92017865,9.492462179825935,0.0382929498472077,1
0.0304031776766171,296633950.17081964,23.776247897916058,0.0584852315239601,1
0.0315398343255138,302295214.17115974,5.149261428619781,0.0234818821026404,1
0.0185479257079462,325857146.0829979,9.30072126920986,0.0,1
0.0082950176493246,383730904.8824692,26.493899123160386,0.0,1
0.0661859570060109,95794014.00271831,41.40137878494153,0.0,1
0.0395254185297927,336531354.89636755,17.075097843288454,0.0038212003519156,1
0.0603981040113738,229952598.8733501,16.15417907327049,0.0501020285129772,1
0.0012572352118344,324597346.7547864,22.88068130981632,0.0330306627836995,1
0.020712409990263,243573905.5440724,17.55272710910354,0.0678651721596791,1
0.0189469755098044,355026128.9610523,14.228447696741885,0.0072540048228199,1
0.0069181539047497,385060859.5636133,26.83171686346776,0.0,1
0.0530819262822456,7539125.216857478,1.1295086124579503,0.0256093858575277,1
0.0612350425097394,0.0,9.966200789806408,0.058797644029774,1
0.0359854685611714,7136069.947052509,1.0,0.0498444407750025,1
0.0,219853263.48655108,37.863367289233736,0.0266573046656324,1
0.0275472474189074,0.0,43.18728111320468,0.0511124293304587,1
0.0,16707221.747486187,2.89302338321944,0.0277032934351997,1
0.0,103505661.7177966,33.134963193258486,0.0535846342088682,1
0.0558050051262974,333645293.8476373,19.32912361978663,0.0298429871116245,1
0.0405992778231095,19972261.721182853,31.962272177246323,0.0638699313713019,1
0.0448064107711808,265516190.1552369,41.25361188603692,0.0,1
0.0619038054906511,125317027.44514158,44.33753891677118,0.0256704526122586,1
0.0,119291100.8450855,43.052964938003285,0.0011437655079666,1
0.0391822796429401,175853461.1633432,11.194556225670343,0.0560010775289002,1
0.0490380436900011,310832463.398615,7.551643980692926,0.0480717173379847,1
0.0157548134202863,342728368.2133559,37.81273469601464,0.0416809121997387,1
0.059663154770594,68589786.37230158,38.29314020055082,0.0446736219381041,1
0.0462833260966771,102489705.23464714,32.01452090650099,0.0836086690377277,1
0.0,262866757.09376395,32.2702481381631,0.0393250860247816,1
0.0241874868678932,341216512.8423046,8.968654720364192,0.0019736975321112,1
0.0,8085673.908966333,22.616774282623396,0.078671645229213,1
0.0032535558649449,160684833.5155873,41.6148776112664,0.0344733613404834,1
0.0546302947966596,65318370.38571246,35.840767688405386,0.0586348560152506,1
0.0188348496266338,340636053.35743105,10.073452252241331,0.0,1
0.0227646863833918,327430232.4909078,15.25558202931768,0.0587532775556869,1
0.0611243361658247,226178946.94663328,34.93997315419721,0.042029105681151,1
0.0,145033557.96919528,28.13502272995432,0.065471136313303,1
0.0388486525317504,47504275.25438095,4.9141819971084,0.0637670497167338,1
0.0068618019293206,388837896.14182615,24.49883202765481,0.011846610874595,1
0.0407631089582852,0.0,12.563415347781673,0.0582529187763815,1
0.0301000573860642,348623880.3327418,12.044583730129029,0.0006747844455286,1
0.0478092065750661,61185434.35478946,29.670633454781225,0.0787910027571958,1
0.0118410709711874,359100222.73360395,27.72703730237256,0.0102360656166442,1
0.0043442447540296,103531031.71755832,20.270015604691544,0.0652358572534812,1
0.0342886076403337,463589805.9524169,24.612184153147076,0.0496011239539643,1
5.251179232818384e-05,290543120.5142569,26.320380157250867,0.0442991986179309,1
0.0167024421130328,372216055.94273496,25.075030062453145,0.004030982777363,1
0.0471809975275497,332582238.71510094,32.82355215126426,0.0079568903167617,1
0.0173712991118974,399874639.9535068,15.542998659024368,0.0278773456364491,1
0.0351496452932195,65315418.05722843,2.399359670664076,0.0590283159934729,1
0.0054092820583866,68850513.13353826,31.608450037447696,0.0584054632083425,1
0.0701224019389073,182621343.67940345,35.22156052715421,0.0255115367078141,1
0.0,202556103.2752677,7.316261722500862,0.0085633556587593,1
0.0209121733184673,426294314.0236549,13.692394936231157,0.0081778836450805,1
0.0164693866951798,150860811.73141646,13.168590885853684,0.0912695678964355,1
0.0096052726264874,386971327.0709473,16.871079393132643,0.0,1
0.0227185087596248,441206233.6118823,33.16649293048543,0.0,1
0.0073858812678137,202898761.27261424,34.17595674726104,0.0623355920925983,1
0.0195733749638797,444925878.74728847,28.90430929032733,0.0042171778474208,1
0.049108780350458,327351452.8947965,33.68571241192993,0.0,1
0.0110743979457718,232640753.96595457,16.746593275294966,0.0708505228608791,1
0.0671418133816488,3278890.757391036,40.08558364042766,0.0235674694817719,1
0.0,221583076.13572103,24.769352006834783,0.0568969942709809,1
0.0003205661909338,240620033.26667556,1.5194477025758282,0.0,1
0.0546060338583944,23066056.716711827,45.69283558233035,0.022805098828088,1
0.0292470178695175,347369541.8590716,5.871584115336557,0.0276682249949475,1
0.0318370211277857,218677226.07543716,40.500741061332725,0.0498079696453021,1
0.0113931613078772,114211929.73232108,7.154026961990656,0.0705934267731281,1
0.0513516450907852,36100346.21962757,4.587574023703031,0.0450344732975297,1
0.0249552848358806,390850735.4415103,31.287664905078103,0.0354281417326757,1
0.0395119148912989,252282037.57289147,40.86763834857015,0.0429652876735865,1
0.043724625293514,54527623.74014233,6.625028236995625,0.047758340822263,1
0.039816804004002,144164437.25639287,5.170865378878272,0.0543820399815719,1
0.0719332185265813,190217163.5260985,8.945563171564022,0.0,1
0.059645285713639,266944178.15479925,36.95532847823795,0.0246954116726879,1
0.0352876017618309,271610342.23213935,29.80961936921528,0.0676464903174093,1
0.0404577953604314,410738500.3321738,17.187310031282834,0.0,1
0.0435799473762208,150660507.7561221,6.188256586705737,0.0439216392754458,1
0.0234771250928185,336856187.0166353,35.092383553964474,0.0022500100827185,1
0.0367034858719217,39733907.43264467,12.362194772585507,0.0669233326911747,1
0.0238726902262859,288710517.6459891,8.440340246797618,0.0315656887992715,1
0.0271526650062373,246151194.4837349,27.57709663423724,0.0673460098025922,1
0.0239757023970936,209991520.1344403,39.26375710169323,0.0607065261342396,1
0.0064655067731173,0.0,41.74192142419197,0.0468699294694472,1
0.0366159422724363,300853636.1555217,42.97502484839822,0.0,1
0.0,92622292.51353104,20.59761426427855,0.0750072427012767,1
0.0289875675832685,274808522.1114421,14.922286638946884,0.0621666772709503,1
0.0078476800698884,152736130.2414244,37.59546237918755,0.0618378401448967,1
0.0211140468338928,347343347.82524204,17.333578127598326,0.0268754240443812,1
0.0,295324376.3422466,26.82303837754942,0.02012635119986,1
0.0301963324901842,409958663.4225867,27.337642452317965,0.0440221619749876,1
0.0597512656190753,171664414.57427233,11.42199623666479,0.0377325389459434,1
0.0,21367749.961898908,8.451361945250582,0.0516657195166946,1
0.0018552920152404,308627834.9118919,20.69248788359444,0.0544904038531083,1
0.0285014827316744,256948770.2919017,43.53246722274514,0.0333333351467202,1
0.0626783836758192,268297300.97179168,14.322265474789264,0.0133430342990413,1
0.0113489814152274,68597506.84062877,12.070621632578629,0.0628553145818271,1
0.022732457991175,400823575.32283497,38.42304794309433,0.0218648869579824,1
0.0529810917641177,244704103.82891023,30.026115771286875,0.0588742741488583,1
0.0028783850795077,27540327.300794348,38.15382609940434,0.0507248744531344,1
0.0643225258697632,246435471.75273415,22.377863846227065,0.0422668855497341,1
0.030003833642084,312180240.70096314,9.297942889132456,0.0015255281850629,1
0.0070554474216552,60857527.794257045,16.007118946020782,0.0598716149979534,1
0.0541320741114616,376318098.6611984,25.221160304556395,0.0,1
0.0279834138579426,357371408.48418593,18.38731798547188,0.0521514680857578,1
0.0093268325395247,319580406.7898425,29.208956235004244,0.034336967149517,1
0.0073979494821423,0.0,30.46549687233844,0.0643260920459298,1
0.0484951725554692,0.0,33.31783810293448,0.0576888356569409,1
0.0,265825208.65213904,14.01183815936071,0.0234893613942758,1
0.0306968054126489,354395906.1658783,21.53647299732374,0.0391827923322833,1
0.0404677929846191,351462944.80488694,26.21343575737693,0.054421650327629,1
0.0505294019854346,149000390.3198824,13.796542743214856,0.0675528177859668,1
0.0151825902925652,399405394.7942846,15.040434790863054,0.0,1
0.0033944082414672,329138008.6552683,25.80541072073329,0.0,1
0.0090231354289725,150411454.44038033,13.042864966991798,0.0621273094673714,1
0.0219503772380482,354946672.5006881,18.84400236526843,0.0240290458952859,1
0.0025736374610307,0.0,28.65666008185584,0.0631460421888022,1
0.0501374568642645,199872738.7835241,1.3210502134769193,0.0169200959754927,1
0.0630514671155045,276776312.1219677,18.87069843819152,0.0258666859594525,1
0.0200818450654218,265342967.08316627,10.457305284071149,0.0498842711542488,1
0.0725357529717931,361814168.5807951,7.959104077637356,0.0032163519394399,1
0.0494398758440245,2161164.0177494586,27.949954611484504,0.0669139786546151,1
0.0361585343965839,208103912.94421583,23.13608499049144,0.0744308204330977,1
0.0,0.0,1.4258065981020778,0.00020177662838,1
0.0517849055325299,303733247.73750603,29.973996679894228,0.0533106727617081,1
0.0549041418815758,152818644.58294147,44.78812067988648,7.151467549001457e-05,1
0.0166269137335292,242256840.70772344,12.52755716235258,0.0654573946662309,1
0.0497665435713816,234279214.32984948,2.3163749828341125,0.0124807468467029,1
0.0140788975660643,27216668.43794701,37.0842517575503,0.0587129587090897,1
0.045643877857339,61508824.02907667,37.39708520740788,0.0730798596069721,1
0.0592104827160718,192892922.64548457,39.69415444162772,0.0,1
0.056741604823682,4740467.199373335,1.0,0.0214888641012064,1
0.0486092209234941,244445288.1127782,32.86906803596283,0.0528433620800222,1
0.0076456970101349,0.0,13.888182399308276,0.0566517402652687,1
0.0136546543180149,181776788.72639987,33.465426827504245,0.068256433689346,1
0.0020270246651456,254043968.76227963,12.212274596011303,0.0310668133886351,1
0.0529018356637949,353018716.6130676,23.3360410335391,0.0,1
0.066987714355368,339641258.8834131,25.219493444483515,0.0167681070178962,1
0.0103422829651944,118914998.84667297,36.2604017134493,0.0583545055803769,1
0.0450582804853643,0.0,45.71287236553912,0.0651484751024717,1
0.0632875982810113,143425758.33172,45.91864912510984,0.0,1
0.0390033349143996,0.0,10.099177036883804,0.0574559742131418,1
0.0116359563262995,331375653.717569,22.021497896715324,0.0039234057893682,1
0.0644556761806842,50474198.700255975,18.39740473299312,0.0578008521781168,1
7.617500063471228e-07,202798105.6035366,42.13756918042766,0.0037952766787347,1
0.04066302054656,0.0,35.731503661526204,0.0599545416640254,1
0.0,266508151.63506195,34.73014044350796,0.0117973271035485,1
0.0414235384341197,0.0,45.95972866533296,0.0507338236698339,1
0.0244539561602244,45571761.8347846,5.075963280132012,0.0762075788809185,1
0.0539575854268939,333259588.20441586,32.73743111886252,0.0159358829114013,1
0.0151461946114285,31380332.686381917,14.324968292052596,0.073640893316792,1
0.0218017402299764,288743653.7779486,24.39336548495153,0.0677780428506608,1
0.0054119054508703,371167637.3911139,25.29623324322461,0.022983373032208,1
0.0012695790360506,287712520.9283166,34.13309708235095,0.0367521137151701,1
0.0013171660705498,104441165.99555172,10.058026653433146,0.0644855812452926,1
0.0660344433308503,171329802.63556975,34.25007289974825,0.0300608601435065,1
0.0076878528481166,371085989.7859472,25.701711940266108,0.0121076594422172,1
0.0627932882005176,188765616.31045407,7.06563625906097,0.0166230675293798,1
0.0102583282989487,430512423.659459,17.999789146577104,0.0014045129490406,1
0.0659251868254252,20307734.912473302,5.300288255819254,0.0137415993458828,1
0.0520525281229937,128300666.36268789,11.820924090685937,0.0582216064469959,1
0.0150490385559154,0.0,11.346135168185766,0.0599385438470382,1
0.0072333726374957,0.0,1.5530040330285466,0.0,1
0.0306259699856488,353390966.665128,7.615024176909351,0.0255812639205516,1
0.0413890786079612,294106838.697585,11.937135636856851,0.0690529348804765,1
0.0112992239414686,348610914.77737886,32.03377360230839,0.0130875941563443,1
0.0561318757865332,231992864.4713523,7.519142367340425,0.0072447975579802,1
0.0080915767649203,311436151.32875144,11.913218833316206,0.0280496673737869,1
0.0106394380761193,389457992.60592914,17.6477090345162,0.0675469853359761,1
0.0134652535598741,294985707.95522285,15.50463331229517,0.0442753514114275,1
0.0426094538925907,60991656.14081252,38.86106412535934,0.0603389206893209,1
0.0592218785571077,321779272.46237874,27.66466535574481,0.0375723748488673,1
0.0026905708121461,173435397.58249056,38.26475096452896,0.0553662905263199,1
0.0163279372572333,358491922.6108457,47.10630955921313,0.0,1
0.0,314051908.3426607,31.81440675483164,0.0,1
0.0725291646546032,240059973.2694707,8.172000407360427,0.0336697050658628,1
0.0,290941994.38385844,21.800480023957256,0.0259859266014442,1
0.0192427406743311,271478346.18624777,17.122318926629923,0.0580684061453197,1
0.0370738009494676,0.0,8.927893024247027,0.0727196562034465,1
0.0,387085313.83479273,16.120061287060928,0.0172146174114834,1
0.0597439151424847,135834140.10167068,41.0556950527812,0.0400441149481764,1
0.0352413981635101,346506003.6430257,27.840679765593254,0.0367688247334401,1
0.064536336068056,297496731.9739592,25.425629197318287,0.0413376105938058,1
0.0028852387183294,233108734.3225381,21.122024173193868,0.0645811723308951,1
0.0,50188373.09212927,33.9363726934809,0.0811743984413412,1
0.0207409832437886,206605991.56636524,38.95621254978165,0.0557852953079367,1
0.0305974567553677,0.0,1.0,0.0425871542928079,1
0.0635207106952774,300875119.4674239,16.057762749291513,0.0303039541214242,1
0.0,44076600.32754767,30.296573897069536,0.0575897083349431,1
0.0363666524358359,7529466.682027549,5.353914585691864,0.0461218136116542,1
0.0199807272186731,332052400.55469346,10.145786176220302,0.0287539986084193,1
0.0072052070283259,316391501.0573424,37.2525182135374,0.0,1
0.0376788774187486,309722317.033505,40.665542477697485,0.0377799608344748,1
0.0642666336529451,96831743.21052083,22.143615612228263,0.0618864421878211,1
0.0,195005260.0374007,18.588461005854803,0.0551087306369898,1
0.0339727715789756,351870480.60810435,37.55094841867077,0.0248213589555017,1
0.0282986771966863,350594738.11409,35.96169213810953,0.0,1
0.0529534637902139,310398776.2594292,14.747950436707493,0.0174728799231926,1
0.0552153927658919,288867112.8997756,13.834892571083603,0.051189323308901,1
0.0115489841262572,323704197.4626692,14.52299987363589,0.0011946242681157,1
0.0239145641754901,341483426.82396615,10.77809049541899,0.0201366724710747,1
0.0538887995902577,275105986.37227976,11.7301817838804,0.0,1
0.0,174630012.44795066,43.827129909447095,0.0119248573610445,1
0.0,5256351.905213922,41.24454394673796,0.0384650527442612,1
0.046953121187711,0.0,30.130207423877746,0.069451755998948,1
0.0286214617279613,379566292.8090082,13.624010264006932,0.0374030695631802,1
0.001298296057204,239938826.36954772,32.03711389121352,0.0527251337505853,1
0.0401534179603594,399313451.5361475,18.447158877767105,0.0277751186522424,1
0.0067457362633201,261210843.07332695,13.941693038670891,0.0458331607221353,1
0.0445960041261831,221566422.91047084,14.724807535596996,0.0739241409777772,1
0.0481360248000386,260501492.6400084,16.8542746926622,0.0485271185336917,1
0.0555380749258485,154200535.41655466,27.265378707911506,0.059187148872506,1
0.0664511489836439,271834908.300997,26.400744891291257,0.0270492451182817,1
0.002963867839884,168612946.10325307,36.545121092040034,0.0510664909350961,1
0.0099142755492212,15186841.52955366,25.008292598478445,0.0723938110819069,1
0.0146087901148174,228960201.13182887,35.84956062570386,0.0529143333199733,1
0.0102540749650265,280645569.3215064,49.23989004310177,0.0575756173823267,1
0.0063414465878485,340823069.39569235,22.392559579893668,0.0613363026374192,1
0.0349550945231931,151801989.53504473,43.39865347441786,0.0574687797858396,1
0.0198782280755583,273447787.3418014,2.675566946105537,0.0,1
0.0588636451683221,37221282.175604455,8.58521123769383,0.0490031644449361,1
0.0635696593866035,294706600.4741013,21.041528774632035,0.0027535909772182,1
0.0105672566439579,180400411.25150824,37.22681360179294,0.0697722876440161,1
0.0287326557083472,361054983.47478616,30.304706136956824,0.0193121398695195,1
0.0365813652099132,0.0,38.71484804954191,0.0599536631767511,1
0.0239454428827937,323934546.86221373,12.32675985240948,0.0224656278769729,1
0.0414977712183444,57008883.98095024,34.30386253149502,0.0665871318646034,1
0.0402677006207931,195197647.2657168,29.570591414756745,0.0649622995728676,1
0.0607600589725589,124406123.08216372,37.3296426059073,0.0598853101190728,1
0.0613491046291432,98404090.32403256,15.817215330412928,0.0597294266941012,1
0.0569668695120035,0.0,5.98184420243426,0.0,1
0.0736182378798498,295342291.935514,18.283902112788496,0.0283509747782319,1
0.006255700246995,135809047.14446157,10.493562104574009,0.0552097265450415,1
0.0120890293288048,398338182.5255377,13.891188602881185,0.0116251236475879,1
0.0428802226016549,220258380.5518252,12.822994194975928,0.048006193080709,1
0.0147053639340172,266951071.08666247,39.78955466537904,0.0229560589032473,1
0.0327474486367048,100998108.42179146,36.84382486851557,0.0724630361902548,1
0.02633897441769,420207129.9927763,26.07197962000563,0.003681438679339,1
0.0427616346511636,300285250.7725655,10.433969706913093,0.044557457920166,1
0.0355365591087438,275678408.10493773,28.51524433649652,0.059484920565792,1
0.0458856728976259,279955001.7483309,42.17928741741064,0.0,1
0.0038633685854557,101998215.52976964,22.470046948969895,0.0657449529379068,1
0.0545978251167924,241035368.641587,10.493803670071133,0.0501049973786171,1
0.0281827816697141,0.0,39.58281221727237,0.0652834129931045,1
0.0028356311154914,289647186.0249276,19.864552460485378,0.0340117569127789,1
0.0198261238131238,284661678.6595244,42.32523115116099,0.039110497976643,1
0.0061498806966226,174428769.28605372,1.0,0.0381848335264532,1
0.0323749403901007,215298761.520696,1.0,0.037327136019417,1
0.0520380883072201,215847085.8707373,17.063827178579494,0.0545369194731495,1
0.0642779902053354,316332145.3978931,33.34174901701828,0.011604981070655,1
0.0033622337678875,3097097.6357750297,45.73842241828808,0.0373127861776545,1
0.0543265771447742,215987407.7663141,27.515315929521343,0.0587034545692117,1
0.01031850108209,230828835.447918,13.824730715541428,0.052021561923119,1
0.0240174179048195,31820050.791216888,39.95737890728742,0.0684826364867178,1
0.0,162152643.99554622,27.98745907333373,0.0654970061115129,1
0.0046779647354813,369073323.7559993,28.07835152019559,0.004128639187945,1
0.00145388799267,79096962.11974522,1.0,0.0242115167121705,1
0.0222538727835281,312514424.60418934,28.583650742903103,0.0496310602685746,1
0.011008048101755,344849955.6816348,32.019745679260026,0.0194123158163709,1
0.0115449015651621,342556213.70477563,17.162573095514468,0.0,1
0.0437509997134613,375919919.4129048,19.799117542488563,0.0260454548795546,1
0.0001654749818233,269144766.2899356,26.662161013146736,0.0348438554121695,1
0.0,5969221.308655664,26.63887997208357,0.0775058399701125,1
0.0,371283352.7509403,30.39309517601433,0.0,1
0.0679486735417207,46788400.42857962,7.48423690162981,0.0206082194592715,1
0.0308279712867944,314968985.8937863,27.149579257492924,0.0720782332208125,1
0.0641610139623285,202417874.0072035,11.468049358043674,0.040803088082304,1
0.022856967649028,205016199.25323853,4.919019418474399,0.04601785176933,1
0.0581760389298461,333845124.1670877,15.19044319031243,0.0137376152652146,1
0.0216457964020022,210497497.06879884,12.976652431057254,0.0601059800101719,1
0.0162273140058719,359241124.70022523,30.05862471131651,0.0207645274398165,1
0.0216123621510971,94976058.44765794,4.2785383172377145,0.0504637870365986,1
0.0106909666320726,346626972.6205909,15.864188977141914,0.0271913989861646,1
0.0087447821309735,218401122.79278708,4.654200112516367,0.0,1
0.00981446440523,183888238.28961655,4.951214136748916,0.0436703510618918,1
0.0390946837166029,41686513.07378024,7.207585196223107,0.0472884666776287,1
0.0092886110090283,250169687.84016672,43.89373296117148,0.0,1
0.0149527010353969,0.0,27.576398617210756,0.0837357634944641,1
0.0253490829235086,394393964.2458863,14.613865838267602,0.0049058489026418,1
0.052162651675371,342057154.0848262,35.20143985225742,0.0210387058273756,1
0.0235954012163752,349581834.3289372,15.747692078975398,0.0106031631950899,1
0.0113133386464966,351990675.26807034,37.65356554631965,0.0394822694727943,1
0.0536886928213681,0.0,7.64929422047329,0.0430286880979652,1
0.0223561639019834,310567401.1129511,7.900692902011208,0.0125036142477162,1
0.0624485851674152,309673075.5148117,33.74235648616616,0.0,1
0.0180676589044328,111724904.62683156,6.986676591188843,0.0527264066513953,1
0.0047836607693578,299664688.3961003,15.31721217002371,0.0,1
0.0,290701700.52757925,35.91367181502811,0.0037153728238452,1
0.0051931064914297,288016634.19771373,13.285914773962862,0.0151754048748736,1
0.0,206932831.4401652,40.5900176500928,0.012421812334864,1
0.041929804122621,345646875.0492179,13.427251449945151,0.0368271980692093,1
0.0574805356388554,0.0,5.210229875128405,0.0,1
0.0405762204777893,134434184.24933788,1.0,0.0419531709171409,1
0.0355322179568344,316873460.55793095,19.132068955271222,0.0500818588877867,1
0.0037911536271526,264754477.6479525,24.315263648610188,0.0518456577929599,1
0.0608189903858257,156778841.08853784,37.27547294052107,0.0572976273303071,1
0.0497220140163183,306984793.392373,13.67994108469541,0.0488341893916093,1
0.0044157648899014,176015025.51664704,37.93701147329488,0.0458630989307223,1
0.03817838465986,201957291.64534515,17.573429453661067,0.0706585545425554,1
0.0005237478353652,245196453.01740932,36.38380386983401,0.0038757124365722,1
0.0183990935650555,341058005.9234596,36.025331043779154,0.005369530499463,1
0.045177820780188,356725347.45602775,31.432003281806452,0.0328128726344609,1
0.0644040415162489,85023248.68279575,1.8104289951022103,0.0145224550174137,1
0.0168890372483193,70786293.81303258,6.344432476513585,0.0599603922934788,1
0.0,156794900.09783638,16.851471713432304,0.0540358678919082,1
0.0559501288767344,75522773.06675671,2.06135450869142,0.0333213361809038,1
0.019492372902694,350840482.312696,18.35028696627809,0.0163064206754951,1
0.0580112540972729,52142155.89212999,8.320222896431423,0.0508522285385415,1
0.0673217822590479,35679904.13275406,8.723835131461799,0.0,1
0.0122634164789179,343177690.0412074,22.87668350726689,0.0290077503845168,1
0.0387460539219711,286096412.91766834,3.0891773480765536,0.030616129117761,1
0.0611530450720368,0.0,28.69082936687656,0.0550346915809329,1
0.0191133300319408,339476299.2649011,35.34282792976466,0.0149459476018533,1
0.0641110045050888,168178460.38458034,35.23409471163579,0.0382478925590751,1
0.0359231865379798,257853535.3504612,36.5208016532614,0.0512350127202061,1
0.0250878870533172,167908154.34474346,41.59174972120818,0.0595841619501185,1
0.0504521230454976,96766741.78490904,9.718343813779224,0.0560970648723957,1
0.0301318519920777,139862344.11116838,1.0,0.0558574971204084,1
0.0454115165958363,219961941.03217265,30.46009251414941,0.071708761901729,1
0.0246933339375017,294196281.4529196,7.674333903097754,0.0004879076072922,1
0.0,195964127.64521927,24.314998415849548,0.056743296105944,1
0.0168035183983823,43923989.51973796,40.50776319549435,0.060295981941716,1
0.0425677885429299,419965435.1694542,24.505545734688138,0.0212497649996238,1
0.0543449803523854,299295705.5944555,30.987917326003952,0.0653560232888502,1
0.0381322304096679,0.0,45.95021183119473,0.067725952646593,1
0.0639275026142727,133599142.94068404,41.323541866483886,0.0145908356731786,1
0.0389642624559286,266403235.3604239,29.139491105837934,0.0597743891968624,1
0.0492711358323468,250151550.8562992,26.637717611024,0.0551520552037196,1
0.0620242667158013,176519015.99155027,7.570486563165158,0.0,1
0.0583369116908927,321659000.4843098,14.6593987117441,0.0155526873103109,1
0.0387294844488944,161107277.30589598,38.57986082459147,0.0572038330014911,1
0.0238530391886574,0.0,4.469029807905866,0.0450332080980655,1
0.0197172697816129,0.0,45.746717909341314,0.0700709801094967,1
0.000787118643714,29750089.04219199,5.892109345479579,0.055907749556472,1
0.0237310162271249,344031321.30643713,19.85746306799277,0.0319237597367461,1
0.0276300096932616,350415112.7042606,20.96567018616888,0.04274307748173,1
0.0523614948337148,155673239.34252816,37.80089665200644,0.0523741574590034,1
0.0,174160540.63417852,13.02729741269988,0.0535590735994193,1
0.0062073704538235,333345080.38854206,16.537951248953622,0.0336085557805907,1
0.0,141638325.72123224,42.96688423352056,0.0383452310334345,1
0.0833839072002554,337882014.50262177,10.906341202282666,0.0107689926621259,1
0.0497332590016844,235892128.4067081,38.64104754783629,0.0396413764209756,1
0.0123020897551871,289753878.17761254,12.071118739776027,0.0431293613000872,1
0.0071893162343132,199645314.77631748,30.99987464910973,0.0632946883780359,1
0.0523812388635633,83551528.77159101,33.15546936469687,0.061520121476702,1
0.0452621519982989,227782685.7025701,29.92661733719805,0.0680658939634776,1
0.021742303557976,0.0,37.2908587995541,0.0598285857307138,1
0.0588189771152926,159265486.43096295,36.11799033701934,0.04493744376716,1
0.0012200680045268,331862209.7570423,17.468486380526645,0.0546851317424201,1
0.0437611553616026,245920995.6658069,37.69078760766998,0.0468152359161849,1
0.0439217558297325,0.0,44.308818153466575,0.0535746232904004,1
0.0,142285289.61094248,31.347506396331656,0.0609383261448701,1
0.0056073931402106,312303463.63732034,12.652192288727765,0.0457245529268659,1
0.0020829869893676,83199100.49952202,36.02578839815262,0.0821071363887042,1
0.0329296375767332,239489455.548585,26.84793961779549,0.0676127321905774,1
0.0647518172242277,216155934.53530684,33.68239323418861,0.0228145072504253,1
0.0502861136745068,67938064.35230264,4.904044996076241,0.0602908432501085,1
0.0019794422962477,43160756.05023142,9.340507002381926,0.0635275066533683,1
0.0153151375745452,144703988.6781575,9.843282656428112,0.0618824790213094,1
0.0016906722543243,336038323.6951709,16.667663659627767,0.0334593844274939,1
0.017485293304713,196973414.459876,13.163825832698008,0.0580431227609944,1
0.0067152198952084,302220294.7268884,39.25459209562401,0.0,1
0.0493291199788351,370984486.1734619,19.21890612524018,0.0118620733187669,1
0.063200591134061,396538566.359063,25.64581619264856,0.0118720947863007,1
0.0010657638977086,104892905.72159918,15.207146251557056,0.0668009826316709,1
0.0542026932757527,75393447.00671968,45.17547319545884,0.0514853611663118,1
0.0704274230008852,258161693.60037163,19.21402490097074,0.0,1
0.0004389756790055,34922667.63031175,47.35684227646058,0.0219663133460078,1
0.0304323775941165,94405584.88308053,6.563212662745141,0.0774698403625984,1
0.0412572364650059,352427864.5428173,39.20724265480248,0.0,1
0.0332092443648946,429019420.2191788,32.04117112312917,0.0,1
0.0348873943284074,307624434.1986282,13.853311709115768,0.0472986844061957,1
0.02216020071153,294999644.6485133,8.277957676142664,0.0266701674903057,1
0.0583991180433961,310886440.8118792,20.735370474472624,0.0,1
0.0515992047250063,0.0,26.979714650663013,0.0855422229944349,1
0.0103631070821161,140258909.71267167,23.5892389399686,0.0834182057849288,1
0.0065295330836102,209949598.7782936,34.66135267288621,0.0629474615555925,1
0.0068796132144438,209514488.01677293,3.307013998190815,0.0131017469110573,1
0.0663011462365583,203926197.14156163,35.697552832026226,0.0256230828697411,1
0.0,58057789.735157415,8.962758515069735,0.0631132846749998,1
0.0028830837148944,323659659.0866853,35.03824354939939,0.0,1
0.0015717179226096,0.0,29.675504949567,0.0628508270686533,1
0.0040395724269912,254020593.62004367,8.401460467899135,0.0,1
0.055498034313712,351138009.0519353,26.428614880030665,0.0209246503415453,1
0.0,317222392.09430873,29.726365902853637,0.0067884722318129,1
0.0359141062202957,391661109.7614752,11.21181685108258,0.0,1
0.0345880421681163,172003116.20929587,1.0,0.0433235311068843,1
0.0516707659858634,260101014.6313958,38.15730509744039,0.0357236189103067,1
0.0347751032454509,276922706.47456086,2.1420147841180075,0.0168745534089525,1
0.0427291891224613,347081994.38382685,34.421143565524105,0.0291614566500677,1
0.0013169286487906,0.0,47.817562620541565,0.0087571004389371,1
0.0060709312552668,0.0,17.99806376737657,0.0654691675967962,1
0.0312120033995205,411286913.705979,27.667907606936364,0.0292190535851163,1
0.0654988141555969,404114322.30423975,26.83591954289892,0.0,1
0.0129317923180444,329122216.0247024,1.8352675190444536,0.0,1
0.0296449090141586,340518990.5973496,18.02904744535782,0.0567773829185635,1
0.0380897121872434,71748084.98019671,7.902091274322135,0.0530019153195568,1
0.0370663352877051,291449018.156881,17.133548982843013,0.0650962741879506,1
0.0260380117102593,291895826.9571658,5.271389671435092,0.0359452254093271,1
0.052564593686192,323985867.0677732,16.076055564389165,0.0,1
0.068787396409366,155383471.13758588,12.740656804240482,0.0726954956436147,1
0.0,388308509.28989816,36.079871621636975,0.0101988889409904,1
0.0283487792748929,185056239.4582243,5.119835646130852,0.051014451324424,1
0.0392491425123808,331678067.6905308,15.270486763349234,0.0333418354929576,1
0.0023503255313906,197204156.89582813,16.289283640276913,0.0648910267916921,1
0.0396053764412545,340870229.0532212,13.097339859457144,0.0217833396965528,1
0.0243807236010655,310525228.91222334,36.80206151050291,0.0479290176949213,1
0.0164007122636899,364867754.6898483,37.72199548846916,0.0444029113173518,1
0.0372590703981137,157934379.46160036,45.973386473955166,0.0460137756805995,1
0.0088223043798301,103548925.6260418,29.119305402475447,0.1185251333654212,1
0.0357009810120894,213080708.68735147,42.05620539104921,0.054383968762388,1
0.0453350104833735,311839546.24015903,31.24557761393636,0.0538617322347141,1
0.0308629321206037,349766188.02420485,6.33855172337508,0.0,1
0.0266244185443631,88516805.83548725,45.22748830451425,0.0578453021859421,1
0.0,229021832.4426175,21.94401573602228,0.0468863067466868,1
0.0133362880303906,0.0,4.51907324924769,0.0581929012865358,1
0.0482002919566577,189474891.30827373,44.07743639863783,0.0507220529621347,1
0.0178813343249826,271536694.77544224,9.4270660862642,0.0348991375848766,1
0.0774838861143583,0.0,23.17938337259272,0.0549842397014415,1
0.0614841888677575,143950006.93080017,42.32157982115008,0.0147358983933386,1
0.0388012618144086,380419515.0188877,29.54286318862535,0.0291354895252702,1
0.0509274165017667,242842232.7472429,6.479423213994355,0.003660797704317,1
0.0068239400589746,256276830.0706287,20.640375333170084,0.0515461630902174,1
0.0051447841782958,331157731.8868881,27.334680556606347,0.0,1
0.0640490720209291,61512309.21043361,39.3714415719237,0.0277529045111052,1
0.0238552278974487,353869316.9529256,31.71949152910483,0.0146417357751245,1
0.0463897452200387,191040948.89993152,34.596209803916565,0.0559692528510588,1
0.0125597552183467,108766831.0176206,12.764903770784004,0.0687414087351642,1
0.0671345947032736,30005686.06353224,32.20659850118687,0.049571891036161,1
0.0674255463381101,78694778.4032636,36.93997036983782,0.0397341427951414,1
0.0,297975181.7762688,9.870623607413378,0.0,1
0.0203459336205699,320856487.53300786,30.03242043502253,0.0564869636287642,1
0.0,41917801.15602781,30.53412252313613,0.0553378911098418,1
0.032154693137511,168781923.93613356,33.89567157170481,0.0760219788262038,1
0.0182615321455051,260013391.5538889,41.75080493676031,0.0456991824038697,1
0.068565864847197,300750995.3577845,29.69949174692403,0.0,1
0.0665867836599703,146261620.49048764,35.05223566682729,0.03377010150656,1
0.0,0.0,3.334222481020319,0.015135929519964,1
0.0681957103451413,131927351.8083814,34.71522123811034,0.0364075295244989,1
0.0258889276723269,323661393.52706784,34.4118750843808,0.0442747676061608,1
0.039135065665646,421707769.3977611,26.685437027225184,0.0223338503357878,1
0.0210037836239078,344527177.16144466,8.753403150672701,0.0123465571887884,1
0.0258093175465544,69589968.2011686,38.76640942359635,0.064475363135213,1
0.0351268372605516,0.0,10.800694364574058,0.0664653668344453,1
0.0071157118465321,249928060.7724038,39.94314966010145,0.03726520987796,1
0.0396922754517268,157332905.93273693,35.89391560484934,0.0603147461392957,1
0.034690667903871,268753978.9946394,41.22948219680255,0.0398379626373726,1
0.0449801086129113,265401478.05330387,26.805128952159947,0.0621108500248552,1
0.0109283340335006,350596476.73540294,21.48019608868413,0.0224175927620433,1
0.0628934581946547,324089333.404146,32.919783117015456,0.0280566825469461,1
0.065239020849034,224047983.40027168,23.74896010265709,0.0540921264578892,1
0.0453468584282731,330401868.91812545,16.406058499889483,0.0343371253378187,1
0.0067734583987613,5364157.194373518,44.55054749035622,0.0328785973320117,1
0.0593815518383362,189298791.8693072,6.669181099672176,0.0441848538773004,1
0.0373515879909974,0.0,16.323259205131652,0.0742461103007971,1
0.0163586018805801,244771508.17478552,8.098462608067942,0.0525207159364614,1
0.0282287583564214,231117672.03874463,11.411688712699068,0.0512041139109683,1
0.0582281150845798,0.0,8.05486893776044,0.0473562607242777,1
0.0385951024930651,223612808.51202983,15.785926766990498,0.0656112611096967,1
0.0451139712502533,404225327.7864415,18.086996726889684,0.0219562629630198,1
0.0361278288229238,350894230.0795543,27.68864254621579,0.0499014212140902,1
0.0278160148664909,364074052.6005409,35.269661854432364,0.0,1
0.0444423246994427,338679011.9144333,17.13277977496362,0.0043422194933778,1
0.0401942838236011,278304615.65973806,5.135171767185888,0.0575638427538225,1
0.0050924263469272,59010038.15174644,16.8717901034111,0.0592140520039537,1
0.067030539341849,82902169.06823196,8.91060547094584,0.0585621253778166,1
0.0120961699429642,204917842.7257614,1.35440461667012,0.032212567047139,1
0.0240626897002462,198885837.5859728,42.03663721514712,0.0525021268909186,1
0.0549222899092426,31046220.347853716,43.114670274627365,0.0264500778783554,1
0.0300389869558345,346014566.4619237,11.153669731857834,0.0282696924786371,1
0.0,338420623.11387,30.48580129870138,0.054211211150417,1
0.052518489437967,0.0,35.0743937685418,0.0829746042240562,1
0.0664911747070306,12582688.96081446,39.00008196365817,0.0,1
0.012983502647195,238597894.96426493,3.332188337111244,0.0,1
0.0272027516179963,347449228.8681141,13.141814803077732,0.0,1
0.0431672742361683,112771195.00487426,6.428669508334821,0.0658562196932032,1
0.027535769500335,325202053.7418853,23.067036802380656,0.0450281445245397,1
0.0448381314023636,305664663.0862048,41.041088755699306,0.0465613575647061,1
0.0630321391176206,233908377.3053308,37.533880063080254,0.0,1
0.0622549640852094,0.0,42.49288573720706,0.0,1
0.0,0.0,32.05264778333272,0.0646132406804815,1
0.0037491332074759,291349585.9451157,19.79529723081908,0.0333971970197157,1
0.0,152681611.5927686,42.09504687903683,0.0446841417985498,1
0.059338954567142,57733245.85316482,12.615306617048349,0.0497749743975493,1
0.0664796105104875,163429561.75124854,29.633063893750126,0.0396609430724713,1
0.054902412355026,345056861.11672914,26.695564477623595,0.009739327046818,1
0.0130214880727641,73864709.00938495,8.712934430537683,0.0683376478123901,1
0.043190903631751,274124353.42635167,11.01582681958888,0.0431023185574947,1
0.0143268600470089,347377507.1273781,24.18090689696228,0.0030787450314415,1
0.0438487357678969,351107147.8458177,19.506134908966445,0.0038095871268711,1
0.0602558745188012,347855814.54509085,31.40918599723336,0.0144229708613503,1
0.0383513640106194,0.0,42.30549961768085,0.0731802442564034,1
0.0400555423681735,37848065.82154797,4.86250580607301,0.0511757123790149,1
0.0,127969775.9777656,12.95844170598544,0.0640769770947209,1
0.0089441972300596,249691434.2641236,35.180095441078635,0.0556230459925267,1
0.004049728566151,219469900.19802925,11.949268300183943,0.0469655880878902,1
0.0,197239442.29756376,18.588605851675155,0.0599475292663121,1
0.0,218361857.38427708,6.043482956956485,0.0,1
0.0102176112240869,395727128.4261153,25.49706373244099,0.0,1
0.0112183779420221,235012564.8302589,36.10255361829101,0.0545632022306527,1
0.0153656228809186,301716459.063314,40.42738841501173,0.0559244411493988,1
0.0523389981435629,0.0,29.503228677054157,0.0725758728918429,1
0.0683267315546959,0.0,6.980034167498264,0.0191260490319966,1
0.0044984278677475,304522340.53652084,22.993032721340228,0.0382827905588565,1
0.0276031878715812,302031088.1240912,9.43748182533679,0.0183804032902481,1
0.0432564080830819,276623145.18979055,26.90012628183029,0.0619366530231435,1
0.0545955323919774,67126856.14935476,9.550319945034836,0.0548993535499268,1
0.0547132866357692,321977474.633888,12.924745905114358,0.0204948965617843,1
0.0499041019439385,350154586.8047816,20.026389869918585,0.0224793138456955,1
0.021988378634213,25583269.62722976,35.502750089316585,0.0643808697406525,1
0.0442163723657698,389759316.73647296,6.635629117495927,0.0223471749529017,1
0.0499890936478143,91522072.13120046,14.24894912864964,0.0800707385440843,1
0.0344187266223393,34689392.54476412,37.90950928872024,0.0627831006496795,1
0.0371192582084703,225218997.94917423,1.1688984041606254,0.031945012499078,1
0.0019921980200597,0.0,31.81555131812424,0.0622573169495185,1
0.0301168467243118,73410114.07123452,11.251551259523202,0.0726058052836693,1
0.0406688291056633,249365701.94670135,17.82816071997206,0.065947965679849,1
0.0391590580742498,233310877.77574092,10.048406720290956,0.0475894398339288,1
0.0130363629381361,0.0,4.438910608607461,0.0421087204319596,1
0.0619456498065434,230626163.3175673,38.185819978841096,0.0185922443068079,1
0.0549381516828292,115479975.86780262,42.75016429140644,0.033252678441617,1
0.0130129652231279,0.0,6.12477176334022,0.0518292078758299,1
0.0072879014538691,149647085.25243568,26.63598600576803,0.0745798449206337,1
0.0090740613320571,347047200.9980259,20.456313769660927,0.0102612991367876,1
0.02315229947732,235475906.37406817,4.1789885015514265,0.0351209450033135,1
0.0322652426842877,373779052.84672856,38.59329524252831,0.0245243885247738,1
0.0120389965775903,213663644.2784164,27.209199951640237,0.0786119309856495,1
0.01557,300461864.0,29.0,0.0689161855697195,1
0.01274,300461864.0,23.0,0.1235698995829012,1
0.04454,300993961.0,23.0,0.1702130585955788,1
0.028509999999999997,278582879.0,29.0,0.0745767170531551,1
0.03677,279195410.0,32.0,0.2172161794208843,1
0.03175,279416978.0,23.0,0.1667314344180186,1
0.01855,280188964.0,23.0,0.2946163741414723,1
0.04787,280164039.0,23.0,0.1240105690009104,1
0.0147766971817243,389608273.0015588,27.62614236679089,0.0,1
0.01332,281012920.0,23.0,0.0961917381411091,1
0.046529999999999995,281376307.0,23.0,0.4312091841855459,1
0.04261,427179345.0,29.0,0.0140884824648575,1
0.01798,278502313.0,23.0,0.2726492051526578,1
0.03712,279115662.0,32.0,0.2582736468498289,1
0.03309,279176960.0,23.0,0.325612632918209,1
0.0466006601273032,307029757.57248294,26.20731429087709,0.0643538669859203,1
0.0,314172072.5756489,35.658044822370655,0.0232917049909297,1
0.0,234615118.9704004,15.672743894350388,0.0562859139240191,1
0.0082649253276379,170160134.86852396,36.82932956688563,0.0661729075664306,1
0.0224639114876292,253905095.2114226,39.6480771974374,0.0691174477066057,1
0.0081611328221113,0.0,28.98418460407065,0.0635513848389917,1
0.0449885350126396,330117564.5276971,30.5518864370596,0.0356032775724302,1
0.058183228750271,280707626.7041668,29.00546059122251,0.0553835564463723,1
0.0494972197320024,354201250.51469755,28.047758812375427,0.0365630892881865,1
0.0166812024690956,227180294.8522561,48.95348379696695,0.0357539650659394,1
0.0473032929133447,225819940.36767533,16.207197694681017,0.0548531533227534,1
0.0499360864565079,321235942.3836539,12.470778587014898,0.0048247262793722,1
0.0250052178691592,228670221.19432157,35.195180431152714,0.0629383263444806,1
0.0540768891032511,355943054.07599604,12.90729323741054,0.0600238281243575,1
0.0138522964310749,344277176.7756998,34.82330944290037,0.0,1
0.022935632856556,366156058.0954428,30.90396778333392,0.0245797969712545,1
0.0169831069395706,117204546.9585881,40.97022742879712,0.0629452826391921,1
0.0,291364200.6250645,31.681919935413628,0.0286834900007447,1
0.0497880035099616,240432507.8315016,9.591843878660526,0.0345000228843374,1
0.0597889733931416,83026977.89913519,44.298395446334055,0.0,1
0.0417083071506015,229993323.0798837,11.484388050577293,0.0732109864839219,1
0.0322140520615043,343880324.80773675,11.71879938026514,0.0180394191850065,1
0.0474534274466197,119340784.01337552,37.51162858333633,0.0659093919066377,1
0.0,340613896.69983804,37.797536704693606,0.0240710189975778,1
0.0721096829234743,255575756.82150972,26.36772299693189,0.0194009712747703,1
0.0236641606412559,0.0,3.4921662915543585,0.0466177149096259,1
0.0452546497351373,0.0,12.669739848288549,0.0701364424881831,1
0.0241729409715629,266303478.02866185,24.461800221454038,0.0610179756072668,1
0.0020508039434292,190167482.57385376,6.7911906030163,0.0636920553941863,1
0.0424263479926157,20467811.84608485,6.822850856060022,0.0519773524324405,1
0.0,159711993.5975765,24.995003274775595,0.0562481162445972,1
0.0141348146344948,387481804.3885894,34.48071714371653,0.0510653736699723,1
0.0393799349931006,185330485.0821182,9.20414764654844,0.0515233826582015,1
0.0655913450097705,159984803.24348176,30.230363771794195,0.053719568947263,1
0.0615218618426152,0.0,38.097109194611626,0.0384768053391803,1
0.0435466642221244,342175814.6789372,13.810170236667023,0.0111780329140266,1
0.0049142234941159,0.0,6.0621821643105065,0.0381410488862616,1
0.058231360769189,356227460.79000294,19.61900378827774,0.0,1
0.0,292261100.74711496,16.398871669792918,0.0492993071547502,1
0.0266326902740154,284787247.6914397,7.315815836685495,0.0494640973446095,1
0.0668090328554325,206230960.96979183,33.74408409205383,0.0182862453094907,1
0.0247965181862498,335432504.72033775,20.45804778258111,0.0487158703123487,1
0.0594430296471344,9703681.334425643,46.1537267719083,0.0125844693926245,1
0.0476818894407711,343412494.20105433,18.9956736817074,0.0278885189300302,1
0.0358916961379702,0.0,42.01970035555543,0.0565119698562187,1
0.0197979586635483,0.0,41.5299735063541,0.0519628365977763,1
0.0268109620579342,205093725.19400147,28.373236488060023,0.0823310921112823,1
0.0507649002259872,272210057.2248585,8.166216814210015,0.0385233858876771,1
0.053056286430519,142674518.82453582,22.881927503117694,0.069401983348292,1
0.030259287904446,280894117.0534253,46.05287994313933,0.0,1
0.0172095137290049,304819631.388237,10.764828551140742,0.060638460759605,1
0.0089867070370929,293839786.2922152,10.707204978921832,0.015915343887865,1
0.0413013507695117,0.0,1.0,0.0415669886085562,1
0.0481317433688628,412439536.4672204,11.211449141677248,0.0093377690812703,1
0.0114080487197638,75227597.18374953,14.354069680646749,0.0840799398626799,1
0.0616266404666701,121608007.00919165,26.548230147802272,0.0611797378244245,1
0.0182096421012808,285040440.99678826,7.233774260307907,0.0202357592239234,1
0.0621147222710757,191924567.25354704,38.46519354125204,0.0133490551769024,1
0.0411939134185082,348996961.32262355,28.091123655089618,0.0470347247022319,1
0.0507546807209008,12970803.574327009,31.21642852259216,0.0579332954358085,1
0.0162847060275523,0.0,15.815193888533107,0.0727035659067215,1
0.0272810288194924,273699640.4863768,1.5263078473062777,0.0541062147539701,1
0.0527941388491084,357722570.08602834,19.05584419872207,0.037050543446836,1
0.0394292055584921,281629808.6301699,25.072471945114348,0.0699231634832683,1
0.0535382806412119,23723451.785512507,30.081762337385623,0.0635708407499649,1
0.0,33015054.495410345,26.111844252911062,0.0619614992882608,1
0.004877695563562,17020768.90044202,32.02976891571473,0.0687877964654971,1
0.0037958383755165,195915138.84143364,32.18290939456935,0.0614348133267373,1
0.0350402249136635,248414227.6983401,42.65775421352883,0.0440180158527167,1
0.0517498087519088,31523713.585708786,10.105997135406998,0.0511579903719171,1
0.0115523469409858,269578996.3470656,37.41737289626022,0.036795932941338,1
0.0145448946473734,321784636.77629215,36.53858397307105,0.0,1
0.0131927907624965,175093759.0140184,40.20618094188946,0.0564493048132313,1
0.0471373565228916,45068181.34699965,47.77933606971832,0.0540189662497959,1
0.0377272859757096,354723344.5404117,17.424312355000325,0.0246694124064865,1
0.0124520540066366,185165037.2095826,15.359142399216578,0.0622606885249135,1
0.0093506903996009,398730858.2394224,32.27949301641233,0.0,1
0.0111150684287457,20826856.471021853,15.91387107914914,0.0789366577663778,1
0.0180355291030557,292058217.6222768,32.68590462821991,0.0502707185255041,1
0.0462059515990566,346070801.0336822,30.473820366653825,0.0,1
0.033585585288898,362160457.9416888,33.727844997094046,0.0,1
0.0489860803360478,48618758.5215963,6.387603326080534,0.0451554124147715,1
0.002367164111325,74239883.86033994,34.64831061270408,0.053638095306052,1
0.0375864179046209,269320601.41013056,29.46796867516649,0.0569245051186154,1
0.0173710342987299,0.0,37.74759974775017,0.056981733617987,1
0.00651719682424,23934582.81801533,29.765084959659998,0.0773792245599956,1
0.0480665619744069,278225346.7867682,23.36349606011467,0.0530306157863116,1
0.0205390965290708,308565134.011305,25.74431074911369,0.056949472561614,1
0.0181904691542432,279385712.27518564,12.745632319429149,0.0418986083567811,1
0.001646888790251,193392507.11004055,25.609008685246437,0.0574916849226882,1
0.0192440791698358,412483262.2509653,38.02020355693509,0.0178896028601309,1
0.0129496275072882,218989023.0680309,7.076278313883005,0.0529369016139758,1
0.0011272012079058,144373980.1362758,31.769611238012487,0.0658135273627553,1
0.0386346418477891,19440081.814112373,49.95931771225192,0.0450230472665718,1
0.0176695821530573,227901905.4420032,5.578190550950957,0.0393222811034152,1
0.0254601511715775,327887307.3158747,10.004721560913495,0.0129735137156325,1
0.0518817235606933,359280284.61946905,15.087332162876724,0.0,1
0.0020584494397187,317816271.2100284,15.912557526308388,0.0,1
0.0515029200162083,255284652.6377817,40.91421778066969,0.0,1
0.0385253643335895,351645464.9424089,38.45411168163233,0.0075074488304068,1
0.0283051123903474,369558646.8516549,34.16173728275557,0.0144528883993021,1
0.0,212004150.56625095,11.303273531203937,0.034311177172041,1
0.0276666750017763,0.0,3.374344939288541,0.0544183479006626,1
0.05046930329308,387323772.7006296,28.46283034758277,0.0114110124112703,1
0.0582342557813987,170548623.7605335,2.858727882692527,0.0246789330349158,1
0.0392882956485524,167210119.30390513,36.014666166319515,0.0631057511560817,1
0.0389240779344036,80923652.03740408,41.34360949251364,0.0558838552879019,1
0.0684027539261707,63822500.12508299,39.29175616013792,0.0580387344169652,1
0.0542509760159881,283201092.2495787,38.20917138102928,0.0,1
0.0407667544435702,336927962.8677074,45.13365959537539,0.0144441092165736,1
0.0419974308264133,240154401.4136803,10.587414391962565,0.0504843028287856,1
0.0,334277144.54486686,22.40419306891828,0.0014237225075888,1
0.0268290428379421,334940996.55995303,8.98476091464644,0.021913384474552,1
0.0494049202075731,0.0,6.8058859676272085,0.0556321596119336,1
0.0048065525064977,372165253.0240185,26.329404458341063,0.0042735627123651,1
0.0587224403697793,391634556.1754823,25.603192078435757,0.0184366673982616,1
0.0635362012575186,236983610.21810696,38.96292246370865,0.0256158924361495,1
0.1005380182600517,28631549.914703444,7.517451094278893,0.0291430352924274,1
0.0175187853249348,13003043.63998945,35.79069252034535,0.0640442712930582,1
0.0,0.0,40.80159057752297,0.0434540614015764,1
0.0174571158292115,68282526.58019309,14.387321922283226,0.0793208264031864,1
0.0384729508082733,367686405.0522893,39.891734174184016,0.0166928587284909,1
0.0155263247751138,395722852.4142842,26.312425399571357,0.0,1
0.0377075932030196,75484426.06691265,11.9447559243396,0.0676386672618291,1
0.0458103388011404,257961666.2663908,1.0,0.0258380321806297,1
0.0015582192767184,269988462.4058496,19.289807328727164,0.0529940694751814,1
0.0514478404256649,342161938.6692136,27.16424309324912,0.0071666576466776,1
0.0490393163813371,166352236.24393123,31.86737242854149,0.0721998358450779,1
0.0323265920101786,354377717.51791155,17.573255398022347,0.0317949763586552,1
0.0356031367934709,116075133.23525693,34.10594140560063,0.0634307239442795,1
0.0248595610907115,379250358.7042347,18.79450565566417,0.0429302652307703,1
0.0304630519520284,338299364.30308974,9.197112127021262,0.0083172432908505,1
0.0467231990937293,252500553.85074443,43.32489854033816,0.0016472146005679,1
0.0297910297423653,314071509.6691913,7.6312233198827535,0.0048531053272206,1
0.0215894491114241,316745467.5793308,23.8531780495644,0.059449857378334,1
0.0285942084526635,285113572.6722933,2.051083265193707,0.0028496927923431,1
0.0104650907465166,360204719.4532604,27.865517067954936,0.0128321598066206,1
0.0486251616243517,219100194.7676925,29.982313748537123,0.0770929409000442,1
0.0113348410687478,8164534.747013107,34.95820810665312,0.0563913439750737,1
0.0501880542168669,350860209.01815975,19.489202307908776,0.007132001232739,1
0.0228733175812636,332389711.96688306,8.498426883393769,0.0167949537037129,1
0.0358172727311616,7921749.668612748,28.16090547329683,0.082539689738468,1
0.0264701248653925,398504977.02325857,31.69267415044994,0.0414250816051563,1
0.0230758179171301,304429669.1045948,7.332979222324763,0.0,1
0.0168752393132049,339282189.50771487,11.485067498204378,0.0143375514918021,1
0.0565937686425392,236385304.10323983,9.139351060594995,0.0423794268662888,1
0.0175819504002012,355398886.8408077,32.772441619234456,0.0608646033213138,1
0.0063706904556903,51916333.65952658,9.776227482607863,0.0515581869666989,1
0.0430907486216251,319067753.13407683,12.791938524143433,0.0537375633700062,1
0.0071484557820962,290944774.23646665,12.481918099438223,0.0261358912682529,1
0.0626905032704818,170817974.1830544,35.45555596897793,0.0333856064031052,1
0.0818160902130832,0.0,19.58776329557117,0.0601057249503586,1
0.0110664607974949,203661154.85095423,46.71308469251075,0.0072457479024247,1
0.0557306685866382,261448585.99403587,39.31691656329468,0.0212055742470876,1
0.0606512203534918,300089407.3259827,25.04702265973073,0.015174825395448,1
0.0414213936200318,34602591.046792544,9.720687669509845,0.0542385321818948,1
0.0079580396823762,302848112.5688559,11.55030451783736,0.0459365227192504,1
0.0514791967733973,50870390.63621021,48.21689299362521,0.0455850847398853,1
0.0143533536566032,245083348.5639712,14.218859578403404,0.0506165481089716,1
0.0075400135040247,0.0,8.956136915911168,0.0510389477003806,1
0.0351407550474429,0.0,7.001996998279218,0.0482072761621475,1
0.0489611278788026,26789653.49067992,30.693472766167883,0.0726000581934677,1
0.0347383538565243,40829703.31022748,3.43974898852516,0.0453901801532609,1
0.0371357016972028,273567018.7063368,32.955190442524085,0.054466774788839,1
0.0458073896764247,77656696.26190948,8.258255320090562,0.0609148978998716,1
0.0459626090091279,130323275.68653794,12.864214174948753,0.0669343810300346,1
0.0077417811986186,236762876.38529137,44.2310020040844,0.0761715333258014,1
0.0324593867383658,84862737.99921279,36.24477839615104,0.0700196959008523,1
0.0135040805431983,37075878.88565565,12.7926871260846,0.059475560474116,1
0.0293246611929665,320471283.62728447,9.118291414601917,0.0,1
0.0,0.0,1.0,0.003046397648329,1
0.0457893636518431,0.0,6.426214973032973,0.0427684777713977,1
0.0007062088297081,17208011.830018714,1.2693873002209166,0.0556015691256252,1
0.0667776983433765,64917704.531221054,16.30516092857154,0.0550302942641767,1
0.0514267176017491,153130306.76765603,18.976979416928693,0.0876149306560135,1
0.0405144364863202,57005140.73787017,10.116898516336416,0.056731392014883,1
0.0444257350870054,180376493.5214308,32.66793743973446,0.0612254292910659,1
0.0655369584353949,44943667.85870589,47.833461816,0.0,1
0.0198867433340285,266330250.0670364,9.788303484936195,0.0507491180382999,1
0.0423582150871239,341063658.8752111,33.70214156714035,0.0,1
0.0293188386946433,335385101.41802865,25.452320935327872,0.0536915818093714,1
0.0668569583726768,209461066.3880428,7.427653659587573,0.0263376972283337,1
0.0461790253349255,74043214.1604033,1.2112491727466903,0.0467108098982642,1
0.0009397566886089,369990612.3680981,31.826129160963283,0.0038167853612185,1
0.0473166207689084,248074361.6903881,12.077039602442772,0.043433271158652,1
0.0054323937036192,21927510.84071891,12.896263773283708,0.0668441607403442,1
0.0547626080856058,356564756.3948455,36.35839675679453,0.0195068148586706,1
0.0129616781086893,283762309.45645285,19.50104235451556,0.0489110819425391,1
0.0668517172520611,0.0,13.176672015024884,0.0589848529942491,1
0.0212784027538981,353669345.93628633,30.076728701706564,0.006344924785994,1
0.0147128085565946,350482160.7731428,14.837483421146576,0.0146077109319749,1
0.0263977116327203,19812590.653941263,45.16940235218959,0.0532489755930724,1
0.0599868728543954,253830628.18307477,39.90421272070009,0.0136910269110574,1
0.020437613659605,301764173.75230205,14.08744655958986,0.0513424479665437,1
0.0320049626216247,353198616.284294,13.63720786091444,0.0032442532879938,1
0.0540415426160785,14783867.80196593,1.412846760272025,0.0245115523626575,1
0.0,314336066.68072075,24.607461439223403,0.0466140225024498,1
0.0135260488911594,328994566.47260594,35.075530345680534,0.007050402641525,1
0.0449391937551822,247283637.40562797,45.000604584965465,0.0141076994962925,1
0.0520036445160172,312491473.0037532,12.58086149979648,0.0,1
0.0136696232092624,111424488.69422856,12.920633349020513,0.0633091024107644,1
0.0414900236374594,264124173.112862,24.97803069156789,0.0559058728710406,1
0.0179368618895805,375333790.566336,18.300247658167187,0.0096893224130445,1
0.066370124290559,110534751.85611092,31.60285436290635,0.0516141980776167,1
0.0556699096996779,368424044.98610497,19.8220859360666,0.0250726190316712,1
0.064982835368323,194419405.2907416,14.108580522051977,0.0444707811198804,1
0.0104964019246616,264791853.117622,35.96382589096139,0.0590710936082528,1
0.0170270188147885,459733169.2547199,21.737007973821463,0.007035928673673,1
0.0366324187986777,233955536.06945425,4.544133129003907,0.0482451899771753,1
0.0028465538539593,235052485.8764496,36.66478740620464,0.0349743415667483,1
0.001060837711784,289686554.4118322,31.10098396740088,0.0539517780503861,1
0.0453929184449307,0.0,14.115321189988297,0.0676861559009369,1
0.0279725715479258,285714434.8443124,7.357630386850634,0.0320558047766216,1
0.0340954990442673,264362856.2417403,20.216766457977663,0.0639789918147416,1
0.0250405106003722,8518254.329327732,2.0965495522166755,0.0521152280033333,1
0.043905484087965,170515875.2229547,12.532255591948942,0.0662816304351713,1
0.0404927597790299,225570903.8619313,17.653341474492187,0.0619758831090767,1
0.0702011715114968,0.0,5.907094623786282,0.0,1
0.0291120390870097,114395276.91972372,38.21628969712656,0.0737781767260276,1
0.0100550876557487,347001731.2130029,16.437502251505308,0.0,1
0.0041423706214903,31957786.475102127,45.265296149646886,0.042079354255169,1
0.030806957913454,393078289.1290513,11.85164830001176,0.0174937978935263,1
0.0292202911792297,0.0,38.098706801527584,0.0598423514675848,1
0.0571100130305278,209543553.4285163,24.10770858025557,0.0534944678840161,1
0.035583424576515,256469396.00166005,16.927158182854185,0.082454847578845,1
0.0248415803595332,3321486.5300334543,9.06547886447413,0.0748699635363766,1
0.0456485087119407,339698834.9953146,34.35838267911117,0.0527895923066026,1
0.0216235748927129,299733586.4765302,7.195507831125973,0.0306309219877965,1
0.0,257244182.9086632,6.577396666130209,0.0170885694066955,1
0.0019154169522626,217237627.39386424,24.480532630055592,0.0587952668171646,1
0.0383488263309863,302400867.10139287,7.923163321540898,0.0,1
0.0058584303780644,347346166.1682887,24.659773719868756,0.0,1
0.006046565504233,0.0,6.365057869843486,0.0404637389130477,1
0.0342628906163076,0.0,11.676789109578714,0.0663475553474741,1
0.0231728916769586,42246970.86461134,3.666346527572728,0.0582403074199563,1
0.0438628941011627,0.0,13.375885129129395,0.0602246785788631,1
0.0201370016292091,75112468.18975812,4.252029595999083,0.0505862652018951,1
0.0440914297226136,295019144.8424467,7.262080813678839,0.0,1
0.0157707494995827,312948216.3958994,40.89546493368631,0.0,1
0.0,154725849.39397293,24.421658256493632,0.0729725993964299,1
0.0582746585329998,291754781.0215453,18.166555883198555,0.0,1
0.0,0.0,12.392009031432265,0.0466056565160858,1
0.0579591133408815,258534277.9087026,16.188135889002254,0.0455411125452042,1
0.0226462582255061,222873864.46261847,29.257120576127367,0.068147970824226,1
0.033535106735829,117961884.20097202,43.15580924008016,0.0521473854426743,1
0.0084596874604666,296780983.0353776,27.70864218375132,0.0533985820824506,1
0.0,319108331.124959,13.1878524186792,0.0241489985145113,1
0.0354432933165878,56945266.94800173,3.206026687334891,0.0477253224612723,1
0.0073619568054247,388188637.3471719,34.242836395613686,0.0150607942513629,1
0.0,163737301.704522,45.51402245751031,0.0147385703236723,1
0.0469380389319568,264845637.92181927,42.05145484665206,0.0354740364883945,1
0.0457092196570579,231477707.4232621,19.262630613813077,0.0649829660043002,1
0.0103120829370382,194366850.977322,28.072464450885864,0.0676244714784406,1
0.0236590260552978,386294301.7661144,9.000644154209407,0.0,1
0.0329016439487445,306914267.9533607,40.95293480936768,0.0,1
0.0216065107362685,319914545.736315,29.74887015085534,0.0449591735018573,1
0.0462394291139292,310702714.22489965,22.150694697330508,0.0457253803284865,1
0.0005937374057031,0.0,7.899573575652948,0.0420844319437056,1
0.0,259972548.7179075,13.095920378372728,0.0,1
0.0,157119336.21616623,5.559195425952019,0.0,1
0.0117904804882932,309341427.11363643,1.0,0.0076888854883015,1
0.0,91094525.37771608,26.18454285941225,0.0615503330547171,1
0.0343533957896141,155197174.56736258,32.144193023708546,0.0928697680402805,1
0.0541741745997565,312380069.5090848,23.44678967930455,0.0350475641238475,1
0.0567902291123201,246157346.3140765,14.529830037473667,0.0509031993251799,1
0.0188300194605521,306623512.3018403,15.469827393249696,0.0488112407885239,1
0.0559699135916276,0.0,47.26563234657731,0.0377619951717596,1
0.0143047574506271,262314000.3130645,9.23071127496424,0.0353104565859584,1
0.0122688667733839,0.0,9.877658937423917,0.0542370188835064,1
0.0292612242898821,203139704.27341303,2.6677449531638686,0.0601269200646229,1
0.0,298668350.0264733,29.690496931411165,0.0,1
0.0408631550202843,73247632.22418232,4.5165135411818085,0.045895786825335,1
0.0034674593279021,313393182.3754115,34.00903940172966,0.0319684767494415,1
0.0010559094208708,0.0,4.943373367652885,0.0043693281808245,1
0.0144410105171068,235676497.8872148,12.058069573327716,0.0496277252903652,1
0.0426641691539122,0.0,35.52883563908942,0.0593241399166789,1
0.00100101496473,55803213.80352983,28.97795719591428,0.0753031878146566,1
0.0231329461557495,0.0,9.595028218794727,0.0587454081181952,1
0.0226059438446969,185145458.99140137,40.62349744658964,0.0604470717596445,1
0.0587413564708499,264889091.23418772,12.82528082054056,0.056866895083187,1
0.0267603224398858,338431496.7370374,14.595916978776106,0.000984886624359,1
0.0357286215931356,363279045.1037636,26.67352050264845,0.0284787698414206,1
0.0205882956823197,426919322.0613856,28.012440030061427,0.0357532732202626,1
0.0776164771851224,151989507.54179713,32.82824983395601,0.0488434598105532,1
0.0634182965837585,110497356.16109186,14.289078542643688,0.0737644224624131,1
0.001170566550713,251416436.48732325,1.0,0.0,1
0.0233138172884457,226779996.97120303,41.63193918097615,0.0611610383620967,1
0.0429566187667722,342611565.4584131,40.59797937831687,0.0110994645418217,1
0.0570732120336447,292021240.9211831,34.54064302589699,0.0003698733811675,1
0.0010468047001864,0.0,19.76940678217058,0.0602377018773987,1
0.0147360227241831,142472214.64766714,9.516378158781768,0.0636380063299177,1
0.0231346801490597,333434679.0773156,38.86657133214388,0.0052423570621038,1
0.0015870415907484,317439900.41229886,24.57361692943533,0.0100599263422758,1
0.0,31830088.381667003,28.08755663400478,0.0582933440889254,1
0.038722316196411,331665885.38423145,10.924239359843185,0.0065305783319021,1
0.0233201682379003,366704117.0774578,14.178995004847064,0.0202073029939909,1
0.0,290960308.9496091,29.29125654486062,0.0243755748736164,1
0.0491943109600058,57861997.26162491,17.391601221380764,0.0786334419992459,1
0.0762541858875725,157436094.62037158,35.501371184373184,0.0226596386954749,1
0.0394288213186112,311524284.2312213,34.75997960180336,0.0441663385611989,1
0.0034405843866325,0.0,1.0,0.0116334361622638,1
0.0097613098109531,366656330.70335495,26.818832832842062,0.0,1
0.0464051073503343,350796876.42522466,27.154820506418076,0.0036962442931208,1
0.0047912272577058,286889924.0580164,37.46993605566682,0.0167438082279339,1
0.0440277470599183,44177084.22471935,36.59473926347965,0.0616166246786706,1
0.0528971154980954,229257451.0473149,3.700466572877243,0.0351539211907932,1
0.007425878408169,129916912.64366712,41.69398798628833,0.054438639987207,1
0.0679305902502497,219376355.16447335,12.975631206979765,0.0279724463278217,1
0.0225742911111188,35309400.055880785,8.334407823417143,0.0581369005821396,1
0.0153431572937263,271916041.5250067,33.94453816874848,0.0550925742937027,1
0.0,355710694.01348746,32.70046285774171,0.0,1
0.0539167534530238,245221387.45096645,18.30937889396091,0.0487260131671176,1
0.0732910506993136,145074399.4925984,30.52195335590048,0.0485028053226229,1
0.0421134850319172,382427635.2324469,30.12714382713629,0.0,1
0.0302239784455822,17352454.411187664,13.287155731109475,0.0626735661337496,1
0.0519852155316194,347333408.2569934,25.39144183350119,0.010809793191604,1
0.0797929528948452,139813942.3227882,17.87902060367842,0.0443489608192906,1
0.0161960150326202,365552435.9053304,26.574144576337694,0.0023995306120891,1
0.0353725089136643,370396025.5198785,20.088672005803648,0.0170444625244006,1
0.0279107690442822,400023947.8698492,8.338307800150647,0.0252504044209891,1
0.0115278731437287,333809949.70293695,24.94340637477878,0.048545722031007,1
0.0655958872312057,0.0,40.23454450044755,0.0264841507836834,1
0.0557766413796364,0.0,41.57750578509213,0.0631536245748511,1
0.0297767822328171,344276606.4905027,32.629113949480924,0.0510755003114669,1
0.0325705926568866,379084459.3005682,15.52901856639942,0.0589167594818569,1
0.0,0.0,6.346314048372317,0.0757125439944863,1
0.0405216510910124,330856965.52968025,13.792377182422149,0.0207679935210166,1
0.0497048112484046,60171130.025571965,22.95119560220489,0.0872149950351606,1
0.0369660025280817,404188955.62268734,35.83944744594733,0.0228104621239818,1
0.0320064277262547,63327509.02198312,4.71970799204534,0.0496313202694218,1
0.0076262436842301,175649586.99630994,14.332830330492037,0.0721329950095141,1
0.0032940808579364,73033467.74085596,36.32446546190746,0.0552081089965797,1
0.0469043876827724,73167087.27288724,6.4290014549825045,0.044444474779182,1
0.0416151958165741,304684332.8668156,18.56117950784787,0.0451292344789292,1
0.0511079775026698,397646595.3405904,25.24460089833089,0.0612575050374775,1
0.0093541235218699,245834040.4676369,32.09778460433084,0.0691916328990472,1
0.0143835356501627,430271961.5273101,14.715112098808516,0.0,1
0.0377033639692317,318195247.0949605,38.12716955528944,0.0,1
0.0466514168605215,223915018.7489942,24.68935612582565,0.0643888040837786,1
0.0231395839051188,236442702.85135767,6.18082937811818,0.0595774701168953,1
0.0053762453972822,196235009.4654301,4.619339924252813,0.0,1
0.0161102361474538,437829386.5733605,39.2029665075604,0.0,1
0.0010579883841525,246233501.56256083,31.82692138200988,0.0532073311041098,1
0.0377948093480026,15401325.992513418,31.863329281277032,0.066400815999833,1
0.0542882017986666,464347952.439268,29.072133308172056,0.0184961980237517,1
0.0448812578682421,259217358.544382,42.102371712270525,0.0496593147604204,1
0.0346476811858541,0.0,47.63297773722228,0.0653722174133276,1
0.0,261967133.6131883,30.419749128457912,0.0424569096183542,1
0.0,279606788.23010904,6.678510922521049,0.0161038716769898,1
0.0096938810635814,332185953.6562128,35.66824932630253,0.0514174551283562,1
0.0553718283796102,105929800.08006196,33.78284629185987,0.0540365220378062,1
0.0309651941422994,51183991.20325253,46.15537433788417,0.0719836745993896,1
0.0057501415338622,186683585.0993801,14.081527613634556,0.0734777243157681,1
0.0182464597648428,314489317.25405586,32.0774473160307,0.0474909468994851,1
0.0571776633600417,298660419.9486999,14.740125648857775,0.0225324282055011,1
0.0424018837467953,14238849.6451362,36.32528507198131,0.0583435195363221,1
0.038452091904409,0.0,8.477860035038237,0.0512809960102975,1
0.0601001595864431,19450791.224163897,42.355152110155,0.0318735574149853,1
0.0446349761533517,0.0,9.80481265531189,0.0519861466988299,1
0.0236562225033787,331535663.0801007,38.7505066170094,0.0364151393157456,1
0.0,301775158.6004931,14.163589421406614,0.0,1
0.0526730514412981,287329275.30804855,36.7120422515459,0.0002047181237137,1
0.0428159383886926,346407265.1378455,31.161982587318867,0.036975105217439,1
0.0205270944048859,91010946.71354376,12.230312588244576,0.0746718195282881,1
0.0170744278813233,156326287.85672057,34.8783612037532,0.0755917196486515,1
0.0639464633448337,202198254.28510988,11.631884301062952,0.0451806179996315,1
0.0287024523791907,29514549.84400145,1.587620771601873,0.0426391195220796,1
0.0108153799261894,339712775.60670835,29.510334263588,0.0025523211907878,1
0.0342221247103242,0.0,48.29860030897326,0.0663611797113191,1
0.0,31900811.788741782,41.279072662159685,0.0508863791137009,1
0.0448920510655202,235784397.22306108,34.46561683664764,0.0515554300742336,1
0.0410239309748761,55699273.11448135,31.95965844611565,0.0728895846780002,1
0.0393775585899613,297024576.72259045,9.84782486857309,0.0026232570818521,1
0.0037151967163943,309499250.69223034,17.01689359703668,0.0241590282514654,1
0.0285615744879314,401539492.354508,21.352255668793426,0.0427224417879566,1
0.0462075947980235,0.0,36.627995110783615,0.065673966603157,1
0.0150771240077984,221201881.65831736,33.79247530703621,0.0705197579329841,1
0.0676000091039504,146484281.2395072,38.837456044170814,0.0,1
0.0,146484304.54498008,24.698683232643532,0.0644462314739605,1
0.0114480604007223,38003320.95553143,10.559996466956044,0.071473030408031,1
0.0336819980206763,334041332.1332784,35.371908489346964,0.0222357534189254,1
0.0288713019414516,28892292.658140477,9.033517407576268,0.0829247567926525,1
0.0032383451829824,180226620.9890563,15.493697391496692,0.0608916739745166,1
0.0318951861889625,0.0,39.99952734519384,0.0629816921453907,1
0.05525271476564,78847784.05706903,50.97486867245453,0.0381821377746881,1
0.0151137596001141,336263101.00415564,19.443394477388345,0.0041314490249638,1
0.0115708310846177,363365559.33015335,32.33658037344273,0.0221411460974931,1
0.0,98369017.0655682,5.464770813849345,0.0442080543580664,1
0.0055048053062557,49407350.53514688,16.86898621524515,0.0611084771849065,1
0.0048570857555021,265553363.54756945,36.795285166421166,0.0162442770158016,1
0.0265906183779709,274595099.8253695,41.77887684234365,0.0350754384284635,1
0.0898078407625639,143234834.32703328,41.33726883894121,0.018562670657409,1
0.0111403319505911,317037940.1725224,21.095266726054,0.0543058907401075,1
0.0003003450944657,279092681.100232,33.39270012588856,0.0276313038551931,1
0.0190378527847874,401073818.6114042,41.56467014480057,0.0291878926870212,1
0.0317909941009806,327002628.6358606,37.44526167072922,0.0412779226714354,1
0.0102311630746636,227669440.71351892,36.81713756695509,0.0545324216955229,1
0.0,274060408.47647774,28.72796864829552,0.0537000418333215,1
0.0280176978874143,316522590.7620178,34.47593855073773,0.0422036512260723,1
0.026206000515173,339497108.7899969,15.02984257330226,0.0368769971008156,1
0.0170557527258321,310608150.2749199,45.36313172961807,0.0079722426622186,1
0.0,287628885.0963869,15.721618704725763,0.0245231911556684,1
0.0368062322198011,374772975.664291,30.286240830172872,0.0245396631684763,1
0.0467225324702049,202634978.34734112,17.279961877040705,0.0762068325784982,1
0.0739871067104479,9549704.712933302,31.5647835569965,0.04098349512724,1
0.0,365914145.624668,1.0,0.0350416425221862,1
0.0092632968583589,263457940.3684145,25.968175747344716,0.0611891089348857,1
0.050706536946073,251873634.2960353,18.68612218456218,0.0628122754724814,1
0.0654843874153758,162668287.557711,8.829025199242155,0.0394509431216003,1
0.0215351362701771,448879863.094112,36.56246282520368,0.0472160219020009,1
0.0387275296808274,363038831.90733707,39.54867425007299,0.0228092199810962,1
0.0057586444156014,214784407.07613924,31.92232934426239,0.0559082323507048,1
0.0333843065562461,0.0,6.124085387566069,0.0505071219888861,1
0.0,254477932.9691249,16.71157315886292,0.051444641844465,1
0.0500495777872779,109555383.04832886,38.574099770665455,0.0580756583938048,1
0.0276135871572203,200181307.3596612,12.61700146402907,0.0726826452360463,1
0.0287640999963625,224417810.5111448,13.289957885622211,0.0609301072282761,1
0.0030852886203106,197262355.5678015,23.08790252023927,0.0733319418839048,1
0.044703073632689,374924845.6257823,19.451637360629533,0.0,1
0.0039603737068677,119327920.67049287,15.80239450743663,0.0610693568118078,1
0.0054574949281861,108605872.2073996,41.57757866488966,0.0574150158302926,1
0.0612973795320557,258720331.5865392,36.8501501344426,0.0,1
0.0405426954977685,336587361.0709457,39.71536324234431,0.0074362578185268,1
0.0194459130073503,382378685.4975982,14.332267143841028,0.0320757333315472,1
0.0598550221586396,275604071.601784,15.29908481131678,0.0308291827979588,1
0.0172969448293389,225088667.2619225,34.17147205343544,0.0818983023980771,1
0.0108421596620932,193784104.3418764,49.67526031120367,0.006908124824185,1
0.0332031225129675,370144715.53898513,28.40469344271936,0.0437213971155133,1
0.0380927724456442,265834649.9283375,17.65285868262913,0.063288200947081,1
0.0624968853762377,219049576.80049917,8.61937579115128,0.0365223392522124,1
0.0336167675350787,263188335.93542057,6.030334126909676,0.0316206738328606,1
0.0016760847931049,334241369.1683252,12.786516188915469,0.0,1
0.0046080423526069,263338419.4823613,19.02982942416411,0.0620335032045577,1
0.0065138736780078,237822959.692782,32.10812634171574,0.0617045453682988,1
0.0,266139311.76993716,11.73880921123148,0.0,1
0.0366908132868403,223494042.26654744,12.47536955976851,0.0647775285698059,1
0.010587066351869,321374184.08028805,18.11746864541701,0.0262346063291542,1
0.0435623918154242,354947333.0111152,17.222275649037485,0.0068110773876302,1
0.0,380037752.8986409,26.328820340160327,0.0326739358881611,1
0.0234025040097911,320549431.5056026,19.11420067859345,0.0517681403250865,1
0.0440092017904764,330191427.7549176,1.0,0.0,1
0.0089554413156054,378558799.7249819,15.29947935676448,0.0106206555474817,1
0.0156755445851365,319329925.13323724,38.89624111493633,0.0413431775607376,1
0.015057295651499,29003391.27288485,1.0,0.0420627328810687,1
0.0346981348892378,273800685.4890134,37.655624452312296,0.0461366580860549,1
0.0,0.0,47.53037834894702,0.0,1
0.0209729246797102,287465444.9107286,38.878623852391286,0.0550697472977013,1
0.0485902854345857,298322134.9392918,11.44130754445188,0.0292878739765131,1
0.0336736260464118,312549234.10709417,12.128997516493849,0.0509671918002071,1
0.0621454553240156,71496362.54171802,12.660583682477286,0.0546887489271689,1
0.0108656412938337,361527144.5293394,22.82007054759489,0.0353799999478253,1
0.0,40959873.719200335,1.0,0.0211579066183894,1
0.0150816913159651,0.0,42.116867869198586,0.0643507618658235,1
0.0399739309788788,0.0,5.678385924986767,0.0473027375871609,1
0.0409742973645344,403833009.0993602,19.70244175636759,0.0,1
0.0386826702224493,320546884.5790093,8.741987105610969,0.0,1
0.0462385241654619,112153734.44069608,35.02419516333629,0.0719775747193156,1
0.0573209226704617,195873991.58851105,19.59146886676273,0.0631950170582474,1
0.0029207773285384,0.0,36.81506877167657,0.0631553496993075,1
0.0071219133017017,251050500.0256588,41.99735707743401,0.0,1
0.010654983075498,313044008.27745867,35.56047505083946,0.0034929410495338,1
0.0143413086262814,0.0,1.3946918778681194,0.0408398356597521,1
0.0104709735597981,0.0,1.0,0.0277079157548684,1
0.0651728995550169,94543051.82797278,26.159864967129124,0.0509271990535572,1
0.0544229550068525,300084766.9916959,31.561499808590625,0.0250049068050012,1
0.0254656511467589,290962796.388198,43.24648972357075,0.0,1
0.0589446447244723,222685909.0369133,3.339354623525608,0.0158789875863524,1
0.0202958437670328,243822386.58768716,15.5113822856822,0.0552012799900836,1
0.0286562287314089,207286972.9759903,12.840351468544108,0.0609205682824781,1
0.05772285681263,228655701.18564704,39.428190281200536,0.0039592312927185,1
0.0243286970198653,318727199.7725846,39.50074178675311,0.0,1
0.0409552061970524,219502508.05038267,32.025771243027066,0.0586953229446341,1
0.0275046770794662,310955498.5946607,28.46201178209812,0.0627296286511338,1
0.0671559105883242,285794462.95399654,16.270968203334167,0.0129985555013181,1
0.0,84933288.89196837,42.2561341557834,0.0386314243402345,1
0.0293586310144405,119864353.52311908,9.976929989811572,0.0613230772403477,1
0.0426288565669897,370175808.0356456,15.506863815196956,0.0338624416311296,1
0.0205118066910009,0.0,12.608263371971104,0.0630430089837556,1
0.0027166215134677,0.0,52.90026191739916,0.0007937566850416,1
0.0388342601406124,0.0,2.117928169999118,0.0442957245522147,1
0.0134942764500723,370845468.7971362,19.979428369654208,0.0,1
0.0541413681048524,36324919.91580822,30.114234421045225,0.0590645462635994,1
0.0205705519737215,134678976.72411752,45.98887974128846,0.0614258071262188,1
0.0725286734005305,31467019.907203563,22.539579623471887,0.06337136257237,1
0.0680834482065249,296913706.6963154,30.637662044161463,0.0144401479264437,1
0.0293812078669637,243807616.9979391,12.681059959893686,0.0614956521915957,1
0.0287829000553241,478598295.88148725,9.623971094270836,0.0,1
0.0539515853780808,277435357.4202293,26.952241828232523,0.0540846855781976,1
0.0225185825667804,9997533.717403635,35.902342537217834,0.0619106671667298,1
0.0282071794444202,4992329.164049372,6.262409655920667,0.0703670565443432,1
0.0,316354809.2809869,32.31475118128532,0.0,1
0.026121909755226,445091645.3921881,30.278748090726168,0.0309643857050701,1
0.0743840157754166,0.0,39.9984597931595,0.0462138405728167,1
0.0503013919988013,34100678.159156166,8.99788657107881,0.0611934895720466,1
0.0540843036869731,305211637.54072976,19.250430332266312,0.0428555565471727,1
0.0503000488972774,320028328.0437038,23.157807073432217,0.0448644418263722,1
0.0075669691741708,219406556.2190379,24.687510606888903,0.0621450743153068,1
0.0366371860799143,336866140.64796007,36.61755427073358,0.0143381048329795,1
0.0206463478704571,0.0,14.498651987457649,0.0716999306590099,1
0.0289017471692222,152553696.79990894,4.183765247452815,0.074460718624074,1
0.0132307116278543,344519216.2049937,16.200276074513113,0.0028660294441768,1
0.051003248089872,361430330.5785378,10.640341617525213,0.016371623741197,1
4.304143294574236e-06,278759076.0931537,13.61792279243864,0.0152352267354088,1
0.0524199522823344,278381613.1157924,19.19917755198099,0.0597928525394051,1
0.0294666693099157,150432006.18428278,41.450070524352526,0.0535701708380247,1
0.0766583042750386,135686641.61795565,27.176482481111982,0.0552947585797801,1
0.0011195247756425,7509142.290256515,14.144075741829855,0.0632423382654192,1
0.0562424175416679,239454931.5428819,17.435414411569177,0.0585476962271016,1
0.0331638328661513,351088178.6318706,40.49317636585022,0.0292986243135968,1
0.0,0.0,27.68070703547136,0.0589319841520274,1
0.0583159345525341,229336059.79768205,12.984820448512174,0.0479196940880696,1
0.0113013539841522,340716935.55004287,25.496100572873974,0.0477878206426909,1
0.0736858889904215,0.0,26.55062726035576,0.0511749767201612,1
0.0582775454896353,232615846.1964651,34.18234949252035,0.0426767365111947,1
0.0178194885388572,157036325.95073202,41.64856824983424,0.061175484561734,1
0.0354961214020702,364712063.3702336,35.48788562870642,0.0307880245839927,1
0.0305175767271159,301811592.970734,1.0,0.040394559982583,1
0.0804918548766166,311597313.4817997,15.893048566543513,0.0249040744007829,1
0.03297285140622,283167688.84358275,23.117339557678445,0.0671050750522153,1
0.0474350722002921,0.0,13.170868358974904,0.0604113155287501,1
0.063167225036335,141557224.81751126,10.629346809512183,0.0425078557930736,1
0.0231336149331923,316202156.8213453,34.941999064348,0.0498279834405515,1
0.0333286556062569,153385421.8488297,38.219285496437806,0.072707833617379,1
0.0673845398500862,27351883.93619874,13.720967561531726,0.0454187837151601,1
0.0515426230660191,298643873.83707744,9.93182377274459,0.0478169670067167,1
0.0653670209285308,218009261.89148307,29.223275662762347,0.0293108566393837,1
0.0363490500474291,201393263.1400896,40.79821784481455,0.0518670376678962,1
0.052283514962598,245194337.5159403,34.8502577037634,0.0495420209367659,1
0.0228359751938462,408262189.0669906,15.535179753941586,0.0,1
0.0348614342939866,95170550.1311236,2.411709310463888,0.0478611179822853,1
0.0,185932950.4898735,42.080736856901495,0.0051737731656197,1
0.0116659690291316,332455028.18969023,17.700486151127716,0.0306180882372858,1
0.0516429318873871,193535450.0493476,38.55704395623755,0.048064994482134,1
0.0446968615113454,195598656.79929805,4.757333680588797,0.0520784600667003,1
0.0540184337959609,0.0,4.938456087794407,0.0348000015561238,1
0.0374974789587544,373628741.3617964,18.4509643843028,0.0234257340304927,1
0.0345616848894492,23560324.85127905,10.515618294788146,0.0584166377426466,1
0.0469518759820239,297375429.45136493,32.91684677982626,0.0632130099544996,1
0.0176482351378303,217839346.4759667,46.97750076003142,0.0393471737940541,1
0.038185910141544,356825110.1525605,12.042383354248734,0.0355621952807713,1
0.0567979610377865,380687417.6467532,26.27772833271719,0.0,1
0.0160173092361898,179601083.30832928,7.3672407760326735,0.0686511112359045,1
0.0469545078390037,215033783.70688412,44.53078922746478,0.0445491227180843,1
0.0577199211365597,232810409.87432772,36.35306362240732,0.0613660660601795,1
0.0409263897661385,360371465.71884906,24.232117607291656,0.0371294855777911,1
0.0630567573136683,262135488.6981468,28.926364838255832,0.0414768633378537,1
0.0325687176477864,269353395.2567268,35.18474539386281,0.0594869136234678,1
0.0,168814359.4546337,35.0821942716325,0.0592220569051855,1
0.0522006774514549,0.0,26.04413129440992,0.063278961171999,1
0.0,361748295.5851464,12.857415804383626,0.0374128524783396,1
0.0172529565504743,20390058.907929584,43.77318874338911,0.0491133698779425,1
0.0288427625475914,359102705.65450394,11.822593142410463,0.0307486458706775,1
0.0217860777164286,236418806.5798296,28.69908567804532,0.0691017060303549,1
0.0486751941124478,21369245.07454794,10.062653848355287,0.0569524724413822,1
0.0381486737810695,175723846.21865255,30.898009918582243,0.0841552401309307,1
0.0363862055429111,190362855.18665373,5.764266907044096,0.0502303527086477,1
0.0,273777699.3872117,33.37627821820966,0.0,1
0.0550487537517414,371009170.15942526,12.943557549313793,0.0431236635945231,1
0.0430444320763367,292624674.3923809,13.14238820149143,0.0338481836729042,1
0.0412509054317091,80515090.87051027,38.74846643827687,0.0699127753097628,1
0.0289722116768702,272409839.309992,1.0867222590503616,0.0019766875665666,1
0.053689038101727,352957618.8671603,20.713542255080203,0.0,1
0.0582793400460511,0.0,4.573033344864033,0.0039361602542927,1
0.0321597713379483,334645990.88552487,24.779274259695647,0.0554676525274469,1
0.0640979785646776,289649918.78045994,28.312508526553103,0.027589260269242,1
0.0188599898423561,338493782.4825951,30.27254322052346,0.0023205453211127,1
0.0196575521779441,203296520.93391585,38.47614853395555,0.0540071319873301,1
0.0499134671915967,0.0,44.72698368498793,0.0461785243553482,1
0.0042451453294549,22950926.060617074,34.21359240559855,0.0603979161211417,1
0.054584619827574,0.0,28.224997630286047,0.0642350537321659,1
0.0087646654128884,12163157.891763762,1.0,0.0002451171351127,1
0.0231569022629948,110607748.4765735,39.06893479692841,0.0583764481556599,1
0.0380161584807719,347057106.18129766,35.040635250876626,0.0030527026650881,1
3.7453853916350616e-05,107940719.80895926,41.088360559011,0.0369790110501059,1
0.039220322531851,103630239.06826758,38.30306081297209,0.0713657176515426,1
0.0544680294012011,307110773.55520403,30.00919053034169,0.0090497239307787,1
0.0706002702085044,172393638.3825769,33.064915536546906,0.0378417671347617,1
0.0140533277228854,336562987.1771647,34.09231140639574,0.0346094248684062,1
0.023244180512111,287462973.52786565,14.35274584669038,0.055817184234276,1
0.0220690324174672,268739867.71509445,18.11161458600531,0.0596011998399763,1
0.0165876393077176,68110711.21394418,38.93074133987776,0.0598263879511361,1
0.040657494781861,356355743.3290082,11.567161377915468,0.0372174295212184,1
0.0084077356230875,224284938.3815125,6.196217583262161,0.0,1
0.0266377821662226,346290240.41862416,8.200329662690077,0.0,1
0.053493095310851,318673514.49829984,26.604893678740343,0.0016836639991233,1
0.0044929778576388,343364131.78273565,34.00328679844516,0.0068186906801515,1
0.0274776489353204,376642262.0560609,13.141250778973887,0.0247785988030342,1
0.0056853040186637,184755671.53113645,8.822582348592023,0.0444945908898483,1
0.0720287253188525,318281565.8655838,7.48137012394416,0.0135397289200965,1
0.0333706588178603,209176650.21250564,46.3001846834268,0.0722911132360828,1
0.0515599316265154,343402305.73171675,30.05428487691168,0.0,1
0.0553243949987505,163810481.37672347,31.653504866993384,0.0542946487394862,1
0.0001685970967957,0.0,50.81870179177406,0.0,1
0.0090586782570975,327963287.08825696,29.13658845955386,0.022314383007291,1
0.0568495312993672,3718772.967981756,5.839805591147961,0.0049589635131126,1
0.0577737507280629,313385314.66077936,22.3072330751903,0.014865632235651,1
0.0437360464467712,281650033.8669499,12.97739692205549,0.0488957272139924,1
0.0088923054201494,0.0,4.1731383857531625,0.0435674850936248,1
0.0031669025657943,195605476.3054629,41.15182929089315,0.0385421299014527,1
0.0,0.0,45.63250044798375,0.0,1
0.0073237003965566,350073317.41072655,24.07083922998635,0.0157468276228963,1
0.009208869159899,324140162.61806536,29.86031984734309,0.0472394133560626,1
0.0128601985977457,84860415.23285379,2.7587270312760523,0.048983629813023,1
0.0612997934708974,229827082.2536345,21.69708096406268,0.0478338223621777,1
0.0240322244283856,261214861.6853256,27.474220940530657,0.0630699649196166,1
0.0643780645773298,53273256.31512935,38.10271195674984,0.0382158398324305,1
0.0137508857818689,358711116.2658172,19.41233582109597,0.0326017461874298,1
0.0342289777489268,274506691.413569,9.964128018136863,0.056249309241129,1
0.0526899990645211,187278567.1137879,2.028093374843248,0.0,1
0.0095414236042908,321184158.9227593,34.66594282992012,0.0559313365495293,1
0.0541081300481305,208645301.96643788,6.2891824946861234,0.0369262207015262,1
0.0130493777826228,262466683.38388535,42.06344721373704,0.0,1
0.0389853108158503,434062778.6530159,26.456910637310127,0.0142905557845326,1
0.0582889414380805,296985567.8250978,30.72283794699076,0.0,1
0.0266736099141095,302555242.3967433,9.71914630479869,0.0382692840755428,1
0.0365818568503361,370929280.689407,35.76075069716654,0.0458141598176816,1
0.0366367212355961,0.0,14.709053678221398,0.0697787108926282,1
0.0606098104612098,269697320.0677394,25.662007060851725,0.0364849167673842,1
0.0143086157483953,381024961.1181921,13.271258999528168,0.0329249351123791,1
0.0004754172498007,304838509.73769474,18.11076659428741,0.0209136768174282,1
0.0388740280191055,275849318.1510323,41.98501535046009,0.0252292675029471,1
0.0351038795619345,18343508.88968502,14.302220859910436,0.0701307885839554,1
0.0005835857459005,197092696.42804235,19.28633610847627,0.0522524380454302,1
0.0332752433353066,359812393.5363778,35.34931078874069,0.0220477905080153,1
0.051608794760552,97072815.77155042,38.43840236709008,0.0539585446651818,1
0.0224064000732314,73339571.30164176,2.41856340696388,0.0588636133418026,1
0.0056087646175567,31664027.18410343,5.383093512660093,0.0399190162365626,1
0.0375264642931449,195877780.3251101,1.0,0.0409700515992536,1
0.0,143697523.34707865,21.812832266573917,0.0575758313262942,1
0.0207608720067836,425229293.72882485,29.82361683685813,0.0089288263526421,1
0.0079652070361776,375273222.9802072,32.406681711635905,0.0257227231354809,1
0.0221403118206463,385159165.5110017,32.5574982303332,0.0,1
0.0314610683240511,285433818.0816814,40.94246908484992,0.0360205271338892,1
0.0296548365788543,199031981.45244345,42.3600056552533,0.0681690321269904,1
0.056927217760231,193074840.08718044,17.296418243502753,0.0493074178741372,1
0.0010377081255274,162538651.27242175,22.12922841631596,0.0559801528429686,1
0.0324604710577228,220786258.91623303,16.413857156954304,0.0727867310476456,1
0.0369991599351037,0.0,11.160705211377666,0.0631842798603434,1
0.0222105644603026,177820420.92571235,46.897956559504905,0.067367376579085,1
0.0161448662269251,331061577.78616595,37.86497760610797,0.0156113422971159,1
0.0051020362646965,269239424.4869406,11.523735254869022,0.0,1
0.0,197678343.3547697,1.0,0.0201661785197388,1
0.0556576863128703,246323176.33186984,38.92012972168344,0.0262546731859189,1
0.0040058647519564,369409244.1027584,28.490657927641948,0.0,1
0.0437973862623703,414427823.4103196,11.148627709686812,0.0465327616941039,1
0.0118453748424145,216352025.8916315,40.04866487296477,0.0525021266009478,1
0.053084102535392,169370113.47982076,11.640662952355823,0.0473234702750434,1
0.0383282311139596,0.0,31.486481265724183,0.0693391820574529,1
0.0194740575235531,0.0,45.81517389237618,0.0548323436999991,1
0.0487992374176683,336424422.0106904,27.29577063180932,0.0134201157676758,1
0.0099987210723513,272693082.59210575,16.41402621009756,0.061538178544769,1
0.0431622692043616,352838452.33904886,14.711719064419531,0.029598657991753,1
0.0,129946130.48349205,22.93002864757144,0.0649708176431377,1
0.0457311247372068,338054529.0096052,32.45027817414006,0.0,1
0.0459671383352671,373087455.7487954,6.905207841133692,0.0063089562888639,1
0.0250277280711626,0.0,35.36360614297473,0.069440085557763,1
0.0168991849293964,0.0,9.37470786755596,0.0693797437541947,1
0.0,277447428.3551474,13.543634458490772,0.030310758107377,1
0.0428649023817086,321672599.4686865,36.10176293152591,0.0693319615620146,1
0.019143290572289,388173176.1428489,30.813770354381177,0.0199851919452432,1
0.0564775001377026,314824190.74378264,27.77795902824033,0.0,1
0.0160585812174787,0.0,6.084348280645315,0.0552233139149084,1
0.0591915332107047,100427851.75923564,10.830107726245432,0.0579496927342808,1
0.0322415359291734,292678425.46961886,25.42017436223213,0.0602854161677683,1
0.0555583666432097,62702283.35107684,43.10088581036042,0.0293098870344603,1
0.0081411692888003,146016295.0539227,18.487575220209667,0.0887405135169692,1
0.0565923914769608,20858555.771412022,41.87415642759588,0.0418924915371253,1
0.0224299749088624,385292026.4286051,33.545641325306576,0.0189824612771004,1
0.0606426269192602,94678441.23574884,5.404715031036268,0.0035489375156883,1
0.0044000495802328,0.0,43.6862594911081,0.041136489859107,1
0.017657318298606,131379350.0944587,34.77167292778505,0.0716389975156953,1
0.0031923916518505,217746242.5377006,4.434346308033678,0.0189649691441085,1
0.0,0.0,41.71861021893847,0.0489271719276467,1
0.0314178810737094,9209951.459146827,34.96318636077368,0.0616818654849637,1
0.0376171230289813,16034099.797156977,34.71738019971064,0.0618581275615704,1
0.0147391048816575,348203380.9581332,29.05050242192173,0.0036857786228316,1
0.0119518840931406,296379256.5068737,25.87296066464324,0.0555230961262569,1
0.0,296935360.5595272,15.24435900410022,0.0115706058146267,1
0.031045186638753,22923644.939227723,52.56105352089537,0.0579002327502001,1
0.0067667738139733,239318856.32033607,24.50247341948055,0.0583289692103954,1
0.0619918556595746,203846422.65230772,10.575537671193278,0.0475956542557142,1
0.0387222165388286,0.0,35.70463267306592,0.0639264938436541,1
0.0528108469721539,0.0,1.787437411950478,0.000259910651359,1
0.0649110745072122,0.0,42.84418133620403,0.0,1
0.0131331894641549,111586900.18536346,35.37266156482328,0.0766101467591529,1
0.0388402141621103,175411186.65359738,1.0,0.0383471778386052,1
0.0,211728081.79545963,18.32179255690193,0.051779648515629,1
0.009565407127866,310186700.34197927,16.467505924152107,0.0476112680130814,1
0.067228270680463,19233313.640375547,19.68316867674289,0.047607404206668,1
0.0379859226934758,336939596.08677423,27.5122021553541,0.0460998432240932,1
0.0652285114787947,213698752.1441028,8.086980524402373,0.0,1
0.0239089810459378,306900436.0669138,39.65974354780093,0.0165901650758992,1
0.0449328462610146,366538194.4014908,31.667743224072087,0.0202437827729897,1
0.0516454887266294,29076689.708332367,36.50375155935788,0.0538942769526359,1
0.0363574781530975,320466051.0413816,16.600371990585227,0.0444725008911748,1
0.0269414571188529,342129765.2417414,34.02299293444027,0.0203009284377867,1
0.014641522875885,326755772.3111719,5.639646568495135,0.0116003754283144,1
0.0577395428696423,5379941.846112952,5.011669870934863,0.0521706143524093,1
0.0137706629274923,0.0,35.063228703219465,0.0609537757398129,1
0.0337921534002633,181896397.5812516,41.02869310217266,0.0645939042013121,1
0.0,229720622.0676168,7.664186735021474,0.0,1
0.0410768880729541,315810713.62884814,18.722750907700544,0.0413907105654601,1
0.0337968158750667,332471517.2372642,12.656466483199951,0.0195226324498485,1
0.052058267780054,315170762.0742301,15.69774369505123,0.0135033356969575,1
0.0232487839168492,340657450.9237349,35.751039426253534,0.0201816889294051,1
0.0421973557006844,233187956.98087928,36.96136102623516,0.0569013327032943,1
0.0348229216167929,84843499.93249099,11.93598801622508,0.0626263404716337,1
0.0267246141773811,212115133.59453052,12.873802390263764,0.0585304702908457,1
0.0271200405579109,385444776.9081259,22.67675679710395,0.0389150527504586,1
0.0097235130325337,0.0,11.114042333429698,0.0548796812946461,1
0.0301685677683341,330896992.4528539,45.83661491807739,0.0,1
0.0264069624978176,411678113.8519585,16.13195204050175,0.0109505795361996,1
0.0178153191174217,335610559.35902417,25.48753742036442,0.0519734205633156,1
0.054014096488183,351182758.1684885,31.57631463201192,0.0181775822319945,1
0.0432209098370756,221986216.77416116,43.02037369697006,0.0377646048844331,1
0.0200788952317772,0.0,36.88870076754114,0.0577434484880763,1
0.0506531186984742,0.0,36.6006513604181,0.0524937308435728,1
0.0,0.0,38.89430155758271,0.0456315668405653,1
0.0421714653810825,19292865.17718599,21.536842306369078,0.0784262067541293,1
0.0413371451398832,0.0,42.13821479653623,0.0534576923376105,1
0.0381434877784136,315964133.6234857,10.342014988029147,0.0230537217527098,1
0.0386182716502245,0.0,11.070707636503844,0.0639903330769364,1
0.016236284616852,314147760.9255087,22.1399662531708,0.0445171945975248,1
0.0520031166198094,69346721.95381363,14.56811546817438,0.0683697773169384,1
0.0,177277881.49257636,13.004998645626271,0.0534815522745148,1
0.0402009448299335,324028562.3964273,8.233407681273356,0.0070812724710439,1
0.0036610777690991,0.0,1.0,0.0421499335510158,1
0.0614632227950301,75204673.7432011,12.037345740902335,0.0689560957587702,1
0.0132434120379039,336561461.9298613,20.971653188173125,0.0194295517332253,1
0.0405848249743608,0.0,12.932105890313982,0.0609983099386559,1
0.0446963780695143,243207582.0583661,27.61867424059378,0.0578176338996081,1
0.0705010531889047,192445680.2361206,40.63605128735827,0.0103713621600346,1
0.0446718585972098,173121212.66522336,11.358077393780428,0.0731520132270264,1
0.0253918654627507,139615161.051179,47.60929292867672,0.0487305238726595,1
0.0511066116982308,103644308.19761434,9.1111288968299,0.0502484664109562,1
0.0562854167861728,203047846.94582596,31.1641009815148,0.0515234517702157,1
0.0106839988748052,254227925.92777595,35.28323429197381,0.0536949567610514,1
0.0513043448946612,7750476.594750181,36.891423815681954,0.0518199047795643,1
0.0415423237307164,0.0,8.343662842479235,0.0581207934468837,1
0.0334036443539161,0.0,41.866886183046816,0.0520159783661998,1
0.0124606478960979,61004992.89994158,37.400079797016325,0.07052306458013,1
0.0548740257609665,0.0,29.26949837603416,0.0869442404389878,1
0.0212807889246607,314392568.3691029,11.57921991748404,0.0397374455416447,1
0.0357825122892821,294603386.34023833,37.23602421623843,0.0553015181861009,1
0.0,0.0,2.2607329816822137,0.0,1
0.0455392610632072,327658660.6702804,36.29286116232964,0.0284003450765561,1
0.0334200634386068,13476664.379901305,15.972368507582418,0.0807658616759172,1
0.0110476955119629,285397095.79388523,17.537441033116334,0.0551738818886933,1
0.0229551239366727,14251861.576874107,3.09554761635874,0.0460701277679196,1
0.0276535640899669,239369740.43270496,15.164837710270485,0.1002006528517341,1
0.0234179755896792,250126461.32757849,1.2881059133161443,0.0371475399048475,1
0.0053926306277688,428148690.1243075,24.36349945408126,0.0153349454545311,1
0.0384363972052217,340238299.9475604,29.65728147746117,0.0352870065650461,1
0.0,174851420.30969685,5.948651054409879,0.0,1
0.0561105651220028,326188272.882172,28.53737673228011,0.0115993445183273,1
0.0232144630283526,260718371.6003613,5.212978588672151,0.0381545378085621,1
0.0375420980979512,382620855.5852891,14.97644253558443,0.0268513390713131,1
0.0043663667899481,183302034.5952494,9.075125781178604,0.0472094266608529,1
0.0187096314574955,306065633.7897495,5.848067775243326,0.0140975823576842,1
0.036367825059798,20098624.765941955,14.898729724293656,0.0856328416173905,1
0.0207804715213464,349679331.5970403,11.281055924083187,0.0023794901622857,1
0.0562638521543238,304726880.0623739,24.136627274925356,0.0436935288077889,1
0.0284312415532461,0.0,39.28338943245601,0.065224432185571,1
0.0009026678949537,0.0,13.542663792173062,0.0626548796281279,1
0.0,346627318.6493962,10.817795376038283,0.0112988077737903,1
0.0380201109443449,59022184.69362709,33.38330779873879,0.0770198995886776,1
0.0496431783898487,322400628.3955755,17.423943546857025,0.0043861552167548,1
0.0301725043394146,327425739.9949086,36.72329877562901,0.0103218358188837,1
0.0240583960406082,308472221.28525496,39.80852431354201,0.0208624398406469,1
0.0555089822300393,232469105.55242887,23.072559259589973,0.0629841001957617,1
0.0323956438818756,0.0,37.76352121671548,0.0597176641884531,1
0.0309790271696236,208855165.90206036,12.095375227654865,0.0608005136694082,1
0.0402831895850396,341467526.75409245,16.012402528967087,0.0155360058194904,1
0.0,0.0,12.516284158586869,0.0470947997380034,1
0.0289256082591232,173998432.92857444,36.94501232817961,0.0617235136684288,1
0.026669061839755,230002094.238282,24.36997564202285,0.0678215449632628,1
0.0559649654956443,0.0,16.6496058096934,0.0681284323465498,1
0.0194028000112135,67019802.175766885,47.73615467160965,0.0609575602501811,1
0.0414527518439154,342290266.40822095,17.480513492925464,0.0,1
0.0417973658444731,293188748.3704237,45.14733779171763,0.0511675181238067,1
0.0480471982690545,29806486.861202236,8.190708547865995,0.0495868098235942,1
0.006348639294318,122798907.49177273,44.90013841893989,0.03321480861183,1
0.0404002684830509,438065660.9131732,21.24580918890953,0.0179396585772335,1
0.0281184006607143,386044967.6650466,28.86738348871097,0.0373219482366933,1
0.054366026809354,155403443.94031158,21.07455245775224,0.063709889985438,1
0.0328964409177403,319268046.9925722,7.010642654371075,0.0,1
0.0621688742017379,245203780.7579908,34.87593422529184,0.0104920364809146,1
0.0282896012359217,301762108.0610224,4.738118846662225,0.039182529616511,1
0.0226239140185745,312567156.8116538,39.47421021598601,0.0068396509692601,1
0.0497432906386061,19358830.47937376,45.83148550876206,0.0339425381328323,1
0.0,258234015.25150976,12.586610109847935,0.0,1
0.0444606725841938,25134370.478195816,6.474221612591528,0.0587513101469778,1
0.0371610742090728,220049988.64896333,26.250768800475782,0.066372893640299,1
0.0115349883207001,291399198.618768,12.571433048805796,0.090873115274568,1
0.0043642484357966,197211577.0310176,21.2200929555756,0.0555911956911265,1
0.0214629528976816,389555642.09689546,34.48654306261099,0.0330267032105079,1
0.0561104553445512,286863031.1551227,37.778159936606194,0.0,1
0.0191851974406663,328275532.5211602,16.12757953100281,0.0466616740867762,1
0.022783858020262,0.0,14.13159687805346,0.0835863893196207,1
0.0659325944407267,0.0,8.323984855379283,0.0,1
0.0147137313318284,116508618.63228658,43.74207771363326,0.0537267258839537,1
0.007583158184144,342498632.1978271,21.6879013591817,0.0087748393986602,1
0.0674174703614695,146913268.35532874,10.262690479942096,0.0044770652441342,1
0.0283038095225979,335669248.7670849,11.805400578911112,0.01536073607738,1
0.057186418449681,344882764.3378158,20.666851100900995,0.0473438110099448,1
0.0479820096130164,214868695.2953366,6.958033797089861,0.0812212959989963,1
0.0,301416287.5023577,18.58970546756261,0.0108742502523429,1
0.0233404525471668,299316059.00090325,13.315591795282486,0.0444294580398633,1
0.0104400480713621,347820263.30634725,19.03238510440628,0.006789572174987,1
0.0123202825595846,343043212.6148841,24.937099318154868,0.0453088782477306,1
0.0057219899245202,313134495.1702682,33.705948862137944,0.0231510145369764,1
0.0179110285826327,364397088.9853612,5.5598123908980455,0.0,1
0.0374069953519237,366938542.91195166,29.47081853276633,0.0484245940152161,1
0.0130473980222591,348498861.65593046,25.30973757918096,0.0281239469745839,1
0.050765704628942,388148531.23497033,24.03302510505396,0.0198994768832358,1
0.0655167046729202,227751885.46943092,14.20340912341353,0.0,1
0.0699904608486015,224424498.09464055,31.82630828840217,0.0334981682093653,1
0.0409376249946252,356487643.01404047,34.716527836993464,0.0151009534898102,1
0.0556712700121246,56327877.36210431,14.937310605264566,0.0690906852632137,1
0.0408083415222079,102813187.65540864,10.608370039398023,0.0621605274910353,1
0.0102241880055094,304094024.8312174,36.67165000113464,0.0574530670280389,1
0.0235531776830863,116165947.53401648,36.984762551800216,0.0682482882074784,1
0.000132257845589,177794271.3542161,27.91971610203832,0.0570972244971666,1
0.0,0.0,40.70133373090293,0.0643515773667357,1
0.0444630578857633,327217551.6177836,35.06717018093147,0.0474325436895488,1
0.0013078174185054,0.0,7.737348651453114,0.0545875533688125,1
0.0341972485951796,327646915.824479,19.081940462462043,0.0519134505646396,1
0.0491355290022972,0.0,25.448764296176574,0.077850603799874,1
0.0096848404006471,0.0,41.085858429357984,0.0603317765821724,1
0.0113504286892557,250182838.93002263,46.3438390607269,0.0144300121229508,1
0.0315448228806762,303527301.64668995,17.632125280139892,0.0649439940077689,1
0.0526893818006888,150501052.70674303,38.23724409989724,0.0523181573636552,1
0.0123708214708813,119024249.95530644,36.75931673087145,0.0580554928748725,1
0.0515252411959283,364886677.0066165,24.218046499875918,0.0,1
0.0351053392433083,281149081.4918324,24.57703699531761,0.0564585579960359,1
0.0252183152398829,332510861.7841245,33.23743583624187,0.0559282280580653,1
0.0164853659647736,0.0,12.628558969332534,0.0671075129702762,1
0.0479107846041168,343459286.0947194,29.460214571015868,0.0109499477918209,1
0.0,157135877.462583,24.10977886968755,0.0628136444062525,1
0.0063962398614829,201572111.14461124,39.69001875990912,0.0564789483062461,1
0.0546688782766162,200635364.9348365,24.734692516221777,0.0624721112273984,1
0.0231581771636242,134006990.5611912,37.25547469065723,0.0650941226732097,1
0.0499658447610984,0.0,23.18405010965258,0.0651291251588092,1
0.0040342888591122,320665979.8710345,22.43597657456726,0.0559469011003952,1
0.0414209235397696,16782776.93530453,33.25051204984629,0.0683399124080058,1
0.0483625363539766,363392379.6586496,17.99804516457053,0.0,1
0.0626663554007118,191058168.35545093,39.46183906802508,0.0,1
0.0659601194353048,167235944.23255256,35.994123676011625,0.0252261409659335,1
0.0002981668242665,239069363.94581187,18.540648153469007,0.0641711231708256,1
0.0602180160247174,0.0,10.23016328346297,0.053094428352442,1
0.0,141178007.94789422,3.8254653183191607,0.0,1
0.054919320732298,108673357.19677997,10.033162401847637,0.0523325659940885,1
0.0478830441174941,301119820.91189826,26.124092320848305,0.0450389948478693,1
0.0237764640071043,370517880.6678597,5.166492185773102,0.0102793254525239,1
0.027093536210639,0.0,38.18546820600712,0.0754712397026195,1
0.0558259415577333,149267404.49262196,32.47171112750134,0.0705546419628969,1
0.0517807093669577,0.0,13.716686154968947,0.0613120689565609,1
0.052120673790472,127359756.07167137,39.4226919714676,0.0586116533434924,1
0.066894419519328,157337405.83224344,14.677678040423228,0.0739073916754226,1
0.0535759348063715,265732637.3672569,36.44226318754728,0.0239484781244177,1
0.053924185972581,130412331.17121296,37.606038231802735,0.0535139389052216,1
0.0613998417500925,281082168.4690244,15.330905000527183,0.0,1
0.0167675812360762,248929038.9632936,34.87201448187558,0.058823624542743,1
0.0430666854395772,0.0,19.156456306356223,0.0955767213488086,1
0.0360740556847028,0.0,7.164804907475062,0.07334973620829,1
0.0502708077383264,391444627.03643215,26.698813124055263,0.0095299896290694,1
0.006317977809919,0.0,11.910913045900072,0.0557600569629199,1
0.0352536380169159,52208597.84402329,11.16198821833386,0.0671607502535519,1
0.0274940739330063,128043898.83538884,35.43491106136761,0.0650477476224725,1
0.0409656930793532,104912993.4399262,33.21550525922406,0.0764012357169932,1
0.0322352977471089,51698815.71355557,3.5451934291995144,0.0563503277047442,1
0.0620602592320799,0.0,42.28495158735403,0.024982558631846,1
0.0275042497570129,361921984.1141032,20.78839702296927,0.0443650082155536,1
0.0066394004390187,336661424.2120602,39.226362694345454,0.0137371509751385,1
0.0330759525063685,326344028.0019947,23.12507353737368,0.0539864796365631,1
0.0212310198047755,377620146.12365913,20.151297153106835,0.0194899228010007,1
0.0511525240460339,167814340.35903463,20.091097928908724,0.0650737961546103,1
0.0674145644780293,195473502.07077283,30.96353680588838,0.0502851711767168,1
0.0188387398487332,355560372.3491299,32.027713172664264,0.0100088767180122,1
0.025696179592112,353325067.1761575,33.5356113092525,0.0094528785565553,1
0.0203319922513409,352171010.8232366,8.127545887343281,0.0341282768869172,1
0.0076731517107442,14824611.6655161,37.06887477310807,0.051985426419688,1
0.032175738457942,0.0,38.05736100898574,0.0588124560840561,1
0.0435264792633877,70017788.07263394,4.400900364483942,0.0484259743426666,1
0.0449082406019678,332782547.9154595,16.401349758109983,0.0309009781176973,1
0.0018834138235482,92583960.57672969,19.195744633620546,0.0624580170573476,1
0.0364464378055762,350629246.02745867,9.301714790947198,0.0190305077532484,1
0.0625734080696743,248909543.30663005,5.892612696140386,0.0500455762584633,1
0.0185328288921271,351000149.3957342,33.53706238646022,0.006040984382817,1
0.0202278184168291,451408527.6302405,23.42992977919046,0.0328101353538606,1
0.0440920575676198,0.0,45.31487365713015,0.0519325091271618,1
0.0437536319578505,255279994.0965018,37.622469986926056,0.0452296113024969,1
0.072083849021102,93389242.86617216,37.671362870135134,0.0494665451660365,1
0.0176635728038679,371122285.6307366,26.050660184458827,0.0447128006552464,1
0.0379336555820137,211470714.3027128,30.683551467475045,0.0669545263377549,1
0.0624395217798714,156599163.84903678,5.915409320323263,0.0,1
0.0163835332545148,246091687.54687792,34.44419289718124,0.055744156506925,1
0.0231256293186138,344465629.23244154,27.118755238870172,0.0397067643301287,1
0.0629510528985206,236141052.46225265,34.411741748701694,0.0034804193218251,1
0.0117196128409175,164800496.6542431,35.59651011563681,0.0724217115767461,1
0.0298330560403264,0.0,52.380985811991536,0.0583456351576721,1
0.0517245454682264,221743457.7392209,5.5099847546485385,0.0,1
0.0600535949076297,76112304.8636592,7.068567550567991,0.0309097870608181,1
0.0038523407606372,0.0,33.60471514426382,0.071746018723209,1
0.0,257054146.58812585,11.363342092483284,0.0362890758439528,1
0.0169244891875795,337325294.5062292,37.78270892647667,0.0,1
0.0520320735329795,18931193.22688982,25.329626295258272,0.0643315033763063,1
0.0252740863557421,249383634.69074625,17.541647761581764,0.0576643026915849,1
0.0550919023888427,3231617.687435478,23.82043325345398,0.0760651299767785,1
0.0204275179254408,365442158.8630714,35.983748122810994,0.0230288428141187,1
0.0247407087035421,407580260.6582074,10.884472707762658,0.0,1
0.0237339325789867,276760944.9162818,2.7761683885126907,0.010407644693812,1
0.063083160034059,164748793.10005233,36.87097360762089,0.0416179103401961,1
0.0040449608512591,237555014.79941168,1.0,0.0220099825101048,1
0.0492697349250111,450877535.9574934,25.830044887381565,0.0686978756347292,1
0.037504339708485,122604568.33305264,7.027957699256056,0.0541063668071819,1
0.0268056927690452,56081993.31026167,42.54951056219073,0.0631953885503589,1
0.0324498148357469,343268429.3361802,14.227235949026154,0.0295373616987974,1
0.0375491426789395,222314908.1106634,12.3371633377871,0.0515893098697441,1
0.0130223818169462,147468356.782849,34.771407512379376,0.0902469248244987,1
0.0085366516673945,335628372.3548183,25.77652058530168,0.0256827612336951,1
0.0111746721387906,307014433.1922576,21.70464374925194,0.0542144028106242,1
0.0,76888559.68993947,38.10578332059596,0.0606239570865653,1
0.0056887409063824,164395340.21010953,9.803764111336166,0.0588385554954053,1
0.0180956432427488,340078662.41515577,5.747172710157962,0.0161759975360407,1
0.0131473395390339,296773375.48958445,38.26513429538054,0.0645335902477009,1
0.0208962440970929,209799782.5018901,16.961801683278875,0.066294474309757,1
0.0068284091555778,104030413.78838396,14.888677708198156,0.0611715074865651,1
0.055338252814719,19917354.31671969,21.57086775408728,0.0751959321482472,1
0.0112016372348928,427955652.3737385,26.98460889024947,0.0,1
0.0075869237044271,329487580.8949568,21.43786832260978,0.009289294368402,1
0.0259705319222839,25702796.15833053,3.876663723565958,0.0542945255138848,1
0.0040538276565102,49370822.55120028,12.817279736345974,0.0736825241648634,1
0.0345747649891875,268150989.92426005,4.469376506334637,0.0744693782759435,1
0.0079071345374849,0.0,13.391402982458802,0.0628885092445827,1
0.0192702272461116,327580053.0121336,9.055711027338642,0.0315017178022734,1
0.0077494905747252,316148368.100857,31.112467733159967,0.047283676767023,1
0.0264468496038736,46976347.88888879,12.884377390455787,0.067101066556572,1
0.0149836506686248,339772852.76867294,36.84301016042888,0.0469515873565156,1
0.0303568212171143,434344001.6490852,30.6482893667052,0.0108477064734343,1
0.0133497866952328,192913120.09204575,38.23586492222736,0.0583651317253804,1
0.0003985618794826,0.0,14.641061931578184,0.0534708583942584,1
0.0,0.0,30.181890945572786,0.0616063299036864,1
0.0,39856591.64780928,32.11630887834185,0.0544779269390243,1
0.0233967273189991,218036379.54919627,35.48394062388476,0.0784640290382484,1
0.0569981299654721,407052320.955081,28.008929386778146,0.0,1
0.0482266851889282,372272809.4995605,29.030838528197005,0.004839977368326,1
0.0593345470395829,266612463.48024,13.216089931732672,0.0,1
0.0074321490149585,189099994.55920783,14.680331683051474,0.0625202456888508,1
0.0113189935804494,177405472.2942227,49.74165781966271,0.0484077900571233,1
0.0,94209532.33493796,41.24346444684189,0.0507176331588374,1
0.0071878320660237,0.0,55.748115927546486,0.0444289119634913,1
0.0366256410183666,365899464.9872664,35.83306303313478,0.0125928243702116,1
0.0170801226903969,361627150.3439642,27.01112168199918,0.0166576654435861,1
0.0620593742211307,9433922.279996082,46.59502017731215,6.037696414358529e-05,1
0.0295547534050223,266936201.53015333,6.641429379687359,0.0355479396910645,1
0.0096376014063839,78430165.91438267,34.8087218434544,0.0591198595144774,1
0.0526301098107353,270786121.3700339,37.6522109304776,0.0,1
0.0535462404413796,234695854.08958948,41.20800108140155,0.0177179547204172,1
0.0196744351424624,419597322.0256877,16.621425779463273,0.020726104475755,1
0.0570728674670242,212181218.31564623,12.297679328133798,0.049300545430695,1
0.0133037529837638,99493301.31393458,10.754298518269344,0.0631146251148565,1
0.0585037351130581,297871428.8579823,21.918827737779296,0.0023764564511209,1
0.0165388525811785,346187982.99585,32.05285052548905,0.0,1
0.0521309543838491,257925901.3678133,37.17644566945136,0.0401880062364606,1
0.0485697033035504,33709621.72492272,40.357749855849136,0.0567495611251501,1
0.0173288297494908,126189806.4757922,42.43600959304587,0.0559330052623872,1
0.0303940226892764,384925904.5604912,17.932444708666353,0.0217896759760828,1
0.0369389289670263,156053784.01621085,10.043755371167451,0.0583922909634243,1
0.0535590432126895,277236727.2186316,11.249077251550588,0.0243982001853819,1
0.041677727419589,210684762.67341304,41.178023024871,0.0461617414081231,1
0.0546159148562909,112596076.43166187,31.97261504386906,0.0718865947042425,1
0.0032371250778078,341067994.78777456,11.278985737715058,0.0132328512998381,1
0.0127666875736605,287325007.3163072,38.07063420718653,0.0026354478104169,1
0.024551095433422,298416096.00177926,26.364706631724623,0.0631916552987489,1
0.003204381497512,190641012.764934,12.05906981502,0.0459673405555143,1
0.045529744743527,354645620.0285913,10.42816553185597,0.006652330746541,1
0.0339239261625117,445191382.2367301,33.74580329445112,0.0021852260089077,1
0.0318186141814595,292046216.3140149,20.73927510494637,0.0581186536649304,1
0.0442507231718774,224362457.02897823,30.60954946773229,0.0557734130520888,1
0.0534183579043415,365106618.5708285,27.712780954918067,0.0,1
0.0119839490560599,37594034.10874583,1.0,0.0502370934034001,1
0.0337684726003793,20363893.50590949,13.16667145275623,0.0668457224254878,1
0.0008524248060375,198755606.0095277,3.453457264737345,0.0,1
0.0157199364299569,266277536.72543845,35.0905165759701,0.052182602863775,1
0.0273928796557619,332049072.06070507,37.984957082846975,0.0,1
0.0390918121505966,286178000.9278902,26.63529588277981,0.0667184530522943,1
0.0,251312630.13290715,36.03279516116425,0.0452145043468931,1
0.0352669211219567,119687828.55210207,39.44889831730129,0.0566764678652598,1
0.0425562253908088,0.0,39.800592278457856,0.0604956485945396,1
0.0320683967288624,328813003.0438662,10.307850854443696,0.0,1
0.0320828694471329,368690079.0482189,29.30838559356065,0.0455943213176343,1
0.0525368659557372,316176268.2711586,18.324792071693537,0.0439989760111454,1
0.0256076354471697,302867799.1572896,30.692039933961127,0.0531511205171693,1
0.0,0.0,5.198604086972722,0.0094051069825588,1
0.0046714397525478,19077783.733083487,21.98878311257215,0.0616818652614496,1
0.0252801405434755,116265869.74896482,6.431196780925284,0.0531101884310144,1
0.0312828121274331,195394690.58800143,15.626709631495274,0.0707992801423681,1
0.0097784270827583,256576094.4408984,40.69367702711476,0.0367015552994117,1
0.0233794259439852,179331165.45513892,12.75623247944253,0.06930786546278,1
0.0303489591454086,389581713.9032069,20.112561500811672,0.0205914683341121,1
0.0461964125137929,0.0,13.70934248183187,0.0594094202407564,1
0.0189531365838636,276952748.9682474,46.941505113616245,0.0052826902238427,1
0.0254544913536137,325978204.23990554,30.12805563520916,0.043958935306122,1
0.0048737410856674,371437981.3794386,36.70182825988976,0.0266452912133703,1
0.0490349075068125,231105645.1549057,3.1052937053166865,0.0282639098878921,1
0.0136851739755946,241924239.9875534,18.37546603414112,0.0552780348974926,1
0.0359000787543105,297400882.2474967,6.063326932380363,0.0,1
0.057480361421714,307082122.9112277,19.835865010122745,0.0080348119912319,1
0.0026836620655394,156465066.7570402,34.693960361115465,0.0591823912892755,1
0.0482556180210065,174700069.60699484,8.915850888295056,0.0541094154793572,1
0.0100494643020217,153370802.09785855,5.924753201675987,0.0426001259751011,1
0.0138434774488879,374930377.6972406,34.723714326787785,0.01441415375413,1
0.0099270749320697,354005989.1801292,13.965632994579243,0.0058763709388929,1
0.0547866577237422,269782425.9475821,27.706261335711687,0.0520579708172894,1
0.0,104095571.06910716,25.17346241607532,0.0635758529442607,1
0.0248325067430141,77122882.68008737,34.31360872330292,0.0883607334505889,1
0.0286606363028797,395095468.4187133,35.227187377390315,0.0066034505401822,1
0.0179434536403825,0.0,32.783041588895244,0.0714050991547136,1
0.0271152257263116,0.0,35.39336454490505,0.0742866322666608,1
0.0,369515770.704214,36.02399732433365,0.0,1
0.036644882882804,243417661.14642796,30.64357424497412,0.0665069916723176,1
0.0121474905612531,0.0,3.7831433066159583,0.0361992557414936,1
0.0437650312518052,121448751.1012474,11.474702285871247,0.0584284092344769,1
0.0568369621352528,0.0,2.551387938264213,0.0054562714771654,1
0.0210328319879185,50396641.05176584,1.0,0.0494953023842909,1
0.0527614765257536,137344403.73424816,32.74601659949932,0.0571908208699686,1
0.0539090946836342,0.0,30.71845980493869,0.059513305231962,1
0.0295249292419096,139672767.0259748,42.10998331233159,0.067616029280408,1
0.0445037697272328,275440698.3231553,14.6513284370729,0.0480769704489475,1
0.0634540662088729,307443598.2667961,7.291587298679694,0.0,1
0.0435014699083872,346514516.4363526,32.463476194145365,0.0,1
0.0122905804555256,5308948.90089345,3.989437209256572,0.0569182979857395,1
0.0427953439556215,202039193.1170372,35.42331775651341,0.0633385830977241,1
0.011970408282019,370065722.4104885,18.419566484543253,0.0098291596338879,1
0.0385763912432413,342553310.2777832,33.72258852941905,0.0244568500131083,1
0.0526320895357284,245174553.94173232,20.963797271737363,0.0566438674310412,1
0.0121504379011807,326020750.77093613,19.96754709247892,0.0487235983064251,1
0.0044664505250998,298403129.53676844,27.757612985872026,0.0465798821586547,1
0.0197490244848584,1776351.3086613717,5.73607624766527,0.0625788239854048,1
0.0327698452755736,363204641.807554,19.590326830210365,0.0468358079498616,1
0.0278117883813793,336477321.5229995,35.884208607518616,0.0044759501619088,1
0.0043098961151136,260953048.89070392,17.809527841088105,0.0441408997035776,1
0.0097080300401796,132066321.77009538,9.825186477981736,0.0530105148589327,1
0.0444185508226624,14907716.615638256,41.768704072844,0.0504492858703047,1
0.0186078234870639,131871248.53526208,9.52307648708519,0.0614477840743962,1
0.0182128265823969,424599623.88301504,29.13406793044629,0.0265613658263026,1
0.0283627810238576,413910874.2371979,28.342410826197703,0.0167656019252403,1
0.014228218712564,389249405.0492424,22.32014366070341,0.0388613463865074,1
0.0507726500743411,334707867.17651343,12.143113958537391,0.0,1
0.0369397288780032,0.0,49.16133694020861,0.0505387945498711,1
0.0329903005638568,337277996.26155853,9.202007059709178,0.0033176648893135,1
0.0016271898041081,272574926.2606132,6.757369264947666,0.0,1
0.0,0.0,20.65087781532568,0.062894242531765,1
0.0288093506804014,312005405.2650404,43.12757176168881,0.0,1
0.0306509121787927,279839484.51414096,9.442163186939675,0.0345156949072572,1
0.0638733009657716,61228952.20718826,1.650321255487622,0.0599761112046004,1
0.0459416064392879,340645687.3223995,35.600411563358705,0.0120764964715577,1
0.0497868820838943,273832382.4812968,9.69088453486677,0.0461795057442522,1
0.0086332137258378,385792478.45846176,29.930428657930868,0.0155578375114103,1
0.0287348191536176,212238448.9700424,40.279559486837016,0.0519837962269724,1
0.0,117579978.99069951,7.883570144608143,0.0442142392760568,1
0.060738337833014,246730569.9175368,27.694989254239733,0.0345285236098212,1
0.0601044816112374,274221101.6480778,5.40669695188398,0.0535757037372631,1
0.0151137193821559,242724829.4015426,33.9125394246531,0.0583805911047453,1
0.0154783109902722,0.0,8.18918989396889,0.0534892441065598,1
0.0521805349580399,273936814.72564334,4.090540926869352,0.0391174761719244,1
0.0,271468367.96865594,28.97975014808633,0.0519719093017048,1
0.0589437861888874,21637601.134580344,22.80338457928482,0.0736859219417399,1
0.0312490142220843,134253651.2458788,1.6240801977624422,0.052685483287824,1
0.0175495762331864,329339347.6114116,9.752377543059762,0.008936887696969,1
0.0323893232893866,454951932.1593176,41.47324751763061,0.0304587577735797,1
0.0371583587530352,230533206.40112504,3.96758207973166,0.0486003726104514,1
0.0150312511385604,200580136.0199638,10.168290933382552,0.0523386860341954,1
0.0154545249392876,281278146.84881663,28.01268746083224,0.0554859672967756,1
0.0029816261388859,113631038.06784418,40.64254283509422,0.0441983901110769,1
0.0640637400950267,0.0,44.68913730133576,0.03132102183544,1
0.045020479491655,399168076.50592303,12.391870201062073,0.0677271198156245,1
0.0619950514455044,121160382.31486654,38.37975328859185,0.0466077164686828,1
0.0445573103400968,341032207.2189659,36.1658135063584,0.0343469762020239,1
0.0318209044696508,315168109.5237781,24.322157809397343,0.0585849860820722,1
0.0179942838261095,213494280.21706283,5.829707809873089,0.0518533319834712,1
0.0098174962171036,318415190.10333955,20.70085207105649,0.0381330925003914,1
0.0336951607573347,126066928.86513866,2.948287151529275,0.0666365479806367,1
0.0267390470495983,239492204.1918501,11.587840932173124,0.0563363790437455,1
0.0043513150575461,316785541.52657545,18.499497179982075,0.0148330799684744,1
0.0256420312426281,478594996.0201701,33.646704814964025,0.0076708417094675,1
0.0436578561221529,50727683.3453464,1.0,0.0644649615452104,1
0.0539556678593705,199316255.51200807,3.213293925085772,0.0,1
0.0577484007058968,332853600.6034158,13.378256079305158,0.0,1
0.0151567752519666,42262594.51535343,33.619183738779576,0.0685838611256071,1
0.0031748496320286,0.0,28.577783401428945,0.0646273816799468,1
0.0199940207594311,307563322.040415,28.19667794175062,0.0724509728827434,1
0.0574899888785474,211030093.1857893,27.676697178143318,0.0499469508053473,1
0.0732693270947995,39426271.94948045,35.21574957536004,0.0457079682342643,1
0.0562181815317263,152082233.45833105,4.850408050442329,0.0590534257227907,1
0.0493608541010827,198091388.74092463,4.612062245292854,0.0556954137074507,1
0.0304070347056692,106825687.05219008,38.40777885852437,0.066553773020518,1
0.0059443806886618,282612191.4238191,20.30252188139577,0.0458296536834606,1
0.0560306928392897,265155587.69527096,19.43728690521269,0.0502839581509989,1
0.0595096176576757,299878000.02671754,28.76414222491797,0.0,1
0.032024418916781,186230309.56295732,34.96122197488041,0.0621280683525341,1
0.0157309510392621,388035047.15442586,19.23479409037149,0.0011831930201144,1
0.0209515528650336,315668242.1106864,18.749253745813757,0.0417900412818315,1
0.0429176158534668,44870847.09830903,5.787640080083694,0.0423320015364103,1
0.0279579023645336,338946503.2339244,23.64598550285229,0.0527165728407998,1
0.0255391458453681,228331606.875114,12.79344251681576,0.0626934597870426,1
0.0646558446486438,0.0,9.41223812941585,0.0,1
0.0549258403199332,347460776.0139108,28.5422395182936,0.0402431068098231,1
0.0459708631550999,334048956.25753057,8.44744181997697,0.0346902923319283,1
0.0109025210039601,157052664.55470037,35.8628607516882,0.0685845285273532,1
0.029765329993081,330491639.40319616,37.020416462906574,0.0013254677347353,1
0.0414639897416339,361381486.18134177,9.384820002874562,0.0,1
0.0,0.0,26.06061860819049,0.060390920221527,1
0.0186849586006637,325476320.8975712,10.933558691830177,0.0172976992420945,1
0.0,11133041.570910051,26.67971463888057,0.0618363359148458,1
0.007490728784395,341468262.29009074,21.38745968626821,0.0038579445305696,1
0.006588362257796,292991637.7246845,22.72922040568354,0.0482216641246836,1
0.0531530570504864,101960760.97965756,6.581728847619374,0.0416671294281518,1
0.0193402308190807,248860314.61712196,24.206779127572528,0.0713711399877018,1
0.0107773132308898,263683691.2507676,26.080260656532158,0.0609964944322894,1
0.0440779842567952,343607412.0038592,22.131008939890386,0.0331789481542919,1
0.0314131201526322,319841096.5552311,38.25101980434369,0.0215258492409808,1
0.0560793267238717,0.0,45.90660382888784,0.0149842143009642,1
0.0105633945867728,161490413.7424587,9.21416080264241,0.0524323211357014,1
0.0355973805491648,312667469.9038072,7.236311989612595,0.0,1
0.0633446973429409,74414506.56866251,41.48377781533036,0.0,1
0.0129462820491728,368444758.16642857,29.630721607438865,0.0388596917875676,1
0.0582015599337846,187418831.2027997,29.654765501413618,0.0664187112942142,1
0.0,30141335.793040223,19.917126540890013,0.0600381179706713,1
0.0129381545849234,312489097.2127607,16.97308224399363,0.0354607663832621,1
0.0,43004730.17238352,11.750284920287497,0.0593808542553797,1
0.017855452021592,340767421.5095296,31.25553330753975,0.0158986800012271,1
0.0,109013611.45328334,2.864391218838904,0.0,1
0.029603489721567,0.0,37.24017163337257,0.0648796157397567,1
0.0346717999342109,0.0,34.19779626087729,0.0651618015561174,1
0.038183026488908,234860521.4379238,2.348056498528994,0.0352301463081117,1
0.02078237052094,188785431.18264872,14.974073357132376,0.0684107254510997,1
0.0141210032753786,255244794.53633684,33.20951228107309,0.0514379826116627,1
0.040910475838713,363095192.75062025,32.5276437719737,0.0108842700741166,1
0.0643373308138673,34998605.57857618,5.970577386579343,0.0,1
0.0620919813659733,0.0,26.40587540901104,0.0660708531044587,1
0.0357659535668525,377826561.4225774,20.237537594572427,0.0031468910473791,1
1.3860212562527563e-06,26679393.19284118,2.92943010427744,0.0062250333291079,1
0.0214654149929465,314706160.65002906,20.970236174603134,0.0567872839636398,1
0.0307281788872043,18930345.728062894,10.136591655679208,0.0591253085365467,1
0.0227348415512444,413085121.65881336,20.91621490031068,0.0457726512355952,1
0.018742407364995,399489281.8890859,3.799311051359013,0.0003843687655928,1
0.0,55064428.34595406,30.11430897551917,0.0660198676649127,1
0.0090969247488098,0.0,6.589069432427948,0.0453638994982396,1
0.062622103695064,0.0,11.363334731093197,0.0451252812377438,1
0.0,168449421.74922448,4.353563045195823,0.0,1
0.060425224114164,229738600.49459848,34.815248829719735,0.0398340754148545,1
0.0493141260716122,55885449.11182929,44.13401685095083,0.0456582016570786,1
0.0017675203954906,103576985.44876842,12.01947479765865,0.0551807276056775,1
0.006744242852269,239799902.98320532,3.847605305603025,0.0158228667919562,1
0.0108149857650144,32123895.403172757,37.451736161081705,0.0566518198552295,1
0.0109769023367828,395906587.6630275,35.9696158451125,0.0281053446452628,1
0.0,33236694.722154863,20.8002908818658,0.0585501309485639,1
0.0459545190798263,60248201.33347909,35.50993999859833,0.0833613568083522,1
0.0034097571968534,143467055.6842554,26.884493866884117,0.0603343305628724,1
0.000669488522166,268180291.4239069,7.266317290544475,0.0,1
0.0574577061098012,209326375.9498045,10.244588073103507,0.031375210997167,1
0.0046673453070281,0.0,27.2195880930816,0.0779890189368584,1
0.0475385694977838,448548425.5908153,18.226844971844507,0.0,1
0.0089936043039492,138742264.92877066,31.170105666458426,0.0783842991246028,1
0.0023463935967537,57018008.50338695,12.798483037024344,0.0584921513774022,1
0.0116427725748052,179978980.40883297,13.595902764786246,0.0602467662251498,1
0.0269001087235462,339287287.862904,10.8443278527934,0.0472122354707464,1
0.0570559804753564,0.0,16.374001541594943,0.0579178152884279,1
0.0360878752030921,346118837.9493129,1.0,0.0,1
0.0574041023784952,100508052.7460579,19.348612545959615,0.0724582405439333,1
0.0355788342221293,294875553.2891872,7.316888486353427,0.0600648481725895,1
8.230360991282396e-05,285639617.4681679,15.162799905997868,0.0200870839174164,1
0.0374520291852938,304889512.2455872,4.963665386262242,0.0,1
0.0496619933244817,325747620.7091764,16.472790569122594,0.0020425850730103,1
0.0200508069608775,139856245.18129972,6.9204304722581895,0.0586966223363838,1
0.0110750084068939,354439307.06261945,19.030531732555357,0.0252555401524563,1
0.0112384730149207,385155097.01796126,33.29543901120105,0.0,1
0.0114120525222843,352382827.5873516,24.204110598441453,0.01995022385519,1
0.0597393440371448,315024305.0193813,21.280236190512312,0.0305898134903795,1
0.0388746914034315,104639013.18429834,7.1520548828397,0.0598417678800342,1
0.0273430666716119,318602485.25890875,16.438398571660937,0.0465115332442528,1
0.0143646827195252,165223145.818868,42.04530193611264,0.0515150992058734,1
0.0370836680989993,354516804.73717225,5.149735793091526,0.01644452878561,1
0.0579793569092508,237564470.61130583,4.115193635317784,0.0035960383761979,1
0.0063159689655061,149289880.83220732,23.34506732476509,0.0652208341678743,1
0.057133586371836,176955568.51048148,5.942476571132989,0.0,1
0.0204189424485944,355163770.02155614,39.91302483885214,0.0,1
0.0631608840653733,321302690.1414099,19.23630809816015,0.0032241724839255,1
0.0521838021900197,311380335.5921816,29.618969285588086,0.0325544568375772,1
0.0085612838854084,237646040.50005096,24.175163576916177,0.0551697398996049,1
0.0315168037519242,383725749.7655822,19.61432254064915,0.0303802353803568,1
0.0444047433438479,367862861.4611918,32.120170005575844,0.0080184647477459,1
0.0555486610386966,0.0,18.12299569043988,0.0579049690455776,1
0.0524490072229303,314509171.4543472,25.850153939479235,0.0391290351769772,1
0.0405527795271825,387988482.4850665,29.862109568421847,0.0185133019598674,1
0.0691272142982795,247530312.2791084,12.958178363479275,0.0581222368008082,1
0.0091162996924486,49775794.57091273,19.20221822194609,0.0989658926553181,1
0.0622606836451427,128082991.85417771,2.241381893077847,0.0204025190497654,1
0.0142186986434076,328277859.82886386,21.96897831683877,0.0353110215463584,1
0.0627500530735809,271115683.2416505,33.33941844319275,0.020010169833399,1
0.0495223322690322,255647701.90268597,5.520507016809255,0.0,1
0.0179716082343348,373738771.4951006,28.59174125729552,0.0339617903333716,1
0.0093096993635023,347554250.5208093,22.628077020723644,0.0116016103843815,1
0.0128789462521002,354499254.65374494,18.21310888351955,0.0434198736368901,1
0.000670763579358,4878253.842070162,1.0,0.0314233005181218,1
0.0185753631729264,149823885.65375513,41.81609941763857,0.0592787730069294,1
0.0591923462036653,88641178.53057608,30.809072330095155,0.0607219840926605,1
0.0,169997673.33245033,30.72957455283716,0.0645234604894915,1
0.0516672065625493,337456904.8457366,18.653167001544343,0.0297986151352689,1
0.0,195601587.09156936,30.660245357260766,0.056867856338798,1
0.0355003802111615,413120788.8180688,28.565593616722104,0.0195142801731543,1
0.0225562172449703,276429608.0757977,11.80327915762797,0.0615644264709515,1
0.0258450922592059,213173088.0707696,38.57708842953284,0.0557681527969246,1
0.0,314945157.01887226,20.51319818876176,0.031273610967149,1
0.0096275953051277,276950388.4100907,41.61756123999984,0.0,1
0.0021311602991035,29923558.55050357,6.59552383518659,0.0370651757631468,1
0.0223113885062787,363973415.3594071,39.56621857487203,0.0,1
0.0569254150759509,51417516.821824834,47.46847456609544,0.0119845654724362,1
0.0294021639602008,352720818.68011737,36.94212945740464,0.015871377656362,1
0.0528077482615773,191761107.01308247,32.720028736262584,0.0629529803748012,1
0.0032182634092596,238247244.80787584,11.020760805395794,0.0359053708737223,1
0.0032916017177776,28252419.94979441,33.933886155790546,0.0644910081053921,1
0.0272593717849498,361665628.955472,37.916090697259655,0.0335196471556601,1
0.0635124951919851,331896181.1509638,21.35692363017139,0.0,1
0.0547336281755861,334357085.1583843,16.672800637923014,0.0,1
0.0222160361912542,15329409.94588446,43.51337012572502,0.0533916625030707,1
0.0078993370549389,0.0,22.91393940360234,0.0891531964870824,1
0.0638058675701217,0.0,28.00080631878843,0.055317712465449,1
0.0029942731795442,330340308.5753355,14.271167729080814,0.008698255637929,1
0.0193754697256603,349019851.8191029,31.541987993490107,0.0169255268879696,1
0.0523232497102731,221512134.2056761,36.54361839437683,0.044636673445618,1
0.0068266338610308,300646951.9244187,15.435799032033536,0.0483428511895914,1
0.0,381175141.2634362,27.41974574165341,0.0,1
0.059464389481315,329923854.169752,34.1041413876337,0.0045899791409575,1
0.0231334994385306,137662333.41705802,7.346597446256887,0.0583421351171051,1
0.0246920865599104,204254007.97123712,42.02733953287476,0.0655305771915909,1
0.0535002276394475,243533721.5849948,30.80850144100567,0.0629687990411536,1
0.0415870215051062,270391428.4153827,23.176119558429463,0.0646514920635199,1
0.0448433600169808,342236054.63328505,14.459383022199418,0.0271461533462487,1
0.0181518080242643,181280619.2505821,9.205854931560811,0.0624409621744599,1
0.0237447184951413,271218583.7926003,41.28462455254367,0.0376686743622025,1
0.0122751180764243,361414574.9786793,41.12130846457431,0.0,1
0.0107678411352876,71080017.57679784,5.95688742725299,0.0456057654949451,1
0.0602878962495863,0.0,5.341494413579021,0.0213332436992298,1
0.0430247589412887,270270077.3760693,24.6004858799366,0.0604156541525663,1
0.0694956648806398,293315743.71216345,11.370690740696055,0.0239004267531229,1
0.0288916342695765,110151979.22643866,12.343097918602284,0.0639880656155801,1
0.0382461403993988,265968231.0856021,43.00023142997188,0.0447126099486138,1
0.0126349682162888,286396132.9990815,34.6371981126778,0.0444687637224982,1
0.0225576089980809,178927019.88945273,8.166063419862272,0.0623737716963494,1
0.0338705315645541,398769403.40088654,24.48827544310198,0.0613570577696402,1
0.0427003293414664,110015886.68224314,1.0065977806448316,0.0433300119321349,1
0.0593668192030713,315556504.3397737,28.033199692898247,0.0151484412079515,1
0.0055331587925964,139373064.3173462,37.42091237137842,0.0555265457125299,1
0.0399423615557139,149851894.94588983,37.17216736318305,0.0704461803528585,1
0.0,146437852.37307,2.7857634704099645,0.0,1
0.0548029983147348,179908238.67468897,16.506599382085287,0.05727119423284,1
0.0511283701237815,265352537.9736035,3.3778254337860183,0.0,1
0.0,106646143.42578812,29.519244135163696,0.0579824287541752,1
0.0438637738351001,242744373.96059564,31.541437417355247,0.062653124564335,1
0.0039153392567841,8096525.86934188,49.60299608644753,0.0475455363553547,1
0.0,172094682.8057921,4.054172719058506,0.0362863780081205,1
0.0361136751535144,235616313.8948102,32.68648066355766,0.0696995707722811,1
0.0070570130956927,351463850.2348087,18.33314492125294,0.0217049123959297,1
0.0,42953324.71314351,25.78789757230988,0.0655296372323619,1
0.0598263053096058,215380314.79715344,16.669954708259414,0.0434825774853007,1
0.0446909778868358,303198945.28550947,11.694381524188431,0.0310470350814159,1
0.0044605373120537,217073379.4658208,16.603356488235537,0.0845794943645408,1
0.0562075234221806,358584690.9702743,18.87273723930934,0.0319037522974195,1
0.0282524992540077,202038054.89624035,1.6801399835501163,0.0629727763873599,1
0.0273740652285279,208965112.16857225,4.416332777425467,0.045903725355222,1
0.0666403129226462,111317874.2258996,39.73062947097117,0.0389782595854909,1
0.0508537360931883,196862024.7179468,37.88971612330166,0.0543353214016226,1
0.0152112726101992,135817853.79542553,39.51814444153921,0.0709872414773764,1
0.0325448447980872,312407877.77390856,36.69765063008016,0.0473458100898091,1
0.0029275489975487,65815008.48258492,15.943569169256104,0.061796237088787,1
0.0428070069787742,215288077.77570987,34.602927414497834,0.059397293906372,1
0.0068377986326489,270575075.8744016,40.45390907449679,0.0,1
0.031264376234609,363297163.1602379,10.37821502686513,0.0,1
0.0336801115993879,280150769.2792332,8.813191645667098,0.05381805933728,1
0.0240875431834554,351777214.1584594,18.55081669961792,0.0503208612312781,1
0.009525745557784,15337084.71863094,1.0,0.0254576046044943,1
0.0509209813010609,142158565.89990842,5.295585497629872,0.0553416799902851,1
0.0498658398235549,370792103.0970086,34.01567196510416,0.0303461325150837,1
0.045415470351611,396783738.4850768,28.454258364083984,0.0153573989358926,1
0.0341731335070971,305347984.1690159,37.94199978614385,0.0422927355941328,1
0.0410960365353948,385283067.5568222,20.20188941325699,0.0206612642205242,1
0.0395449406673556,0.0,5.507179266624878,0.0497032133998021,1
0.0555672494079835,165071111.16911116,35.43682363525927,0.0491372464972844,1
0.0,0.0,38.02439871487698,0.0471640913822131,1
0.0443128948916366,46754178.67185748,48.6270840466881,0.0589534098244175,1
0.0262706532483051,312345572.2080206,42.35566535670253,0.026192227138094,1
0.0315399008835808,361250221.5667561,19.52170884666408,0.0288582743620713,1
0.0653408164018815,324683117.2881363,24.29735920498536,0.0199814380573494,1
0.0051351399319877,88641403.24755299,3.9700372590798096,0.0306786220262073,1
0.0446922846697508,104754896.58666378,1.0,0.0407440653530027,1
0.0463096306104123,200877319.82971084,23.065775067694076,0.0633546005029225,1
0.0492390011149016,349930172.3698759,17.50377484893189,0.0013703305856529,1
0.0439312525986557,128415868.07045946,8.196887132866998,0.068275327588588,1
0.0,15805462.885794938,25.098682354412443,0.06227099014668,1
0.0528595475574736,237269821.39482507,49.87100585347724,0.050871436437216,1
0.0160422886768288,243600628.2876844,33.77842703609095,0.0591138958338591,1
0.0277472414920456,323308200.6340588,34.78025637690668,0.0561957835953842,1
0.0174710438947358,309692301.9424778,29.820371135319466,0.0592180621140429,1
0.0286618586835952,288368186.2214196,14.602804668157155,0.0507569998121634,1
0.0298387278557047,239683878.2906104,29.9893928346476,0.0650668290499811,1
0.017369009902107,40103919.96368489,9.937912289652434,0.0632099501914544,1
0.0119077562062845,326496051.1292329,10.43980890379718,0.0,1
0.0432477522564312,315166230.3352072,10.404355364860743,0.0,1
0.0323088261144595,290847732.099596,8.2764284567379,0.0774014488686952,1
0.0203366061501792,272168467.0686865,11.274533575204808,0.0441628865330952,1
0.0366588907452625,73542804.81235437,9.684080450174308,0.0820696212920027,1
0.0122468862182312,346938790.3387016,20.36084748548144,0.0316651115017093,1
0.0308287945514476,80392167.96634468,41.580195952629545,0.0555298573937702,1
0.0208825894048314,206124806.64195085,44.74512138713777,0.0543635555371622,1
0.0483382141325721,308271375.18592817,29.9824277347506,0.0478738890012179,1
0.0080203777234246,305650993.2737693,34.6238405197616,0.0275651637064708,1
0.0496152490051852,239128880.6911303,3.389957692029057,0.0179040871420885,1
0.0111635210461289,250124764.708448,28.18005355008345,0.0578555029225208,1
0.0430968989506133,267332646.31786025,11.63487550311802,0.0465384398998696,1
0.0,95143638.1285849,44.75193378674546,0.0,1
0.0,21077520.544289283,30.320932304364774,0.0542323563411556,1
0.0,224779193.21004716,17.374875426828694,0.0672781912570594,1
0.0170095044994479,346045292.6252129,37.201333137876574,0.0,1
0.0026416122396408,260055244.0769964,19.721291221093903,0.051724506353594,1
0.0290997500961766,373999236.4338576,35.454970157158186,0.0,1
0.0547680820691724,14157867.74001439,28.40802293383587,0.0621563339942783,1
0.0251657672308632,65629634.36684447,4.838540410614776,0.0552732959833556,1
0.0503065010288762,160399932.0057999,3.139767769889815,0.0459468090547257,1
0.013359262862191,304266190.339211,44.01285133109722,0.0084401372806769,1
0.0200992313620366,138952180.6619075,7.541088704282377,0.05789882844203,1
0.035987084738363,0.0,14.309265465300934,0.0671470666394074,1
0.0427634445048268,217239986.00730076,29.32487403263468,0.0601393823215319,1
0.0152400336909366,0.0,7.841088005482131,0.0527404040104,1
0.0451606259382446,356726951.3049804,15.808422624303294,0.0,1
0.0164712953032127,331464377.67875016,5.907556075743162,0.0041147952755488,1
0.0085521512204394,239681908.5737868,11.16768180439095,0.0590276317325691,1
0.0348914556860648,0.0,6.82740755668965,0.0686541426325068,1
0.0099858784388892,0.0,9.243763004341703,0.0526748778968415,1
0.0519024301987314,230336135.3759142,8.6720588351618,0.0486051488134536,1
0.041770384309163,242695185.90668613,9.451763920833336,0.0445760021628605,1
0.0194919694924165,268049426.2120413,34.83763484790259,0.0636854322475024,1
0.0265498459454698,259959825.5923237,3.7181892548494098,0.000553119686479,1
0.0384443636877057,318023922.20803726,16.93482934234808,0.0408110331345456,1
0.0178421514698126,371541231.3759345,18.74171772506482,0.002424566104745,1
0.031265975345231,118941952.61773288,43.38522608268801,0.0617048921426237,1
0.024480847812217,419170190.1644652,30.790814005596214,0.0260887930087185,1
0.0586812078414527,149632297.9447809,43.10025150040022,0.0322272585505576,1
0.026636359712995,65021261.48176087,38.39226291339057,0.0640645065621208,1
0.0144141208334524,110726422.36082764,32.64963883678746,0.0743005755933816,1
0.0411859120058736,47472385.46959551,8.917746200775,0.0606762466997562,1
0.0320866546169558,391145158.1619394,15.88832585202898,0.0203353993390814,1
0.0111801044174029,0.0,42.04609252140754,0.0570325423099107,1
0.0211108029483863,390350838.33890426,16.169867944448857,0.0270694843212889,1
0.0217321489529906,483005860.4085659,30.861404632182392,0.0,1
0.0199160220516399,394355121.4326112,38.32552154970186,0.0177364022830835,1
0.0565916507917274,0.0,4.83167819472019,0.0293669401115609,1
0.0,211252553.5791285,17.099469625043728,0.0513663113271569,1
0.0256714484252593,361767699.8720765,29.21657832578006,0.020097472016284,1
0.0154542645939967,106258853.44883598,6.00064278569446,0.0712052896852872,1
0.0341841630712376,328223984.050355,12.921229918912992,0.0258383832090585,1
0.0627359520106162,31152807.683576807,6.035868317825216,0.0208815798889597,1
0.0093468170211161,291111571.9903306,10.576953394905864,0.0012248148821722,1
0.0592737474343756,301879826.5633937,18.34366090528846,0.0185305084896012,1
0.0315417950635627,377600463.8910832,6.122016004321171,0.0,1
0.0118060929679958,142419161.46131968,7.923088737094702,0.0633160608332558,1
0.0192200421855908,202730141.64429528,41.30078781973269,0.0520538925801088,1
0.0042802079816115,312827365.32272005,31.151824478428644,0.0035742163929463,1
0.0558911287677742,0.0,1.0,0.0107032166845932,1
0.0152657120756166,341240347.4138762,20.90935606851077,0.0435709703839528,1
0.0538207586820702,0.0,16.086057716932984,0.0804552833730479,1
0.0360887822360691,0.0,45.08505230587843,0.0615869721569897,1
0.0113182947307611,267146648.16393203,5.085501278652281,0.00697031793417,1
0.0146035249022169,274660860.27166045,24.22595525305607,0.0555343651193575,1
0.0450740341031929,366109705.5948025,12.141943891999906,0.0173248082620482,1
0.0477045759415634,336973284.75243497,16.920795827420367,0.0477741339156408,1
0.0722747172613756,242113192.21777964,19.83005688964812,0.0338135370491669,1
0.0658509985593476,0.0,12.52162412623403,0.0454481373485531,1
0.0008720086430982,326758799.3758589,30.877348236023064,0.0108915312072862,1
0.0376295855051148,254600708.71598285,38.55982486479959,0.0498092109138026,1
0.0685073858694551,290664175.3705406,34.421571337002206,0.0030219255178675,1
0.0397484621833604,358055195.8156115,10.468087185308466,0.0027221746734427,1
0.0262041725658784,322767623.48249066,9.305510789688382,0.0236897617002281,1
0.0278491814347933,339609546.5648203,17.45303252755491,0.0332589882165511,1
0.0019909056409463,4625181.713786215,26.483365624807576,0.0587061268102391,1
0.0648496926432374,118750863.9451926,12.409791393119608,0.0555723564762273,1
0.0625807605668905,227875385.17910197,4.869782737524986,0.0081237809998759,1
0.0412315531425903,305482186.5785617,39.56087330984492,0.0112189660855641,1
0.0149378232911597,302442481.45364434,15.271744254230788,0.0520929486364278,1
0.0,35156136.7871067,25.36415088308783,0.0619075287746639,1
0.0574427347284868,283307275.62479055,35.128292034794995,0.0375285176128032,1
0.0518131922997909,272988831.8588613,39.42903378319059,0.0,1
0.0183052083419325,319755208.6743437,23.34129652684457,0.0576816106427966,1
0.0197140759077895,223021073.4041874,24.033014109795783,0.0736083032808046,1
0.0,0.0,21.18905059682972,0.0622211644525197,1
0.0497572429757845,317737833.61230266,32.65578972716003,0.0075787894581402,1
0.0162067258445176,96302362.3213694,8.40730736672831,0.0564235402723615,1
0.0607983097188813,288211110.3297602,35.951026732774565,0.0374308516192578,1
0.0,177554229.93119562,3.907508463796528,0.0,1
0.0066711022861732,23688680.12867245,6.658525941565145,0.0395869395126868,1
0.0227061529653297,0.0,1.0,0.0616436642723074,1
0.0,269794976.26925653,37.971818413557,0.0,1
0.0356865688673825,318726260.1956949,21.54379615059287,0.0522143441657397,1
0.0357753767358898,363736287.0640752,18.543090938643846,0.0031850188048438,1
0.0573226501207811,304710553.5469303,12.813348316110512,0.0330033797981829,1
0.0286139250065876,405356022.3462956,36.05443181528484,0.0,1
0.0,284911547.6211064,22.89161691065505,0.037381393223362,1
0.0507049908768632,0.0,44.92380724574269,0.0453783657235129,1
0.0,379099234.169553,23.71235194798124,0.0,1
0.0395983452706055,258768436.15273735,33.129690898245165,0.0626031171829091,1
0.0011499050802095,0.0,15.328320559044307,0.0664436259133658,1
0.0390194803968095,247802332.5004693,23.123234682188837,0.0740803805554799,1
0.0031337587359159,312330080.1863668,17.211402148793436,0.0221243499397467,1
0.0224929806443319,369095898.165987,28.70815036905376,0.0569280675747344,1
0.0,288001941.6144612,15.79400076075686,0.0095558657612736,1
0.0607528612940412,262719595.2307968,32.46927026652039,0.0,1
0.0231843588131059,246849392.7790327,29.97400718407673,0.0608811444237078,1
0.0,249300241.483768,10.499078624736514,0.0,1
0.0469994570828868,385383434.9582146,24.80423229311045,0.0066225224003104,1
0.0575245746154066,339075728.5798516,30.64068103139834,0.0,1
0.0151002544514313,208804130.21135944,25.08709739609004,0.0740426733575182,1
0.008212994219877,347770132.98105145,25.45822686747413,0.0156302452599154,1
0.057018798726712,161748295.86708266,13.499915766326524,0.0550658614535929,1
0.017134687184898,368547408.53111255,20.966040582413918,0.0174115936863602,1
0.007017050169442,376576656.74438906,25.538019102028493,0.0,1
0.0431782371393897,189500206.79893512,26.865044720479315,0.0664966348918369,1
0.0198152639399453,291757337.2124766,44.568128310589785,0.0147114663492916,1
0.0215168978006555,0.0,40.44075906322392,0.0596009041413293,1
0.0379781604859168,323065898.64124525,28.562571589977747,0.0661474497640116,1
0.0008120150125705,173957802.2343685,42.835801030419326,0.0055011626326937,1
0.0338179657093515,301537470.6909236,2.396420344237704,0.0142624590251858,1
0.0140576385593911,0.0,34.82120050201446,0.0606547899046471,1
0.0411384195056945,369060677.4512084,25.40677458583928,0.0516086129154607,1
0.0230344513928059,197202534.85773057,42.24840357600556,0.0525144250888413,1
0.0313656419027772,372971441.6395353,45.19910405521206,0.0,1
0.0655879305102816,207631566.0490632,24.23099461211488,0.043431249951275,1
0.0263287385897303,343509013.88169384,28.4433450592749,0.0415515181940867,1
0.0311860571522478,0.0,34.072318034336206,0.0694229303425581,1
0.0324948626372541,277839999.671142,38.49598720804478,0.0507090191566805,1
0.0294933654569148,313532586.78767955,4.171381688152106,0.0,1
0.058576316612631,22305733.73147292,22.11303391042565,0.0737039823271846,1
0.0382940378385183,0.0,31.77434815293233,0.0727266389744684,1
0.0061471529663034,248143979.3041282,22.51868857144849,0.0674879422939082,1
0.0436275120100444,294561511.7549862,1.869068059677165,0.029913982274651,1
0.0605124802794101,358171937.7480068,22.84884442742804,0.0434764704471383,1
0.0656089736845447,324017235.97361666,24.07647981319376,0.0054320960431555,1
0.00383761422095,63004771.18351002,15.18726261418031,0.0577190549867464,1
0.012615971641518,163352866.01628515,9.09662320006823,0.0538404066632157,1
0.043593431227198,0.0,38.12050983143402,0.0751709477464397,1
0.0080441849536601,421996926.5614432,27.401998421911205,0.0062907920267639,1
0.0502992068043976,310295639.0086893,9.281512225583109,0.0129506797943854,1
0.0,281338225.5496578,5.38721861080203,0.0152118305842552,1
0.0566569571436756,81611667.9009996,49.62730423513007,0.0233041025798503,1
0.062306343674603,306659762.6918869,19.57190507323633,0.0306375860095105,1
0.0062325157437056,299391859.05795074,17.130508108349108,0.0484223772711132,1
0.034857335450365,0.0,7.214953021691276,0.0529976313849243,1
0.0467072126369759,338570660.7886544,9.882656008012203,0.0065483778890694,1
0.0551637852966524,401016894.65528536,36.94593728383515,0.0202967109092353,1
0.0782342739698939,109070464.91538072,24.78507336535004,0.0507417634252085,1
0.0372812613349908,61163875.20228083,41.67886186868783,0.0625558756102335,1
0.0467215450882572,412643100.9404632,16.574997862929806,0.0327615476572397,1
0.0373178780266718,219969563.5411113,25.064703329872657,0.0748160875169414,1
0.0556270821551082,243922100.71058065,39.87770901255336,0.0069778028673941,1
0.0567672119594445,364098228.4007044,32.104599075268794,0.0,1
0.0044400663614048,80635837.06702809,11.735985046696433,0.0631077393340979,1
0.0,194363174.39808783,18.46960638305208,0.0554498593299401,1
0.0289262325849705,0.0,1.0,0.0454424019848989,1
0.0403961508155379,309317581.56251764,13.493494741934166,0.0491032832342349,1
0.0386250359920465,327476596.0932901,40.15416051147192,0.0494379831046528,1
0.0081811794000457,107482444.27512902,44.48791393180788,0.0545992320285646,1
0.0503322869263512,268119374.79399484,5.924336330677729,0.0207667821100533,1
0.0599660347758069,43057284.65066984,25.746253008563684,0.058233338460049,1
0.0434506913820256,0.0,18.68887720214125,0.0820792817422098,1
0.0186327554896446,262330857.36646077,10.364559740416034,0.0443361078706545,1
0.0539274758384561,187926237.1716832,17.075483237451934,0.0561448297688088,1
0.0550161905305374,0.0,12.507764894930036,0.0526079523502979,1
0.0519661755957243,207142143.9359667,35.010353099511775,0.0503187824024017,1
0.0323952826313089,36863187.57481968,7.306937448377969,0.0554208953125748,1
0.0,289876616.38876206,12.85222751230407,0.0,1
0.0198035605634483,327067692.5071175,35.67340837726659,0.0,1
0.0586055541110757,268344479.39340788,12.604367333243612,0.0112264469247104,1
0.0674517757859737,155972402.77859333,32.52989194825956,0.0473737251601827,1
0.0309031991399974,379203465.27655697,36.10346861455144,0.0122748740919186,1
0.0,168772033.2619299,9.582106735740512,0.0411692955437611,1
0.0441628583256883,232226766.3020391,48.5865176827758,0.0210631501252351,1
0.0269366275359858,249680818.02933,36.30501645085779,0.0551963152281277,1
0.0597826043910025,9403128.25229235,20.980746855766803,0.0706966057059808,1
0.0214636267457179,292356367.5653987,14.84269376880029,0.0481632646558421,1
0.0286373403983218,0.0,39.630242325840015,0.0566736538144572,1
0.0561492743596417,290406563.98238385,38.854821493892814,0.0,1
0.0077415446561256,228642284.3030724,11.790204476644265,0.0753565433724326,1
0.0165010109525094,312543827.98517543,19.102895087656183,0.0497750935708464,1
0.0571635987496927,111887410.61413948,6.135358917555685,0.0498751490392223,1
0.0049781228240047,0.0,1.0,0.024594080324975,1
0.0,260780420.62965363,38.13846168626922,0.0242994991750483,1
0.0367970674047886,234500586.86606652,2.651127667889085,0.0350047215275279,1
0.0303151422157827,215427792.41776472,1.0,0.0375513144913194,1
0.0570516994421746,57332537.79705245,38.20834069058294,0.0482878712712913,1
0.0640680581404274,267785283.8421932,31.262330260032524,0.0429506909938192,1
0.0497585688115589,279674791.40515727,1.0,0.0,1
0.021092111453558,157067733.92129904,37.09803909907385,0.0638524702418168,1
0.0009932972726754,77998082.22677386,30.85920484258116,0.07376427159209,1
0.0328470732216074,254979347.1802987,10.5251255696734,0.0543492146314229,1
0.0547164860893259,317495359.4041876,29.29265162485103,0.0,1
0.0048414618673154,275984305.7261001,11.709112291499656,0.0406932288332123,1
0.0184268174139137,287594740.7429751,42.506173889690814,0.0466553632700013,1
0.0201394738627293,99245556.47820336,3.947720339312834,0.0513452215305775,1
0.0374552099702556,194182675.6400011,16.61900169960451,0.0689886550587259,1
0.0515697123761698,49222221.59140196,9.622165702057874,0.0550482444081404,1
0.0800248318640014,145890400.22804585,11.115392219161256,0.0245164532478481,1
0.0482942079066715,0.0,37.28823208423449,0.0610161622148362,1
0.0479684226570459,271546976.70660865,42.482385172391815,0.0303767129797033,1
0.0107922763424202,204898559.1795033,38.225113694584245,0.0491298946786202,1
0.0101618808434032,55009733.46279482,1.5667050547559995,0.0334480877636695,1
0.0407500483706025,275547192.09432447,5.923749151627188,0.0444492379376832,1
0.0490979265847306,25336064.57272496,16.87807953484471,0.0656427226413973,1
0.0513365420894192,318818321.0298475,8.790585132662843,0.0,1
0.0169609536896747,344163778.4395238,30.987949040383345,0.0403536058449508,1
0.0448553512916303,192122709.4917344,21.551772880178056,0.0757470368364785,1
0.0564788912444044,102106037.76742406,44.0235985922704,0.0308722366863979,1
0.0066176704308965,145445732.84836158,37.56213481315719,0.0600706035897954,1
0.0,208749700.58828783,6.454110701576397,0.0230138613367061,1
0.0,275074744.879623,18.732797558052017,0.0327246947226732,1
0.0085521238514311,323523884.54322624,16.367645034317555,0.0141456328286395,1
0.0646500165362891,250521129.93161923,40.20972979422562,0.0,1
0.0645510376291842,288634894.79924107,25.31426170350312,0.0,1
0.0,0.0,17.097447021034814,0.0612831380509505,1
0.0443103288021701,65527794.526591256,34.37457351823997,0.0646186197856,1
0.0021979997515648,8571440.281219795,15.729348805795174,0.0536060514425713,1
0.0212962470808371,240052643.3766808,17.138484461680967,0.0598752927703376,1
0.0508888542817387,160230994.07651824,29.556474463607245,0.0622625278663998,1
0.0248470904253076,361444504.4330462,21.14271042687029,0.0337286446428969,1
0.0235123756093806,274547141.45782536,21.906447594749288,0.05645294323542,1
0.0697740108495429,275204671.29808336,29.71527201398987,0.0219984842962059,1
0.013270006725314,264638189.63816825,27.258426907002335,0.0539799646968238,1
0.0199016884473911,291970228.8013736,6.030791945205333,0.0,1
0.0436424305213132,327258544.5418565,34.663386435240085,0.0243798228435615,1
0.0539776235343648,405414327.1492158,41.4708180431599,0.0282073755552404,1
0.0096480287163784,337899774.3891108,31.58823913686444,0.0073255979235886,1
0.0,149489153.50762644,44.83142805256895,0.0294903785559851,1
0.0640037375643832,0.0,8.598686485333392,0.0025653330114493,1
0.0201640033177192,344266223.7795292,16.692531646532608,0.0035756986363126,1
0.0559824917933231,307429865.013552,32.12698823723156,0.0365974348999161,1
0.0081399713636101,231156038.4195198,24.88535810349168,0.0601346376431574,1
0.0486435775890214,248675141.4248961,4.194514563908633,0.0,1
0.0213154728998333,0.0,40.92058925416626,0.0535059834620214,1
0.008139649746486,58261959.929379374,15.840044345308495,0.0684637241958014,1
0.003650302642739,50647735.2510761,2.7287646533060084,0.0275573732631976,1
0.0511699093119222,168531134.94641894,8.152062269550722,0.0504646772765663,1
0.0259695598733372,164133949.11778694,1.0,0.0592927589552542,1
0.0192082984726099,224280760.13056803,27.459761132083248,0.0712186690288979,1
0.04104637839117,247800675.8173354,24.21017749126921,0.0648414244884261,1
0.0126686626083222,335010495.65103745,11.989686723089198,0.0,1
0.0442850577671325,13516260.759760007,19.69114524173656,0.0828765775038022,1
0.0,39227162.43350738,37.17841189394286,0.0494107680154167,1
0.0507348166182676,367762563.2732111,28.295684879394884,0.0,1
0.0452540301887414,233673922.45208505,1.0,0.0,1
0.0234825753281008,143388476.11406693,8.28200948645203,0.0641734398438256,1
0.0113518668692737,255268666.25496867,34.202261874136866,0.0592316835299046,1
0.0211813439533438,278507268.19317937,48.48350986082465,0.024207990098982,1
0.0068906801787487,309704020.84846395,38.75515325872617,0.0249970989404695,1
0.0466690409596499,244294839.87035304,33.96452766283666,0.0508239936678424,1
0.057579242298786,301384388.79657066,31.868942515300684,0.0212128127736527,1
0.0,67536694.0186544,13.171064900601346,0.0577055852735446,1
0.0571173005133254,204084286.25637245,1.0,0.0,1
0.0,95607669.52171215,47.524461412892045,0.0190912409952809,1
0.0582720878995519,323184415.4567954,26.28678581357863,0.0,1
0.0150771139498776,246373794.93305972,42.72947066925093,0.045463147512073,1
0.0216129714266489,354545418.03249955,36.9183660140033,0.0282638614169807,1
0.0341162794865551,333640464.8703164,37.91412788690292,0.0,1
0.0458550442642901,398869371.89156544,26.83723189166921,0.0056981910402007,1
0.0,87908751.50050676,10.074165884321,0.0483400976231071,1
0.0636612751361304,161321033.73872066,14.534693845215005,0.0562753149102213,1
0.034656359172192,90977624.7698558,3.5241735109442978,0.0464869907883786,1
0.0268384015448933,362482127.4963044,31.285311337677665,0.0074902529517047,1
0.0563472344593015,72228783.51574825,28.89070519269239,0.0624917187564862,1
0.015521172258744,343936882.29059577,18.836838002892925,0.0034594100843783,1
0.019990160386608,0.0,39.55539912228068,0.0565927046093038,1
0.0250575725822431,9251600.11630769,16.058337256614756,0.0823680192471427,1
0.0360971558235969,282368104.56294227,6.267760049009521,0.0273118217867697,1
0.0202778454432079,359976712.8756345,35.09156452592957,0.0113516675718271,1
0.0466666346081987,17830407.783398286,35.70201538748095,0.0558359133882316,1
0.0177781728482855,16289375.0,23.0,0.110761137640684,1
0.0599566141294165,285211713.3659101,9.233267395640269,0.0172250016263645,1
0.0292397184629598,388648569.0193535,11.769281756702645,0.0136330514192133,1
0.0124703556884422,253767113.4992097,21.94140427919628,0.0780541606199708,1
0.0493449196544385,405270193.2502084,32.51590099802149,0.0,1
0.0574875682651311,192402086.91168803,9.970812952175102,0.0709849180557509,1
0.0395218200498664,328561095.7267268,11.350106516433902,0.0106001114206034,1
0.0111963364981159,185286413.8276021,4.388784392006336,0.0359287617854083,1
0.0,24599243.56516882,29.172925540566467,0.0583132389185628,1
0.0258868263381065,122252522.30979246,9.607294304343997,0.0644424109245902,1
0.0111778178645579,132627073.9640385,10.108905323062736,0.0718971894278711,1
0.0004244780967427,15936365.95472727,41.51642052845381,0.0619555540028627,1
0.0,165488252.2042899,39.79516408048231,0.0430680069554968,1
0.0396376988030122,208288428.07192305,13.534667947044978,0.0530177123277485,1
0.0187545487587772,355583335.71278906,15.354227217943585,0.0,1
0.0277836762331191,14256981.87970101,12.31800244921072,0.0675072293270536,1
0.0259520732499322,0.0,10.699976576019946,0.058996861465562,1
0.0327578095022531,121621300.94355685,45.17494667229984,0.0593756701586009,1
0.0183324216377551,487971111.1945574,19.550301694547244,0.0198182527320449,1
0.009787662646378,319018251.2425226,9.260353155294643,0.0238075332459082,1
0.0325198637093738,97493702.88193049,1.8597368069690177,0.0450945330321218,1
0.017778172848285513,22013414.0,23.0,0.1251564407515056,1
0.0177793581651702,22800934.0,27.0,0.1291330146916767,1
0.0693427896936886,266792247.0439376,22.11585709446747,0.0041548589158069,1
0.0015506017696592,354921699.5673659,29.561178736032065,0.0037543118314988,1
0.017778963041980542,17273059.0,27.0,0.10990884057393262,1
0.0171430945808078,6290182.778510541,38.92486790135028,0.0610578351476425,1
0.0180617029547866,0.0,36.66167908364029,0.0611510427393838,1
0.0026965649795472,103131363.36544496,44.15091477734868,0.0472517542149101,1
0.017780543640121757,20669599.0,27.0,0.1156344515817488,1
0.0312175261970431,0.0,28.51324720045116,0.147589500278866,1
0.027151714931959,596490671.4135306,25.024898688586514,0.0339229493304101,1
0.04347061336334,195856215.4976993,4.251069675012047,0.0480067444440597,1
0.0269352575115506,362601689.6236047,22.36533846382448,0.0532971532038534,1
0.0264540342623796,437678046.1153791,25.85148664117844,0.0071301045737675,1
0.0130548598351728,277170626.6575901,14.849932214477894,0.0541925058275139,1
0.0205627882292322,510469393.9056559,24.79158182855626,0.009385755978133,1
0.0465955724857693,349768406.06180423,22.078899563374943,0.0140296574921802,1
0.0207678998904494,23635240.80800379,27.006293144642235,0.143504154591968,1
0.020599235492735,41908218.4471633,14.637840415266997,0.0873024847500758,1
0.0241244478992453,53569881.40073519,35.09732545492221,0.094682517361834,1
0.0337974283305656,787579923.9363616,22.112670268458924,0.0192786229669224,1
0.0281613390753838,360531680.5902535,32.93966509908971,0.0205330020774832,1
0.0726380040434374,300749736.8511858,22.338379257744577,0.0394893106094053,1
0.0122619081626781,777447090.3387216,32.129647168797845,0.0,1
0.0301254152583982,615200306.9809247,18.72257871141155,0.0017309746982588,1
0.0290909853621472,248647479.36414424,37.41842114795289,0.0516161515524223,1
0.0152029321752758,419078343.70588416,28.998631051336325,0.0,1
0.0436055788741975,147097834.22752073,43.6680631699849,0.0528985398108843,1
0.0434442686982459,314023397.61454976,6.388228551273496,0.0,1
0.0689961887793462,24406419.14882261,22.140574628546364,0.051196111449224,1
0.0376308397674685,387406021.0614122,32.32811602663715,0.0,1
0.108564790756575,229999541.9203458,26.55887700681601,0.0068622664084004,1
0.0449805733698624,927242743.9577056,23.08828747920705,0.0133371418349125,1
0.019542902005501,167041340.49448487,5.754690098714967,0.0617467476565073,1
0.0308824637867505,516794299.15338033,23.34518527457952,0.0287299562533969,1
0.0471549279158986,38478950.40558387,19.999148736290344,0.0865142553860831,1
0.0568266731322395,194775547.635168,79.51847228376143,0.0327639659249476,1
0.0262961819302804,619417373.8094305,24.59491162268828,0.0138808775480852,1
0.000590093567398,342577565.765589,20.773322327312407,0.0095563753284576,1
0.0133636036633685,312752780.06302035,14.024861393538952,0.0234447203295744,1
0.0620640070829662,282616270.2805292,21.59615458107048,0.0269007876876716,1
0.0,116250237.15293407,1.0,0.0431003364376087,1
0.0013252946259172,486887660.2410908,25.600259126326467,0.0216396892199514,1
0.0164349208279128,3274376.700961776,36.87539951495203,0.0634498769679399,1
0.0130693035219591,346321068.21267474,25.63145582210992,0.0128549842575706,1
0.060663928232079,104807190.76059943,44.53284539954207,0.032471624851125,1
0.0491425363149182,242916398.53802684,50.4697621167103,0.0056769185005493,1
0.0315375498887392,15720031.98307547,11.713341062797657,0.179259080509374,1
0.0251277707306875,74985251.85646881,5.283393974131986,0.0648419061318973,1
0.0118227426616668,196872979.8044815,1.0,0.0,1
0.0782277377922995,0.0,30.76676876055393,0.0516420048426294,1
0.05169399373202,0.0,32.07723911457783,0.0569029177636139,1
0.0298271154435959,90532630.68011709,17.946073125308107,0.1496358879482242,1
0.0172826480609672,0.0,21.556443409940552,0.1454861640902416,1
0.0441055912516646,63670068.818428166,23.6568974513829,0.1104242149734059,1
0.028488184020526,0.0,23.36207940793324,0.1569676691421655,1
0.0015074312342473,308350365.3925539,31.6589129175465,0.0,1
0.0255861260652385,529528896.2064376,22.225082346350906,0.0148769729156701,1
0.016064182006443,318960745.0398818,5.160831026182279,0.0111404254529226,1
0.0002531393646846,0.0,16.009982908599238,0.0575880161450189,1
0.0188323557435708,721486679.6781757,17.56680554577334,0.0487375282329625,1
0.0151300269856022,628143898.8164266,16.123423778439815,0.010724102031607,1
0.0181329144949286,352905829.43765926,13.968683234440352,0.0,1
0.0206021723595266,639543285.651141,20.670521016406106,0.0046746926575286,1
0.026942962458844,519025056.9560746,24.069287139575373,0.0138822598197206,1
0.0235341400345648,589729206.6478544,25.00102278148047,0.0337811183632945,1
0.0203364501882812,268332720.9052186,19.099569647398496,0.1174537211061018,1
0.1529873427185571,39068094.27851829,18.80803631501353,0.0337345926354854,1
0.0658411013195805,34498222.584070176,38.803026774501255,0.0338696945850117,1
0.0278249335108957,0.0,48.425267674276085,0.0583662448904581,1
0.0301360542621162,197126388.2671678,19.17868622884796,0.1519547277633057,1
0.0166536405526676,21202927.157235973,15.217149816938171,0.0781074104098769,1
0.0356166680874741,71451634.19977553,30.382167992331524,0.0954667874123086,1
0.01850364476315,168376287.51767066,32.84871646227276,0.103416985953301,1
0.0314608162773733,762078184.3726184,25.075776357415023,0.0328247120399864,1
0.0553192583408778,166872507.2785735,57.78227832421671,0.0150281215538291,1
0.0084138661142133,58379229.7902254,16.603072177489803,0.0682820465402494,1
0.0493719897397321,196820990.9920829,24.65724237612172,0.1767214112273509,1
0.0246833779829442,385742190.7853447,14.184719621116118,0.0182281677268882,1
0.0411983353074086,584143980.737662,20.53419702029985,0.0288216637098619,1
0.0506289086752292,632283784.8256848,35.505092776692535,0.0,1
0.0350967060749089,326581030.7451613,34.71523209925976,0.0388846809885943,1
0.0357811758988199,815255219.20121,11.58744846662525,0.0004634384701629,1
0.0308645850691342,811673748.107248,20.727868819901392,0.0443371733913349,1
0.0552530523210326,86074341.3324885,21.539316136538595,0.151260914400113,1
0.0443675353651214,18143022.629694007,33.523321555730675,0.0677832118235335,1
0.0400977708377036,294691233.5227764,7.744178242918883,0.0313635241684653,1
0.021879836295296,238826602.25672764,19.241879376633904,0.0659468206030571,1
0.0658529273700396,0.0,35.26561349625332,0.0438568723458948,1
0.0027920631326335,0.0,11.617647979613876,0.0479854889027587,1
0.0843901568809926,0.0,5.89428407910227,0.0,1
0.0346639381817398,854510816.0371796,23.407071652279534,0.0026063987986419,1
0.0097985065669757,417154806.7007315,22.04623539084464,0.0075977043947117,1
0.0562552287506785,330033333.2168808,34.02504774786994,0.0095190418477405,1
0.0255075091300522,663159257.7193555,21.931118701201115,0.0,1
0.043607084321308,224987490.7626468,9.876370618972174,0.0465204779250315,1
0.0316315346512512,6922342.524783269,2.0102180644296013,0.0602752315836358,1
0.0439826482299437,80219787.59902589,5.766328547594952,0.0576888761305023,1
0.0213037369675629,0.0,14.579483207060226,0.1574526203359649,1
0.0,151045096.5871145,5.574530458677685,0.0,1
0.0251622645928474,39615568.013249904,18.406550153624792,0.154342030323381,1
0.011179189466525,0.0,23.800985936550425,0.1405694077033927,1
0.0209000722188807,724846868.092409,28.60791640216425,0.0,1
0.0214836475784286,829105737.1089873,32.26814095991276,0.0042630995837771,1
0.0353321168333161,987887854.9066318,33.46998440724103,0.022786850999914,1
0.0558340498800647,262414030.2401673,2.8900630255522906,0.0188146906230544,1
0.0310632195947281,120095927.37270802,5.735084941859075,0.0766961789134137,1
0.0559033020923575,270116750.3895033,35.258636135354024,0.0,1
0.03236684822859,343276847.9848008,22.033233130314024,0.048070733043754,1
0.020141568339369,834519639.8792396,8.234984557518036,0.0244374090828277,1
0.0377609211193179,144247718.83467034,18.49709806156828,0.1735037462812952,1
0.0238789734217384,0.0,17.900695804520357,0.1566040641668509,1
0.0442250743068068,459140.60052929074,29.14546697119428,0.1545121589445676,1
0.028995669851788,0.0,4.1273762606960815,0.0509528581178959,1
0.0457143220246085,417086951.5342104,21.719778705207208,0.0,1
0.0348150623974776,0.0,20.405608686674977,0.1210378871279429,1
0.0356636099387668,58061340.22104068,39.5033200064035,0.0734326170039881,1
0.0179001865862146,80464645.60619229,31.50936655911847,0.1354087807998008,1
0.0367035468851196,0.0,28.904654117527485,0.1469336428570608,1
0.0429714248365753,559770122.3707958,25.051059242501456,0.0004018092697966,1
0.0081248705723099,144097809.02058005,35.65047007161081,0.0621099950766705,1
0.0468079481530731,233027644.34901732,12.012128858773336,0.0453610857749402,1
0.0126479230226229,763069298.1261595,19.26204246396505,0.0161847688362552,1
0.0149191584276127,0.0,28.243931359565657,0.1655833213968098,1
0.0373140847277713,220461523.68775523,34.97544353913585,0.193657674436063,1
0.0302890308510102,0.0,12.519735517696438,0.0621486107024826,1
0.0127722299301287,100661571.2347963,30.539550056192365,0.1221823005881848,1
0.0635340367167489,345547945.18559515,27.21404103712183,0.0209706647481004,1
0.0061930359499618,663332942.161523,15.15356314125063,0.0081460025611423,1
0.0146310789623295,113675528.25191332,20.399362963251264,0.2074784153373279,1
0.0196652905905935,249245759.91451165,26.99505843633516,0.0639790073836987,1
0.0279009652594616,591146062.1192274,17.160849381292486,0.0072583985188881,1
0.025797734110154,343997075.9675615,25.77608312443417,0.0381321302817036,1
0.0603781216776275,329163346.9879649,24.43913572442588,0.0313356701413695,1
0.0133042411973232,339768725.82378834,37.56560172560387,0.0042563928052748,1
0.0183032232337983,148548463.94048724,36.73291197341143,0.0839171470191513,1
0.056032544499441,307354076.01313,11.887118122810213,0.0383237720133969,1
0.0345426512316425,45614315.09597264,21.30352963313648,0.1540542269608646,1
0.0290010715926892,710718578.5118579,16.28639334356925,0.0406171718464644,1
0.0283932349999292,743043723.8371594,26.356787669805417,0.031890258220927,1
0.0342614097504925,661814081.5535811,25.318468169161427,0.0421042668274084,1
0.0095432212148245,103414080.5713842,33.74487243507694,0.1150608894934026,1
0.0206477724394389,524150646.01142806,15.355326685052887,0.0548002023436518,1
0.0200660657349,284970676.62665486,40.98594301644404,0.0,1
0.0232007376198926,111137879.67867357,29.672905427490512,0.1797815425158106,1
0.0066471273531236,375098680.1333306,14.698288931372634,0.0206250573841101,1
0.0391830983430491,317785946.25974107,15.528816962997276,0.0627506759126152,1
0.0310972289772511,797123352.6719769,25.66470662970013,0.0,1
0.0240587172544778,146698006.50180346,30.369375757836544,0.1496191229065301,1
4.849714501626787e-05,271303089.9903684,30.298081370760865,0.0323186190503815,1
0.0132384861814989,33020959.37377733,5.441164798093016,0.0596104586029333,1
0.0110374630182676,0.0,20.353347403742923,0.2019576848890413,1
0.0008424787465853,21354607.370641395,3.751017172289537,0.0029564065283503,1
0.048882775897874,221363693.43188304,15.473876436946638,0.0734766156493785,1
0.065959602734673,46637606.34746078,8.132922693128119,0.0011766765122219,1
0.1104545678987724,108256160.22313106,39.66475120258187,0.0,1
0.0393024370531299,44140194.8042742,27.60108802371083,0.1383119205335017,1
0.038620567927386,99124989.66423224,74.42875816329891,0.0504192964208851,1
0.0084542510163522,0.0,27.625492701056046,0.1090650789825085,1
0.024391083621512,18297904.57746233,24.63049475358993,0.121192182926458,1
0.0295372937573979,3985185.125796296,9.832343049821132,0.0569913718159217,1
0.1065223745080684,202270001.535737,35.50256690309589,0.0281816327403238,1
0.0394274235244418,130174325.2373332,19.70516740129589,0.1600147144977435,1
0.0187193830877991,465497317.2739969,28.357306448328256,0.0050000877293137,1
0.0136875964181489,178860513.91547334,27.38614637101881,0.0917316135401423,1
0.0182760318873789,342577454.57526124,35.147534070638024,0.0296997301676315,1
0.0125086723025877,393941699.54525495,28.286346913918404,0.0095779457854814,1
0.0263793921154459,663449479.4537778,18.27781590246043,0.016828053608495,1
0.0255879950657023,43402982.9209709,22.9940847429164,0.1668356082236574,1
0.0154875062190485,330629917.8229712,12.306016898443264,0.0101495342070843,1
0.0331973648387673,717725446.4948952,22.332314203778097,0.0074857122091267,1
0.0117356817866784,353437697.59236205,20.502279520380263,0.0,1
0.0107267650492594,0.0,25.263100773091,0.0792888888596268,1
0.0350784357113918,68451015.47973342,16.62858671398085,0.1542827863311948,1
0.0387121682270148,0.0,42.287448408861366,0.0595306899591002,1
0.0334494978416355,33249543.57131924,10.025667722139175,0.0628533322966848,1
0.0466697333310045,21658195.672764763,37.86832555979923,0.0522759920770723,1
0.0270084290949056,541058666.350934,20.294289955824752,0.0066108198762289,1
0.0224982713365645,331538934.2785149,27.791614095515865,0.055689699570592,1
0.031083834984681,406071710.6590004,19.50114101683048,0.0086705483455651,1
0.0001812299591431,22259445.35784728,73.3069541574866,0.0026101758202826,1
0.024900169491646,530881996.0927724,30.715196226735756,0.043838466728154,1
0.0068979996308454,146695142.8003785,68.10907399670523,0.0505872358224723,1
0.0130533243396052,358001766.77179134,26.59453822168936,0.0,1
0.024827787559432,10377700.809250206,38.04190270616969,0.073706911352884,1
0.0459134150695595,0.0,35.90621443566408,0.0579252972042182,1
0.0673932168372326,137551809.09851775,9.227457179163212,0.0016121655917589,1
0.020056737919574,69580327.06815562,14.469673762198749,0.1644081246059557,1
0.0064940277324415,332243479.05149853,41.86588950456016,0.0103682146490625,1
0.039922857166564,181956144.7295335,39.36666708411563,0.0530666242762578,1
0.0577037684317724,72337312.19164537,41.54160477585103,0.0676265493031833,1
0.043447880792395,387418012.6052915,9.16904490041792,0.0,1
0.0409638070368812,157239406.9928473,31.163420748987164,0.0799579192724589,1
0.0105710839940855,225880132.000174,18.58132425315164,0.0716665769881495,1
0.040202746074393,743099787.715441,27.342352401313025,0.0366911461634736,1
0.0087005805814697,247841435.08975905,11.257399424546756,0.0591515622248087,1
0.0140210531142656,321363969.6916915,35.32162351799266,0.0218397672152839,1
0.0104323043870081,286958383.16604936,19.61699370987368,0.0595129658107684,1
0.0092169291087928,343342773.76619685,29.713322628426788,0.0080006660010013,1
0.0216115630989111,0.0,24.42708686858047,0.1163301370468531,1
0.0007962814929631,615169592.726886,18.86614527793404,0.0232325011882367,1
0.0128717476812122,154434858.66179526,17.47031570877219,0.1415421410158284,1
4.019714766712382e-05,376049566.70085216,20.380228582236864,0.0001365312550535,1
0.0439629510239096,413290998.126155,16.97405006185791,0.0114522071654022,1
0.025990935043256,216416718.61228943,36.16216092527464,0.1585541578452364,1
0.0505750351561793,99361453.23813672,17.445758120279056,0.0806039975438613,1
0.0080125247284535,283652375.1461847,19.8323347985983,0.051398470348413,1
0.0226358823942923,322767948.00926715,51.608217945205126,0.0,1
0.0515327586557664,306090628.56237423,20.197523503764454,0.0555313427979719,1
0.0,291954760.569294,30.024604468753484,0.0,1
0.0346578811212354,304751549.08727646,9.530885338240685,0.0311440413355301,1
0.0484545564870212,192557123.805148,14.773366585845762,0.1013378565197401,1
0.0172362718756357,15186659.43210981,10.616252812619257,0.0571148546456311,1
0.0040515907717902,204808096.19781876,69.9624328468716,0.0538493812196816,1
0.0351158904880449,764227790.3158227,20.768324087952763,0.0288340515726424,1
0.0154171009923392,423179512.4399284,21.82795057557404,0.0015242028166042,1
0.1101351867799595,18126046.82817057,31.167874912072904,0.0268354069380531,1
0.0849743374956505,280537982.9543576,14.226726444193345,0.0,1
0.0913039918401757,14410032.014428625,16.105648124204738,0.038234978752355,1
0.0522516202771541,63414744.49939175,10.692811347855718,0.0538354519507873,1
0.0305559802707481,332333050.23675936,15.011956596223824,0.032667172629508,1
0.0749484364537314,19772522.96300499,40.78620206502376,0.0158451932028806,1
0.044595581328514,384165488.4884708,15.537411533714447,0.0303044066399693,1
0.0409842383772331,287952164.303452,12.424526435242964,0.0456355503167299,1
0.0503753852943611,521081422.4350041,22.975442171068693,0.0,1
0.0097323875587073,0.0,20.471805631454103,0.1376535550649326,1
0.0191929266097079,265069457.1576509,23.95244998625511,0.0631399322368945,1
0.0655314994922675,249842195.67196736,34.05127904364571,0.0255405991380207,1
0.0294293866053948,101299224.67380406,42.34897311032366,0.0613993800544791,1
0.023272215678275,939940939.7240351,11.1486235868762,0.042904009437354,1
0.0216404134336977,29715290.063074782,12.499929811451995,0.1104993944129676,1
0.0384936874004172,102274054.22068144,47.972068222721326,0.0558651678483755,1
0.0319622344120608,156369132.89231044,17.18350198309202,0.1077584193696903,1
0.0420622794255145,0.0,29.69803631103861,0.1440318291117513,1
0.042291063494765,972192413.713026,13.036309355117575,0.0290690441065646,1
0.030582129093304,95314792.0850973,2.4788248375415662,0.0475097365509307,1
0.0622327047083925,269567022.4577428,13.533316461516645,0.0,1
0.0242290643611245,617947292.2351876,32.602432169266834,0.0176747856208874,1
0.0191667046173151,0.0,26.974918426206788,0.1183893915850925,1
0.0435079567861914,296831582.56543136,39.665957846133246,0.0232543258555574,1
0.0365395332754466,0.0,35.173046623497726,0.1515279757723137,1
0.046147268401544,200853941.86831143,16.806935599033075,0.0768836718565531,1
0.0367662598902192,165780163.49581444,4.701546225546014,0.0573488793461807,1
0.0321058072866627,717788358.3845503,23.269688270932097,0.0418215672643925,1
0.0702830490319962,10178396.081541106,15.39985355470935,0.0650908652403094,1
0.0321592596297522,254242875.70906883,69.16789054399251,0.0405751641462236,1
0.0322486057070529,119801422.62101872,7.4628443617580125,0.1277269817951581,1
0.0194233979558761,1039860187.1047884,27.665206702772217,0.0,1
0.0479252966029138,0.0,15.081703931501242,0.0664462221923985,1
0.0069667594755033,83745350.95345186,31.746682430886,0.063918632009987,1
0.0127486234136053,112726481.7737314,29.53137258206741,0.0964848911506923,1
0.018335012909802,543728973.279421,22.63935815583927,0.0,1
0.0016899292374748,404778875.9164391,28.40491039801494,0.0327654997308108,1
0.0395302227904918,0.0,11.519996700425905,0.0587663538601459,1
0.1027346698325924,33705663.27373193,37.48486160069479,0.0,1
0.0022344393739829,92655791.36415708,19.72787630909348,0.0999807117866462,1
0.0,152989478.25275627,33.8746558671575,0.052837739760339,1
0.0419809404914424,570684594.9908015,15.568187786470526,0.0015560882528576,1
0.0424343438990594,183882422.4457604,11.715142568943287,0.0737284592418199,1
0.0055439151210194,105669020.29146376,65.02522549970692,0.0,1
0.0189390234871549,72619834.36781926,10.824158822526227,0.1621220618414573,1
0.0558863123962314,286150237.7258925,18.7387249187565,0.0397819716214273,1
0.0028184493603665,908065119.267788,29.874794123018027,0.0022035154955279,1
0.010103279112571,305154094.945039,41.09625710690045,0.0443037772495001,1
0.0248040238480414,505856203.1791945,13.556739599767331,0.0259006299095554,1
0.0480081041789702,619369401.8006271,23.34282133337836,0.0319583894787581,1
0.0208766225317267,0.0,22.296406351927967,0.1901313019009735,1
0.0016153969011042,464614431.0690993,33.01346725027792,0.0,1
0.071749548573018,18065673.306795742,9.410342728523489,0.0372278876871573,1
0.0150104209639394,329787732.73823225,11.372090124819405,0.0,1
0.0387277652590975,600844001.9482802,25.595300299629265,0.0120479471157132,1
0.0431891156633541,768535789.707221,18.08726407399987,0.0,1
0.0080942769694288,0.0,24.6761403541213,0.1007182011391113,1
0.0390853225234492,282017667.55250424,6.759092956034706,0.0258101211157178,1
0.1061992220600893,32341826.88849702,32.02378873750808,0.043269565965361,1
0.021726603422298,184063700.66942847,30.277057238392448,0.1283042416774398,1
0.004659495193393,595614377.6935626,21.270992576382174,0.0051624017423328,1
0.0293569909829281,767089574.7460245,22.10135662739083,0.0,1
0.0344058099433198,0.0,35.18951175351321,0.0686520717845068,1
0.0005026543889565,296211225.8091122,19.601677598021976,0.0,1
0.0510582653597168,399897863.2265844,26.546139983052544,0.000923745363354,1
0.0,270167458.68495786,27.426132811688348,0.0452271573069594,1
0.0241829565661929,0.0,11.57806132250664,0.0602526923394913,1
0.0126147384351492,199613575.48510596,16.504845430304506,0.065214095779906,1
0.0037221779242512,460802630.7870415,19.23084417935786,0.0,1
0.0308807278770423,914278336.68506,23.251281773359707,0.0,1
0.0,270580236.7381387,19.01759912519122,0.0710311599852983,1
0.0184207886271815,220906470.62648195,56.31977801880821,0.0368186424838624,1
0.0192722675081801,404198323.7212191,28.304437111452707,0.0198367386721635,1
0.0397779141618471,356126075.102211,16.354897566851463,0.0177199765096935,1
0.0188518652639819,805976249.3540955,22.422637340106924,0.062134249075704,1
0.0114308517071959,351490268.4220742,24.727252127131543,0.0075673035410367,1
0.0091252985719682,0.0,37.07318562764701,0.0569934719433204,1
0.0443205036365136,116816568.26178595,20.55287179388821,0.1235197923431748,1
0.0431665047552697,1000817083.2281412,30.95321492724385,0.0280312277537819,1
0.0272850478388592,426465858.79404974,31.164091497022127,0.0,1
0.09013092772234,45547086.45515277,29.33162659819335,0.045846863968088,1
0.0271761624178855,14237658.746035429,12.692837796590537,0.0784523851737435,1
0.0057716054834786,169718666.06019163,27.180361644777275,0.0693647642850759,1
0.0312562141878095,2391815.383702554,32.65966056309764,0.159330858887759,1
0.0385202315705013,571691530.7363614,30.576002684497663,0.009028033919105,1
0.0529442637303585,333506034.7634847,19.324929399069383,0.0129348853326475,1
0.0361810465586011,226644917.95735583,16.812351053364452,0.0624692760709422,1
0.0747306602370339,260568542.6119632,16.23426773681709,0.0,1
0.0167267743035819,18102645.435306303,79.66253511693347,0.0459729420514115,1
0.0311992721851277,493377525.1447877,18.53568836465673,0.0088251294432228,1
0.0412046462735304,246411909.3983588,39.3096935809788,0.1481157875946645,1
0.0152039820459596,195518944.49438107,4.535705459794553,0.048777126325033,1
0.0012740390533662,217622794.9664912,38.14331491681632,0.0276876140270689,1
0.0104929812016805,0.0,5.822315492739385,0.0421901319176374,1
0.0535086341282733,288511904.36948967,12.30535088371426,0.0,1
0.0264236802212591,6151865.949528322,6.216761732801324,0.0553554921334179,1
0.0262325588219077,305321784.94019574,19.373933506557727,0.0520450059784102,1
0.0354274208286678,298813619.5026611,22.64154247140179,0.112800041783285,1
0.0214899350895712,331592969.72501993,11.003953159010036,0.0159115746515507,1
0.0519450739922768,297436887.0648465,14.41196862643801,0.0436627262128785,1
0.0053040780858056,0.0,20.88026358988264,0.1063972193869457,1
0.0357175331092742,160421923.2103502,44.64765670771577,0.0553659676541523,1
0.0865791589771157,18400859.95485501,8.529797030381271,0.01313427703499,1
0.0216737277143663,65378242.333516,71.89275743013503,0.0523855791447129,1
0.0264037577222898,595815965.1159568,14.822147000735264,0.0145729100025941,1
0.0604138240492465,233614325.8856233,37.67002947869397,0.0538040210621363,1
0.0,118965390.29546411,33.90169097009862,0.0626345407592549,1
0.0417483907714165,785288864.3789654,26.238584895567417,0.0449547387385501,1
0.0349996633465768,379371473.8300351,34.17004805863692,0.0250656274360554,1
0.0398912321951617,380166459.6437969,28.148434190018857,0.0229692713653033,1
0.0211095179271485,528261003.20846593,33.22135821941335,0.0139707407227259,1
0.0623102434889841,212437493.71381128,40.73826563787755,0.0,1
0.055960532459867,259233350.3068695,8.973725241778647,0.0332353968868598,1
0.0200937021279462,835034189.2267115,39.527458491634405,0.0348904052742896,1
0.0430256517519439,352404771.55430233,35.79160619503588,0.0,1
0.0,213396434.5633334,29.995258690302013,0.0629113238675178,1
0.1264167793854135,137583707.20104212,18.84804467813391,0.0447770869654496,1
0.0164005466421969,209618808.64491168,28.675236897602808,0.1393514533392753,1
0.0305636091437417,82232555.51907831,28.639936391718688,0.1370833138858436,1
0.0264172142424071,721559867.6155868,24.46084383312742,0.0,1
0.0012405907525097,370357107.39751065,32.57753869145573,0.0316589317724245,1
0.0,0.0,38.36383877361438,0.0447135209878949,1
0.0114931146274021,637814100.4437934,21.79006490622499,0.00171744088054,1
0.0205829680738349,509616580.4575168,15.645464305925492,0.0,1
0.0552263530386124,308340513.4589652,44.674643642201744,0.00544990760667,1
0.0482786774660954,105396654.62611765,11.123519046393412,0.0553706232836051,1
0.1080142193447411,130740237.63593017,30.52429234482158,0.0569532569396679,1
0.03400274018924,286434741.0055497,31.35394457939229,0.1153666914640122,1
0.0614154093479242,260694668.4193132,32.12733268452292,0.0530188994284347,1
0.0116759832458345,54436784.16609149,19.820882755649887,0.1353932001371946,1
0.0289163975758992,479029561.9710599,15.515816232498649,0.0,1
0.0,114371549.57178684,12.570689419382475,0.0506559441161621,1
0.0285325084016615,116205835.10821068,40.15574341353913,0.0591667727724049,1
0.0539001095871785,320682950.5920364,30.317837897732005,0.0167353851856616,1
0.0361803342089563,337046180.402524,10.989979201183363,0.0,1
0.0246107816085822,319930038.89959186,9.297053860625027,0.0,1
0.0448045394468616,0.0,29.60581089052549,0.0696653233963855,1
0.0437107675729419,345358316.1521846,22.884647788748307,0.0484474099296193,1
0.0420726644483525,119716904.537401,6.5658175252259205,0.059854860985572,1
0.0072641160445319,342375385.72382754,21.70122847430849,0.1477258548573319,1
0.0223451225234112,591421003.5484452,28.396104693215243,0.0275160414985043,1
0.0326740408060558,27879079.36542905,22.98650448641532,0.116054379287883,1
0.011049818403058,41055811.91612963,8.043241795548877,0.0481361242447445,1
0.0,182481866.9794845,35.869527618679435,0.0617942401467136,1
0.0141489292981021,0.0,42.31420393197281,0.0517261501384353,1
0.0374567662959413,498853834.12330645,28.36716850424577,0.0004988709127593,1
0.0276136134744733,324166283.9622869,24.29427115995385,0.0475564266353859,1
0.0173031160194827,287213355.6451309,26.19066180737338,0.0651936970653951,1
0.0086245349953463,0.0,31.08887344555671,0.0658932275648099,1
0.0420827894402167,74771959.69286412,24.69190951949246,0.1580509836449445,1
0.0262200024303179,319186606.9406685,37.130772410511725,0.0286032258829698,1
0.0629055261427053,4067810.452082247,9.378517745660028,0.0418306694226207,1
0.0115373762317705,0.0,3.1205551591287843,0.0365981981692097,1
0.037477499039774,462365724.4839777,27.95362992381152,0.0,1
0.0,307723498.8570132,19.09933768860636,0.0102151594354765,1
0.0,280416755.8622712,37.79177426605754,0.0169879143260687,1
0.0407025547050173,383817066.8375709,19.08915036744276,0.0,1
0.0365371393335545,570382287.3351849,31.155481244482043,0.0,1
0.0465209375629004,20409435.3927962,17.45641544320461,0.1223244293663234,1
0.0062413536504236,83146481.7900248,44.21793125947092,0.0468353040054234,1
0.0888110197774572,45301464.255337305,37.541239009931445,0.0132463438256486,1
0.0367570567235494,0.0,24.00733666215049,0.119506245641334,1
0.1144561200668947,219824558.01253945,16.822655431104742,0.0,1
0.0465956086249178,0.0,23.158343751708724,0.2020949707111733,1
0.0118828576645514,81434537.82642713,40.645533667473984,0.0649626926527871,1
0.0426734604761131,18593252.16537701,26.53568761196626,0.0841452209495341,1
0.0120132760875166,613772850.8260994,33.434542153434506,0.0,1
0.0008817264667313,47982769.87047149,48.50241459011168,0.0,1
0.0425523005011628,0.0,25.83284857765899,0.1608685193776247,1
0.0440625707953453,917025524.3596512,35.36966792968,0.0024610816082428,1
0.0267977178546974,769905269.5598623,22.12366936242216,0.0302869557207032,1
0.0047204103146121,0.0,1.239829145380952,0.0,1
0.0685738698075071,0.0,38.37001417704078,0.0200235504984717,1
0.0105255970221272,594866995.0472428,23.779686987220654,0.0,1
0.0292429171090461,685764388.4176002,19.74004708896259,0.0498321934484432,1
0.0,688055774.8335831,22.97168234782208,0.0145784798801055,1
0.0045872460685194,119374919.25720608,63.0639155113988,0.004878068963307,1
0.0501840403368727,407083973.9134761,30.0827449775946,0.0686546669110948,1
0.0588165124023835,145589743.5980972,9.705221184143516,0.045090480736167,1
0.039957492006568,273534922.3924192,27.76475651501353,0.0552551545467013,1
0.0332015937988032,0.0,17.184539899138493,0.1530738263353012,1
0.0293108803496786,749268162.010473,23.16292548204568,0.0170414080517036,1
0.0684101305275427,0.0,38.68101128778744,0.0049272616449787,1
0.0327059771840778,661122847.9716988,16.050697266955545,0.0190926120152669,1
0.0185613636371382,302704334.6371515,9.5158919288877,0.0044837544344302,1
0.0284759617752396,406979136.8009726,13.44211564813089,0.0,1
0.052761712093012,0.0,28.53511792516785,0.0590660194132515,1
0.0653369956671873,99138311.79465884,32.671244256614216,0.0432096645601446,1
0.0026151730708081,685245498.0107713,22.48981699673815,0.0,1
0.0232313514227775,228457947.1105389,26.778424683479383,0.1554709815989398,1
0.007812646522878,350582573.42164505,32.02046374619604,0.0244740791658203,1
0.0099114615780345,560182360.3965526,22.468367180457573,0.0054714999386013,1
0.0358562733538378,170448383.10847762,14.249424261837444,0.0704739071853218,1
0.0053066297485127,238566489.76040453,42.92910417202572,0.0,1
0.0417625826625396,567814704.4303763,28.11032025597661,0.0009709996194272,1
0.0284081110765489,177327411.8781276,21.13523287164509,0.1685397973945439,1
0.03385692900096,96845497.906824,18.586800853138648,0.1352043174772361,1
0.0051861769441751,591825412.8890605,25.007421660127694,0.0065377426514934,1
0.0429939934137723,0.0,21.598949575020846,0.138887404349988,1
0.0165826108637574,414704451.8745203,18.65642456558414,0.0342887313017898,1
0.0670565734503933,107621447.3267609,31.148435534173537,0.0555996180480432,1
0.0262469252291785,66755468.535594136,40.08875139742123,0.0689971571385608,1
0.0159776349137202,332911533.9962127,27.646624500691097,0.0394692586487488,1
0.0511524370549359,203601410.61832157,21.66696717336828,0.0651117452011512,1
0.0022302482323265,0.0,27.63819950853457,0.2065521071596206,1
0.048925815797935,408338571.23539805,31.093994072492983,0.0,1
0.0397349058427226,659644564.7815223,32.54557767570225,0.0340026934117528,1
0.0084688988620654,305168665.0757183,13.583696807728812,0.0,1
0.0420049663530104,200380989.63789728,70.72466943178091,0.0070859507717963,1
0.0364593278950723,308683177.68007153,14.423755307979336,0.0381055448461419,1
0.0516870221366791,220296423.61962363,24.163299658899685,0.1445100369510368,1
0.1050182027256131,206979938.89357477,19.635724829718608,0.0321666434475325,1
0.0248300956806689,382220878.0773845,11.715369236262315,0.0,1
0.0594311425478744,191842838.3141384,13.832003425321066,0.050256720246531,1
0.0380600137571264,132484228.50735474,61.15769523011497,0.0477276143460785,1
0.0313587384405843,241502563.4314167,22.81099310044087,0.1697155599727606,1
0.0384779875879433,501418100.1336932,20.103122734934143,0.0074689203309769,1
0.03224417268181,241468134.34220245,10.90777518682907,0.0645654721129782,1
0.013207778508872,522691480.36338544,27.389604078943684,0.0,1
0.0576998445062465,411385398.6362531,22.05694017161371,0.0133733258048491,1
0.0669010805282767,44263275.45265134,20.377006606410507,0.0553858920089057,1
0.0179148695092555,302111493.0649277,13.725661471622653,0.0467109390462409,1
0.0251781820764006,0.0,27.090974621621942,0.1407214572335045,1
0.0351563510674549,810310520.9482249,22.39288149221504,0.0207274317477955,1
0.0682284487084589,197022865.0256225,34.454225192926174,0.0137585525623355,1
0.0291636059805201,767887948.6047046,30.43907676713448,0.0316836993893418,1
0.0461479322140261,318068431.27723646,39.75012948720456,0.0,1
0.0330475567603174,0.0,14.00502253190496,0.0656580539704783,1
0.0531461736746366,338996208.83334243,27.553722947317045,0.0239338831776609,1
0.0213529545879833,698959953.3389018,14.27489552587012,0.0,1
0.0023542115102382,0.0,47.462751887517086,0.044825187541881,1
0.0182863681534795,161700323.57362878,27.20382657967573,0.183110438180213,1
0.0040127998152385,744252491.8659339,16.791181145298292,0.04316776789883,1
0.0409056479190794,174850299.71487468,21.62190103643078,0.1459053406558053,1
0.0117011805787569,106330921.58044513,41.41100168793661,0.0535280427634387,1
0.055879628810263,0.0,3.4132933756328327,0.0019726500535181,1
0.0483867977493629,607146600.0078524,25.50096299003781,0.0166533798267098,1
0.0152968177593856,42009718.72731498,29.595055755046843,0.1406776992874213,1
0.0,207334027.7801644,18.025306755221436,0.0522591208239201,1
0.0376467153327438,605061054.0565817,27.85930392138012,0.0,1
0.0118033134572282,0.0,35.200565747465504,0.061780816231823,1
0.0668437214500144,297773772.67327785,30.289520644431143,0.0245027099235371,1
0.02011677215738,0.0,13.91780844165418,0.1178351810888073,1
0.0202438402368336,86978101.1449035,16.172296155318207,0.1328785736331131,1
0.0381611643842563,745004027.6440358,20.284902453882616,0.0,1
0.0220063351623984,0.0,10.018616453772314,0.0562948031823243,1
0.0436727223305943,780437754.7704929,24.695557510066923,0.0,1
0.0416139006885008,196756391.4955736,46.18570403951347,0.043020481769466,1
0.046606468455274,194357589.8026599,16.83380734387093,0.1122785682940922,1
0.034190207132259,473023654.0434879,29.576451458946693,0.0326914911335464,1
0.0044026972411975,45897783.54856726,5.073593596703095,0.03746215084326,1
0.011004330489078,0.0,21.59311133896817,0.1266606354078912,1
0.0282653657755482,458377074.3500526,38.36651456430155,0.035096647895238,1
0.0396269290301781,313895985.7895613,43.63640487362843,0.0549946926975327,1
0.0243471797051304,590870548.2278558,29.353184874711832,0.04169895248785,1
0.0786419675625356,57004949.830805466,33.297530806408304,0.0444714519598907,1
0.0280695495782589,629973542.1080568,29.623289025099496,0.0,1
0.0385546377838836,770299806.3511566,18.66715273782016,0.0184941127711267,1
0.0332844517211207,203791794.68696144,4.173991181133477,0.0714826496571976,1
0.0321708568982028,670566259.875621,21.46638172974813,0.0025026478852961,1
0.0278679812913595,285598579.995759,14.961225568805908,0.0560525990177422,1
0.041083507243124,345343871.5639177,14.897796560032154,0.0,1
0.0189776894942643,242994773.95369816,23.23275151142232,0.0638298901079041,1
0.0504741634183211,0.0,24.70700558415219,0.0663539295389209,1
0.0640788439084218,281910779.5642536,47.46943619773576,0.0419559231950704,1
0.0476402826018986,1961668.811464965,33.04300137294042,0.0582847468946,1
0.065880685679928,0.0,25.636022275624867,0.0621586408770654,1
0.0524657002427599,174523116.66503116,1.7202242828894183,0.0,1
0.0248412178349216,754187057.8687052,24.38462767535374,0.0262498441583541,1
0.021039495411874,230730393.04088995,71.43041451302075,0.0441513750431508,1
0.1054215084920865,215769413.16468337,17.646564550488964,0.0309596970255266,1
0.0231985319821275,79202271.88422203,7.882354098963276,0.0653351992991881,1
0.0291594119479767,393557719.8807869,39.45933012140896,0.0191079477352848,1
0.1211517175350613,208860416.3960164,28.364054933252103,0.0,1
0.0369347296098423,0.0,26.20966388986356,0.1209571535644045,1
0.024123050214083,907858056.4753368,17.85822264604034,0.0281060846263263,1
0.0216348823774214,441629579.3791244,25.028383935605,0.0299787333426315,1
0.0397620871233627,66910169.52039675,10.458724290327227,0.0615742480108413,1
0.0494326798147954,315284352.59132504,25.293831487946218,0.0387618244112292,1
0.0512425414796312,344872625.50983226,30.939669362400195,0.0286937904494878,1
0.0142976149461372,671985021.5833166,21.83877871820818,0.0275333766020693,1
0.1068421397977842,222621663.3353994,9.397920990992525,0.0,1
0.0577722611721965,216989623.62065268,20.45005319287277,0.0589162945503838,1
0.0396260510341722,67771063.05377229,28.76882507268101,0.1324449873405365,1
0.0216819810623476,367307104.2618508,68.77396256453193,0.0,1
0.021962217253096,142651491.6252877,40.85665374800245,0.1783627546985883,1
0.0,180980068.43106127,38.66889249518207,0.0525894870169214,1
0.0224483542189943,251700862.7957933,43.54098886367399,0.0535087260845913,1
0.0524124080543663,0.0,7.993755221516544,0.0424172167025712,1
0.0622576697909771,10227691.078555718,21.50065716717272,0.0566039534725689,1
0.0326432992769908,662101437.7524469,30.626282157566266,0.0,1
0.0142489619025799,578800974.5550818,37.46529918695196,0.0,1
