timestamp,requests,memory,threads,cpu,anomaly
2026-03-22 21:58:34.851,17929283.0,23.0,0.03207,0.0,0
2026-03-22 21:58:36.718,17929283.0,23.0,0.01645,0.0,0
2026-03-22 21:58:49.851,18279362.0,23.0,0.01904,0.0024700816234077,0
2026-03-22 21:58:51.718,18279362.0,23.0,0.0428,0.0024700816234077,0
2026-03-22 21:59:04.851,18301779.0,23.0,0.03969,0.0207341992922403,0
2026-03-22 21:59:06.718,18301779.0,23.0,0.04456,0.0207341992922403,0
2026-03-22 21:59:19.851,18325549.0,23.0,0.02392,0.0096069296200795,0
2026-03-22 21:59:21.718,18325549.0,23.0,0.04386,0.0096069296200795,0
2026-03-22 21:59:34.851,18609491.0,23.0,0.04289,0.0033353007939725,0
2026-03-22 21:59:36.718,18609491.0,23.0,0.04973,0.0033353007939725,0
2026-03-22 21:59:49.851,18618403.0,23.0,0.02043,0.0018904476107284,0
2026-03-22 21:59:51.718,18618403.0,23.0,0.04522,0.0018904476107284,0
2026-03-22 22:00:04.851,18624905.0,23.0,0.0444,0.0039451215008166,0
2026-03-22 22:00:06.718,18624905.0,23.0,0.04364,0.0039451215008166,0
2026-03-22 22:00:19.851,18904213.0,23.0,0.02377,0.002140170611153,0
2026-03-22 22:00:21.718,18904213.0,23.0,0.04733,0.002140170611153,0
2026-03-22 22:00:34.851,18916549.0,23.0,0.01986,0.0024456683970898,0
2026-03-22 22:00:36.718,18916549.0,23.0,0.04584,0.0024456683970898,0
2026-03-22 22:00:49.851,18923629.0,23.0,0.0144,0.0017512245727044,0
2026-03-22 22:00:51.718,18923629.0,23.0,0.04221,0.0017512245727044,0
2026-03-22 22:01:04.851,19200044.0,23.0,0.04353,0.0029195415022322,0
2026-03-22 22:01:06.718,19200044.0,23.0,0.03494,0.0029195415022322,0
2026-03-22 22:01:19.851,19209502.0,23.0,0.0325,0.0022513001308696,0
2026-03-22 22:01:21.718,19209502.0,23.0,0.04825,0.0022513001308696,0
2026-03-22 22:01:34.851,19224882.0,23.0,0.02529,0.0020290393607639,0
2026-03-22 22:01:36.718,19224882.0,23.0,0.0276,0.0020290393607639,0
2026-03-22 22:01:49.851,19228716.0,23.0,0.01904,0.0021942978766277,0
2026-03-22 22:01:51.718,19228716.0,23.0,0.03549,0.0021942978766277,0
2026-03-22 22:02:04.851,19493965.0,23.0,0.0242,0.0032809137529727,0
2026-03-22 22:02:06.718,19493965.0,23.0,0.03477,0.0032809137529727,0
2026-03-22 22:02:19.851,19506366.0,23.0,0.04255,0.0018896877185822,0
2026-03-22 22:02:21.718,19506366.0,23.0,0.03495,0.0018896877185822,0
2026-03-22 22:02:34.851,19525254.0,23.0,0.04031,0.0024182058178241,0
2026-03-22 22:02:36.718,19525254.0,23.0,0.029,0.0024182058178241,0
2026-03-22 22:02:49.851,19789955.0,23.0,0.03166,0.0020566497926386,0
2026-03-22 22:02:51.718,19789955.0,23.0,0.03884,0.0020566497926386,0
2026-03-22 22:03:04.851,19800740.0,23.0,0.03392,0.0022519677873676,0
2026-03-22 22:03:06.718,19800740.0,23.0,0.01234,0.0022519677873676,0
2026-03-22 22:03:19.851,19802248.0,23.0,0.03629,0.002500964741764,0
2026-03-22 22:03:21.718,19802248.0,23.0,0.02904,0.002500964741764,0
2026-03-22 22:03:34.851,19808087.0,23.0,0.03961,0.0024439492149643,0
2026-03-22 22:03:36.718,19808087.0,23.0,0.02359,0.0024439492149643,0
2026-03-22 22:03:49.851,20072933.0,23.0,0.01749,0.0018897799525479,0
2026-03-22 22:03:51.718,20072933.0,23.0,0.0293,0.0018897799525479,0
2026-03-22 22:04:04.851,20076654.0,23.0,0.04037,0.0033574769013216,0
2026-03-22 22:04:06.718,20076654.0,23.0,0.03587,0.0033574769013216,0
2026-03-22 22:04:19.851,20086882.0,23.0,0.03082,0.0020283009611898,0
2026-03-22 22:04:21.718,20086882.0,23.0,0.03988,0.0020283009611898,0
2026-03-22 22:04:34.851,20092412.0,23.0,0.02989,0.0024998912342287,0
2026-03-22 22:04:36.718,20092412.0,23.0,0.02081,0.0024998912342287,0
2026-03-22 22:04:49.851,20359569.0,23.0,0.01477,0.0016953916712971,0
2026-03-22 22:04:51.718,20359569.0,23.0,0.0383,0.0016953916712971,0
2026-03-22 22:05:04.851,20373786.0,23.0,0.04423,0.0032222629620018,0
2026-03-22 22:05:06.718,20373786.0,23.0,0.03093,0.0032222629620018,0
2026-03-22 22:05:19.851,20374624.0,23.0,0.04418,0.0018902615347403,0
2026-03-22 22:05:21.718,20374624.0,23.0,0.0251,0.0018902615347403,0
2026-03-22 22:05:34.851,20379252.0,23.0,0.01948,0.00233411318776,0
2026-03-22 22:05:36.718,20379252.0,23.0,0.0143,0.00233411318776,0
2026-03-22 22:05:49.851,20646329.0,23.0,0.01017,0.0021669641985535,0
2026-03-22 22:05:51.718,20646329.0,23.0,0.02332,0.0021669641985535,0
2026-03-22 22:06:04.851,20657138.0,23.0,0.03252,0.0029742093007025,0
2026-03-22 22:06:06.718,20657138.0,23.0,0.01096,0.0029742093007025,0
2026-03-22 22:06:19.851,20664485.0,23.0,0.03984,0.0017783719524147,0
2026-03-22 22:06:21.718,20664485.0,23.0,0.02271,0.0017783719524147,0
2026-03-22 22:06:34.851,20674461.0,23.0,0.04589,0.002614210027937,0
2026-03-22 22:06:36.718,20674461.0,23.0,0.01528,0.002614210027937,0
2026-03-22 22:06:49.851,20937297.0,23.0,0.02589,0.0021674669779004,0
2026-03-22 22:06:51.718,20937297.0,23.0,0.03285,0.0021674669779004,0
2026-03-22 22:07:04.851,20938261.0,23.0,0.02272,0.0031409660788569,0
2026-03-22 22:07:06.718,20938261.0,23.0,0.04333,0.0031409660788569,0
2026-03-22 22:07:19.851,20944946.0,23.0,0.04565,0.0023620404237804,0
2026-03-22 22:07:21.718,20944946.0,23.0,0.04478,0.0023620404237804,0
2026-03-22 22:07:34.851,20947992.0,23.0,0.03854,0.0025574469917109,0
2026-03-22 22:07:36.718,20947992.0,23.0,0.04774,0.0025574469917109,0
2026-03-22 22:07:49.851,21212976.0,23.0,0.04871,0.0021116322227068,0
2026-03-22 22:07:51.718,21212976.0,23.0,0.02496,0.0021116322227068,0
2026-03-22 22:08:04.851,21216685.0,23.0,0.03996,0.0029184485225778,0
2026-03-22 22:08:06.718,21216685.0,23.0,0.03882,0.0029184485225778,0
2026-03-22 22:08:19.851,21219259.0,23.0,0.04306,0.0017509094977953,0
2026-03-22 22:08:21.718,21219259.0,23.0,0.01087,0.0017509094977953,0
2026-03-22 22:08:34.851,21486336.0,23.0,0.03789,0.002251039682296,0
2026-03-22 22:08:36.718,21486336.0,23.0,0.03535,0.002251039682296,0
2026-03-22 22:08:49.851,21497269.0,23.0,0.04012,0.002083890372201,0
2026-03-22 22:08:51.718,21497269.0,23.0,0.04414,0.002083890372201,0
2026-03-22 22:09:04.851,21501492.0,23.0,0.03682,0.0032534318501864,0
2026-03-22 22:09:06.718,21501492.0,23.0,0.04607,0.0032534318501864,0
2026-03-22 22:09:19.851,21516728.0,23.0,0.0153,0.0023889284693071,0
2026-03-22 22:09:21.718,21516728.0,23.0,0.0454,0.0023889284693071,0
2026-03-22 22:09:34.851,21782348.0,23.0,0.01887,0.0025570790448482,0
2026-03-22 22:09:36.718,21782348.0,23.0,0.04111,0.0025570790448482,0
2026-03-22 22:09:49.851,21785181.0,23.0,0.02825,0.002083024958165,0
2026-03-22 22:09:51.718,21785181.0,23.0,0.03258,0.002083024958165,0
2026-03-22 22:10:04.851,21786814.0,23.0,0.0439,0.0029718240792427,0
2026-03-22 22:10:06.718,21786814.0,23.0,0.03686,0.0029718240792427,0
2026-03-22 22:10:19.851,21789830.0,23.0,0.04417,0.002277466034733,0
2026-03-22 22:10:21.718,21789830.0,23.0,0.03934,0.002277466034733,0
2026-03-22 22:10:34.851,22064715.0,23.0,0.0355,0.0025299683060329,0
2026-03-22 22:10:36.718,22064715.0,23.0,0.02399,0.0025299683060329,0
2026-03-22 22:10:49.851,22067299.0,23.0,0.03579,0.0020838362591931,0
2026-03-22 22:10:51.718,22067299.0,23.0,0.01535,0.0020838362591931,0
2026-03-22 22:11:04.851,22072198.0,23.0,0.01541,0.0058094183508593,0
2026-03-22 22:11:06.718,22072198.0,23.0,0.02936,0.0058094183508593,0
2026-03-22 22:11:19.851,22078566.0,23.0,0.0386,0.0031963011184208,0
2026-03-22 22:11:21.718,22078566.0,23.0,0.01651,0.0031963011184208,0
2026-03-22 22:11:34.851,22350937.0,23.0,0.02519,0.0028622059908128,0
2026-03-22 22:11:36.718,22350937.0,23.0,0.03162,0.0028622059908128,0
2026-03-22 22:11:49.851,22355788.0,23.0,0.03861,0.0022510762739645,0
2026-03-22 22:11:51.718,22355788.0,23.0,0.03245,0.0022510762739645,0
2026-03-22 22:12:04.851,22361325.0,23.0,0.02478,0.0033621919831897,0
2026-03-22 22:12:06.718,22361325.0,23.0,0.01605,0.0033621919831897,0
2026-03-22 22:12:19.851,22366388.0,23.0,0.01776,0.0020564460766473,0
2026-03-22 22:12:21.718,22366388.0,23.0,0.0387,0.0020564460766473,0
2026-03-22 22:12:34.851,22631741.0,23.0,0.04744,0.002057336425445,0
2026-03-22 22:12:36.718,22631741.0,23.0,0.01591,0.002057336425445,0
2026-03-22 22:12:49.851,22644582.0,23.0,0.01558,0.0027784286536777,0
2026-03-22 22:12:51.718,22644582.0,23.0,0.01549,0.0027784286536777,0
2026-03-22 22:13:04.851,22646990.0,23.0,0.03188,0.0035012636101052,0
2026-03-22 22:13:06.718,22646990.0,23.0,0.02892,0.0035012636101052,0
2026-03-22 22:13:19.851,22647956.0,23.0,0.03202,0.0031402258571502,0
2026-03-22 22:13:21.718,22647956.0,23.0,0.03894,0.0031402258571502,0
2026-03-22 22:13:34.851,16998517.0,23.0,0.02087,0.0027522830338751,0
2026-03-22 22:13:36.718,16998517.0,23.0,0.02113,0.0027522830338751,0
2026-03-22 22:13:49.851,17003639.0,23.0,0.04797,0.0024457624648627,0
2026-03-22 22:13:51.718,17003639.0,23.0,0.02973,0.0024457624648627,0
2026-03-22 22:14:04.851,17267277.0,23.0,0.04738,0.0034472095555281,0
2026-03-22 22:14:06.718,17267277.0,23.0,0.01019,0.0034472095555281,0
2026-03-22 22:14:19.851,17274950.0,23.0,0.0297,0.0022509285727709,0
2026-03-22 22:14:21.718,17274950.0,23.0,0.04468,0.0022509285727709,0
2026-03-22 22:14:34.851,17298980.0,23.0,0.01472,0.002889280311292,0
2026-03-22 22:14:36.718,17298980.0,23.0,0.01343,0.002889280311292,0
2026-03-22 22:14:49.851,17569294.0,23.0,0.02973,0.0024739288194328,0
2026-03-22 22:14:51.718,17569294.0,23.0,0.02868,0.0024739288194328,0
2026-03-22 22:15:04.851,17569294.0,23.0,0.04452,0.0046129542154832,0
2026-03-22 22:15:06.718,17569294.0,23.0,0.01862,0.0046129542154832,0
2026-03-22 22:15:19.851,17569422.0,23.0,0.041,0.0025015965750989,0
2026-03-22 22:15:21.718,17569422.0,23.0,0.04363,0.0025015965750989,0
2026-03-22 22:15:34.851,17834365.0,23.0,0.02467,0.0024720121369032,0
2026-03-22 22:15:36.718,17834365.0,23.0,0.03286,0.0024720121369032,0
2026-03-22 22:15:49.851,17836172.0,23.0,0.04055,0.0020849659309068,0
2026-03-22 22:15:51.718,17836172.0,23.0,0.02277,0.0020849659309068,0
2026-03-22 22:16:04.851,17838057.0,23.0,0.02538,0.0038922308080956,0
2026-03-22 22:16:06.718,17838057.0,23.0,0.03327,0.0038922308080956,0
2026-03-22 22:16:19.851,17840969.0,23.0,0.03532,0.0028078024720048,0
2026-03-22 22:16:21.718,17840969.0,23.0,0.04163,0.0028078024720048,0
2026-03-22 22:16:34.851,18110222.0,23.0,0.02063,0.0025559467540552,0
2026-03-22 22:16:36.718,18110222.0,23.0,0.02181,0.0025559467540552,0
2026-03-22 22:16:49.851,18110814.0,23.0,0.02039,0.0022787815585333,0
2026-03-22 22:16:51.718,18110814.0,23.0,0.04299,0.0022787815585333,0
2026-03-22 22:17:04.851,18111142.0,23.0,0.02612,0.0032794126450362,0
2026-03-22 22:17:06.718,18111142.0,23.0,0.01333,0.0032794126450362,0
2026-03-22 22:17:19.851,18112370.0,23.0,0.0392,0.0026686149314447,0
2026-03-22 22:17:21.718,18112370.0,23.0,0.02439,0.0026686149314447,0
2026-03-22 22:17:34.851,18377257.0,23.0,0.04039,0.0025003574845482,0
2026-03-22 22:17:36.718,18377257.0,23.0,0.04854,0.0025003574845482,0
2026-03-22 22:17:49.851,18390148.0,23.0,0.04827,0.0024169840649967,0
2026-03-22 22:17:51.718,18390148.0,23.0,0.0265,0.0024169840649967,0
2026-03-22 22:18:04.851,18393757.0,23.0,0.02757,0.0031693589860193,0
2026-03-22 22:18:06.718,18393757.0,23.0,0.04133,0.0031693589860193,0
2026-03-22 22:18:19.851,18394173.0,23.0,0.04217,0.0024459093982372,0
2026-03-22 22:18:21.718,18394173.0,23.0,0.02584,0.0024459093982372,0
2026-03-22 22:18:34.851,18394572.0,23.0,0.04584,0.0026668000342947,0
2026-03-22 22:18:36.718,18394572.0,23.0,0.02884,0.0026668000342947,0
2026-03-22 22:18:49.851,18395804.0,23.0,0.04855,0.0025285394463671,0
2026-03-22 22:18:51.718,18395804.0,23.0,0.01485,0.0025285394463671,0
2026-03-22 22:19:04.851,18395916.0,23.0,0.04018,0.0036410230073342,0
2026-03-22 22:19:06.718,18395916.0,23.0,0.03697,0.0036410230073342,0
2026-03-22 22:19:19.851,18396833.0,23.0,0.0165,0.0029182250909232,0
2026-03-22 22:19:21.718,18396833.0,23.0,0.04224,0.0029182250909232,0
2026-03-22 22:19:34.851,18660938.0,23.0,0.03887,0.0023909852055429,0
2026-03-22 22:19:36.718,18660938.0,23.0,0.02341,0.0023909852055429,0
2026-03-22 22:19:49.851,18665845.0,23.0,0.02281,0.0024177058791833,0
2026-03-22 22:19:51.718,18665845.0,23.0,0.01862,0.0024177058791833,0
2026-03-22 22:20:04.851,18677244.0,23.0,0.04283,0.002864710261087,0
2026-03-22 22:20:06.718,18677244.0,23.0,0.02875,0.002864710261087,0
2026-03-22 22:20:19.851,18679040.0,23.0,0.04149,0.0022494288514583,0
2026-03-22 22:20:21.718,18679040.0,23.0,0.04294,0.0022494288514583,0
2026-03-22 22:20:34.851,18941360.0,23.0,0.03034,0.002558955848656,0
2026-03-22 22:20:36.718,18941360.0,23.0,0.04847,0.002558955848656,0
2026-03-22 22:20:49.851,18946384.0,23.0,0.01599,0.0025572254123052,0
2026-03-22 22:20:51.718,18946384.0,23.0,0.02959,0.0025572254123052,0
2026-03-22 22:21:04.851,18946576.0,23.0,0.0156,0.0033358028210116,0
2026-03-22 22:21:06.718,18946576.0,23.0,0.01453,0.0033358028210116,0
2026-03-22 22:21:19.851,19210382.0,23.0,0.02434,0.002640486008433,0
2026-03-22 22:21:21.718,19210382.0,23.0,0.02251,0.002640486008433,0
2026-03-22 22:21:34.851,19211576.0,23.0,0.02135,0.0024747089498238,0
2026-03-22 22:21:36.718,19211576.0,23.0,0.03056,0.0024747089498238,0
2026-03-22 22:21:49.851,19212938.0,23.0,0.03432,0.0022219475428495,0
2026-03-22 22:21:51.718,19212938.0,23.0,0.01077,0.0022219475428495,0
2026-03-22 22:22:04.851,19213855.0,23.0,0.01374,0.0031418576413933,0
2026-03-22 22:22:06.718,19213855.0,23.0,0.04343,0.0031418576413933,0
2026-03-22 22:22:19.851,19477984.0,23.0,0.0479,0.0019728909394607,0
2026-03-22 22:22:21.718,19477984.0,23.0,0.01276,0.0019728909394607,0
2026-03-22 22:22:34.851,19487813.0,23.0,0.0274,0.0023905960778023,0
2026-03-22 22:22:36.718,19487813.0,23.0,0.03336,0.0023905960778023,0
2026-03-22 22:22:49.851,19488086.0,25.0,0.02306,0.0020833912459569,0
2026-03-22 22:22:51.718,19488086.0,25.0,0.03745,0.0020833912459569,0
2026-03-22 22:23:04.851,19751292.0,23.0,0.0263,0.003198452586715,0
2026-03-22 22:23:06.718,19751292.0,23.0,0.03375,0.003198452586715,0
2026-03-22 22:23:19.851,19751792.0,23.0,0.03638,0.0025288939606412,0
2026-03-22 22:23:21.718,19751792.0,23.0,0.04204,0.0025288939606412,0
2026-03-22 22:23:34.851,19756497.0,23.0,0.02067,0.002750502238012,0
2026-03-22 22:23:36.718,19756497.0,23.0,0.0141,0.002750502238012,0
2026-03-22 22:23:49.851,20019726.0,23.0,0.02688,0.002223854919504,0
2026-03-22 22:23:51.718,20019726.0,23.0,0.01108,0.002223854919504,0
2026-03-22 22:24:04.851,20022571.0,23.0,0.03106,0.0031145062976374,0
2026-03-22 22:24:06.718,20022571.0,23.0,0.03078,0.0031145062976374,0
2026-03-22 22:24:19.851,20032349.0,25.0,0.01242,0.0022792614107879,0
2026-03-22 22:24:21.718,20032349.0,25.0,0.02926,0.0022792614107879,0
2026-03-22 22:24:34.851,20036028.0,23.0,0.02303,0.0025564842747425,0
2026-03-22 22:24:36.718,20036028.0,23.0,0.01429,0.0025564842747425,0
2026-03-22 22:24:49.851,20302496.0,23.0,0.03005,0.0022228170892575,0
2026-03-22 22:24:51.718,20302496.0,23.0,0.02695,0.0022228170892575,0
2026-03-22 22:25:04.851,20303972.0,23.0,0.02977,0.0030037655312811,0
2026-03-22 22:25:06.718,20303972.0,23.0,0.03845,0.0030037655312811,0
2026-03-22 22:25:19.851,20304330.0,23.0,0.01471,0.0032507993743432,0
2026-03-22 22:25:21.718,20304330.0,23.0,0.03916,0.0032507993743432,0
2026-03-22 22:25:34.851,20305502.0,23.0,0.03608,0.002194878926748,0
2026-03-22 22:25:36.718,20305502.0,23.0,0.03767,0.002194878926748,0
2026-03-22 22:25:49.851,20568048.0,23.0,0.02663,0.0024184106733334,0
2026-03-22 22:25:51.718,20568048.0,23.0,0.03388,0.0024184106733334,0
2026-03-22 22:26:04.851,20568048.0,23.0,0.01828,0.0029196729515378,0
2026-03-22 22:26:06.718,20568048.0,23.0,0.04198,0.0029196729515378,0
2026-03-22 22:26:19.851,20570529.0,25.0,0.01737,0.0024159529583394,0
2026-03-22 22:26:21.718,20570529.0,25.0,0.02838,0.0024159529583394,0
2026-03-22 22:26:34.851,20571124.0,23.0,0.02578,0.0021385255401102,0
2026-03-22 22:26:36.718,20571124.0,23.0,0.02205,0.0021385255401102,0
2026-03-22 22:26:49.851,20834778.0,23.0,0.04306,0.0021940622685583,0
2026-03-22 22:26:51.718,20834778.0,23.0,0.02332,0.0021940622685583,0
2026-03-22 22:27:04.851,20835938.0,23.0,0.02884,0.0024741711316494,0
2026-03-22 22:27:06.718,20835938.0,23.0,0.04338,0.0024741711316494,0
2026-03-22 22:27:19.851,22773928.0,23.0,0.03715,0.0054747106202458,0
2026-03-22 22:27:21.718,22773928.0,23.0,0.01815,0.0054747106202458,0
2026-03-22 22:27:34.851,23039706.0,23.0,0.03093,0.0021396866811985,0
2026-03-22 22:27:36.718,23039706.0,23.0,0.03403,0.0021396866811985,0
2026-03-22 22:27:49.851,23041933.0,23.0,0.04111,0.0026397616438489,0
2026-03-22 22:27:51.718,23041933.0,23.0,0.01048,0.0026397616438489,0
2026-03-22 22:28:04.851,23044952.0,23.0,0.01448,0.0031111933000473,0
2026-03-22 22:28:06.718,23044952.0,23.0,0.04413,0.0031111933000473,0
2026-03-22 22:28:19.851,23049976.0,23.0,0.02037,0.0025015771046656,0
2026-03-22 22:28:21.718,23049976.0,23.0,0.02386,0.0025015771046656,0
2026-03-22 22:28:34.851,23317060.0,23.0,0.04016,0.0020850765971287,0
2026-03-22 22:28:36.718,23317060.0,23.0,0.03487,0.0020850765971287,0
2026-03-22 22:28:49.851,23338139.0,23.0,0.02948,0.0300942586529956,0
2026-03-22 22:28:51.718,23338139.0,23.0,0.01145,0.0300942586529956,0
2026-03-22 22:29:04.851,23569009.0,23.0,0.01865,0.0031409687783389,0
2026-03-22 22:29:06.718,23569009.0,23.0,0.04244,0.0031409687783389,0
2026-03-22 22:29:19.851,23433933.0,23.0,0.01664,0.0027802076482497,0
2026-03-22 22:29:21.718,23433933.0,23.0,0.0377,0.0027802076482497,0
2026-03-22 22:29:34.851,23858544.0,23.0,0.04824,0.0023895952624438,0
2026-03-22 22:29:36.718,23858544.0,23.0,0.04847,0.0023895952624438,0
2026-03-22 22:29:49.851,23665401.0,23.0,0.02593,0.0024731710589661,0
2026-03-22 22:29:51.718,23665401.0,23.0,0.02547,0.0024731710589661,0
2026-03-22 22:30:04.851,23672671.0,23.0,0.04379,0.0038344534302137,0
2026-03-22 22:30:06.718,23672671.0,23.0,0.03768,0.0038344534302137,0
2026-03-22 22:30:19.851,17754537.0,24.0,0.01994,0.0239053837665058,0
2026-03-22 22:30:21.718,17754537.0,24.0,0.04302,0.0239053837665058,0
2026-03-22 22:30:34.851,18029284.0,23.0,0.0262,0.0078857849422996,0
2026-03-22 22:30:36.718,18029284.0,23.0,0.02035,0.0078857849422996,0
2026-03-22 22:30:49.851,18033732.0,23.0,0.04928,0.0029714137652215,0
2026-03-22 22:30:51.718,18033732.0,23.0,0.02616,0.0029714137652215,0
2026-03-22 22:31:04.851,18034052.0,23.0,0.03216,0.00280748580892,0
2026-03-22 22:31:06.718,18034052.0,23.0,0.02419,0.00280748580892,0
2026-03-22 22:31:19.851,18303104.0,24.0,0.01575,0.0028334111103646,0
2026-03-22 22:31:21.718,18303104.0,24.0,0.01783,0.0028334111103646,0
2026-03-22 22:31:34.851,18307523.0,23.0,0.03675,0.0023616715111357,0
2026-03-22 22:31:36.718,18307523.0,23.0,0.01261,0.0023616715111357,0
2026-03-22 22:31:49.851,18307523.0,23.0,0.04653,0.0023618558507197,0
2026-03-22 22:31:51.718,18307523.0,23.0,0.04161,0.0023618558507197,0
2026-03-22 22:32:04.851,18308141.0,23.0,0.03276,0.0029734496301991,0
2026-03-22 22:32:06.718,18308141.0,23.0,0.04902,0.0029734496301991,0
2026-03-22 22:32:19.851,18308429.0,23.0,0.01146,0.0024736880677278,0
2026-03-22 22:32:21.718,18308429.0,23.0,0.01737,0.0024736880677278,0
2026-03-22 22:32:34.851,18309293.0,23.0,0.04976,0.0022222810993454,0
2026-03-22 22:32:36.718,18309293.0,23.0,0.01343,0.0022222810993454,0
2026-03-22 22:32:49.851,18309833.0,23.0,0.0372,0.0021956692864257,0
2026-03-22 22:32:51.718,18309833.0,23.0,0.02116,0.0021956692864257,0
2026-03-22 22:33:04.851,18311421.0,24.0,0.04127,0.0031397251043373,0
2026-03-22 22:33:06.718,18311421.0,24.0,0.04663,0.0031397251043373,0
2026-03-22 22:33:19.851,18574669.0,23.0,0.03422,0.0029176704508829,0
2026-03-22 22:33:21.718,18574669.0,23.0,0.04929,0.0029176704508829,0
2026-03-22 22:33:34.851,18576641.0,23.0,0.02008,0.0021408741180314,0
2026-03-22 22:33:36.718,18576641.0,23.0,0.02024,0.0021408741180314,0
2026-03-22 22:33:49.851,18577546.0,23.0,0.01635,0.0025840587552417,0
2026-03-22 22:33:51.718,18577546.0,23.0,0.02397,0.0025840587552417,0
2026-03-22 22:34:04.851,69582012.0,24.0,0.02254,0.0043022600130491,0
2026-03-22 22:34:06.718,69582012.0,24.0,0.02931,0.0043022600130491,0
2026-03-22 22:34:19.851,279821500.0,23.0,0.04225,0.0066828158741344,0
2026-03-22 22:34:21.718,279821500.0,23.0,0.03433,0.0066828158741344,0
2026-03-22 22:34:34.851,17673662.0,23.0,0.02547,0.0029163352088419,0
2026-03-22 22:34:36.718,17673662.0,23.0,0.02414,0.0029163352088419,0
2026-03-22 22:34:49.851,179158606.0,24.0,0.04865,0.0030569729597692,0
2026-03-22 22:34:51.718,179158606.0,24.0,0.04731,0.0030569729597692,0
2026-03-22 22:35:04.851,280086126.0,23.0,0.0232,0.0034194492928091,0
2026-03-22 22:35:06.718,280086126.0,23.0,0.03826,0.0034194492928091,0
2026-03-22 22:35:19.851,280086126.0,23.0,0.03068,0.0031946916398935,0
2026-03-22 22:35:21.718,280086126.0,23.0,0.02756,0.0031946916398935,0
2026-03-22 22:35:34.851,18133791.0,23.0,0.0153,0.0023891920147068,0
2026-03-22 22:35:36.718,18133791.0,23.0,0.01778,0.0023891920147068,0
2026-03-22 22:35:49.851,18399119.0,23.0,0.01131,0.0026676365410268,0
2026-03-22 22:35:51.718,18399119.0,23.0,0.04866,0.0026676365410268,0
2026-03-22 22:36:04.851,18399839.0,23.0,0.04981,0.0028080225873819,0
2026-03-22 22:36:06.718,18399839.0,23.0,0.03206,0.0028080225873819,0
2026-03-22 22:36:19.851,18662255.0,23.0,0.01259,0.0028048916539809,0
2026-03-22 22:36:21.718,18662255.0,23.0,0.03849,0.0028048916539809,0
2026-03-22 22:36:34.851,18925743.0,23.0,0.03397,0.0024725951620967,0
2026-03-22 22:36:36.718,18925743.0,23.0,0.04884,0.0024725951620967,0
2026-03-22 22:36:49.851,18925743.0,23.0,0.03269,0.0025009479183594,0
2026-03-22 22:36:51.718,18925743.0,23.0,0.03183,0.0025009479183594,0
2026-03-22 22:37:06.718,19189807.0,23.0,0.04068,0.0026415980367886,0
2026-03-22 22:37:21.718,19193016.0,23.0,0.02598,0.0032487485685297,0
2026-03-22 22:37:36.718,19455464.0,23.0,0.04013,0.001806186593862,0
2026-03-22 22:37:51.718,19455464.0,23.0,0.04137,0.0027513920655148,0
2026-03-22 22:38:06.718,19456040.0,23.0,0.02787,0.0030560592986015,0
2026-03-22 22:38:21.718,19456445.0,23.0,0.02312,0.0023902815240881,0
2026-03-22 22:38:36.718,19723053.0,23.0,0.02043,0.0019450025212421,0
2026-03-22 22:38:51.718,19723213.0,23.0,0.01127,0.0023350778566862,0
2026-03-22 22:39:06.718,19985837.0,23.0,0.03063,0.0027790584846744,0
2026-03-22 22:39:21.718,19987970.0,23.0,0.0185,0.0028911541319458,0
2026-03-22 22:39:36.718,20253826.0,23.0,0.01779,0.0019736694126055,0
2026-03-22 22:39:51.718,20259218.0,23.0,0.01289,0.0030811505553957,0
2026-03-22 22:40:06.718,20521362.0,23.0,0.04952,0.0024460040795207,0
2026-03-22 22:40:21.718,20521538.0,23.0,0.02983,0.0026684674248648,0
2026-03-22 22:40:36.718,20522530.0,23.0,0.0408,0.0018335392986169,0
2026-03-22 22:40:51.718,20793491.0,23.0,0.0339,0.0028352634894709,0
2026-03-22 22:41:06.718,20796403.0,23.0,0.0143,0.0029178921282589,0
2026-03-22 22:41:21.718,20800195.0,23.0,0.03688,0.0033626725017201,0
2026-03-22 22:41:36.718,20801253.0,23.0,0.02783,0.0019177976192215,0
2026-03-22 22:41:51.718,20801589.0,23.0,0.03064,0.0029150583059055,0
2026-03-22 22:42:06.718,20801909.0,23.0,0.0461,0.0028637830463932,0
2026-03-22 22:42:21.718,20802095.0,23.0,0.01992,0.0029447627532382,0
2026-03-22 22:42:36.718,20802095.0,23.0,0.04954,0.0020837981876182,0
2026-03-22 22:42:51.718,20802095.0,23.0,0.01921,0.0024708543670026,0
2026-03-22 22:43:06.718,21064383.0,23.0,0.03351,0.0029774008843715,0
2026-03-22 22:43:21.718,21064677.0,23.0,0.0182,0.0028362274180504,0
2026-03-22 22:43:36.718,21066558.0,23.0,0.01475,0.0020552611361683,0
2026-03-22 22:43:51.718,21483380.0,23.0,0.0355,0.0030294488445052,0
2026-03-22 22:44:06.718,21619412.0,23.0,0.02093,0.0024734855849228,0
2026-03-22 22:44:21.718,21622323.0,23.0,0.04134,0.0023630952511601,0
2026-03-22 22:44:36.718,22148653.0,25.0,0.02894,0.0019737430404831,0
2026-03-22 22:44:51.718,22155197.0,23.0,0.03912,0.0025278573867885,0
2026-03-22 22:45:06.718,22425169.0,23.0,0.04515,0.0039478039008777,0
2026-03-22 22:45:21.718,22426129.0,23.0,0.01975,0.0030017448688846,0
2026-03-22 22:45:36.718,22691321.0,23.0,0.01735,0.0020012243485978,0
2026-03-22 22:45:51.718,22957409.0,23.0,0.01408,0.0024165583951204,0
2026-03-22 22:46:06.718,22960260.0,23.0,0.0262,0.0027249124893576,0
2026-03-22 22:46:21.718,23309546.0,23.0,0.01715,0.0025554289745681,0
2026-03-22 22:46:36.718,23247832.0,23.0,0.01246,0.0020015392007878,0
2026-03-22 22:46:51.718,23248409.0,23.0,0.01697,0.0026680582140077,0
2026-03-22 22:47:06.718,23250370.0,23.0,0.01723,0.0028076152275429,0
2026-03-22 22:47:21.718,23514212.0,25.0,0.0372,0.0026137819335968,0
2026-03-22 22:47:36.718,23514580.0,23.0,0.02885,0.0023055396660232,0
2026-03-22 22:47:51.718,23514915.0,23.0,0.02847,0.0023899276811562,0
2026-03-22 22:48:06.718,23777059.0,25.0,0.01003,0.0030291502737978,0
2026-03-22 22:48:21.718,24039507.0,23.0,0.02648,0.0026135044650303,0
2026-03-22 22:48:36.718,24301808.0,23.0,0.02884,0.0017784831379464,0
2026-03-22 22:48:51.718,24564048.0,23.0,0.03182,0.0021683544365597,0
2026-03-22 22:49:06.718,24564384.0,23.0,0.02576,0.0030023751964411,0
2026-03-22 22:49:21.718,25352070.0,23.0,0.04945,0.0029172814493264,0
2026-03-22 22:49:36.718,25352070.0,23.0,0.02013,0.0022788723121988,0
2026-03-22 22:49:51.718,25615755.0,23.0,0.02762,0.0025011710540632,0
2026-03-22 22:50:06.718,25615755.0,23.0,0.03911,0.0028903549806623,0
2026-03-22 22:50:21.718,25880280.0,23.0,0.02809,0.0024730400538086,0
2026-03-22 22:50:36.718,25881518.0,23.0,0.04891,0.0023896323738203,0
2026-03-22 22:50:51.718,26147080.0,23.0,0.03258,0.0025568008810153,0
2026-03-22 22:51:06.718,26147226.0,23.0,0.03101,0.0030279114710791,0
2026-03-22 22:51:21.718,26409680.0,23.0,0.03708,0.00269620623832,0
2026-03-22 22:51:36.718,26409680.0,23.0,0.02053,0.0022222254795704,0
2026-03-22 22:51:51.718,26409776.0,23.0,0.03332,0.0304078555011234,0
2026-03-22 22:52:06.718,26411861.0,23.0,0.04742,0.0030553932712548,0
2026-03-22 22:52:21.718,26413333.0,24.0,0.02703,0.0239907628257623,0
2026-03-22 22:52:36.718,26676294.0,23.0,0.02046,0.0091717637693796,0
2026-03-22 22:52:51.718,26676435.0,23.0,0.04136,0.0025300608863209,0
2026-03-23 20:21:37.923,18614597.0,23.0,0.01006,0.0,0
2026-03-23 20:21:43.526,18614597.0,23.0,0.03323,0.0,0
2026-03-23 20:21:52.923,18946307.0,23.0,0.0245,0.0009765567708971,0
2026-03-23 20:21:58.526,18946307.0,23.0,0.0163,0.0009765567708971,0
2026-03-23 20:22:07.923,18965078.0,23.0,0.04383,0.0015281675684214,0
2026-03-23 20:22:13.526,18965078.0,23.0,0.03773,0.0015281675684214,0
2026-03-23 20:22:22.923,18989886.0,23.0,0.02222,0.0008610929260167,0
2026-03-23 20:22:28.526,18989886.0,23.0,0.03556,0.0008610929260167,0
2026-03-23 20:22:37.923,19268071.0,23.0,0.01508,0.0011940565295584,0
2026-03-23 20:22:43.526,19268071.0,23.0,0.04973,0.0011940565295584,0
2026-03-23 20:22:52.923,19280966.0,23.0,0.0432,0.0005832779135556,0
2026-03-23 20:22:58.526,19280966.0,23.0,0.04903,0.0005832779135556,0
2026-03-23 20:23:07.923,19290901.0,23.0,0.04327,0.0008610188518602,0
2026-03-23 20:23:13.526,19290901.0,23.0,0.03092,0.0008610188518602,0
2026-03-23 20:23:22.923,19301871.0,23.0,0.03503,0.0008057223334074,0
2026-03-23 20:23:28.526,19301871.0,23.0,0.03339,0.0008057223334074,0
2026-03-23 20:23:37.923,19578238.0,23.0,0.01375,0.0010551491344883,0
2026-03-23 20:23:43.526,19578238.0,23.0,0.0358,0.0010551491344883,0
2026-03-23 20:23:52.923,19588958.0,23.0,0.03882,0.0007775927900412,0
2026-03-23 20:23:58.526,19588958.0,23.0,0.04847,0.0007775927900412,0
2026-03-23 20:24:07.923,19601301.0,23.0,0.0342,0.0012492251768674,0
2026-03-23 20:24:13.526,19601301.0,23.0,0.04521,0.0012492251768674,0
2026-03-23 20:24:22.923,19613025.0,23.0,0.02747,0.0010553891233828,0
2026-03-23 20:24:28.526,19613025.0,23.0,0.0454,0.0010553891233828,0
2026-03-23 20:24:37.923,19893043.0,23.0,0.02121,0.0009718162190866,0
2026-03-23 20:24:43.526,19893043.0,23.0,0.01802,0.0009718162190866,0
2026-03-23 20:24:52.923,19895707.0,23.0,0.03966,0.000722055986989,0
2026-03-23 20:24:58.526,19895707.0,23.0,0.01297,0.000722055986989,0
2026-03-23 20:25:07.923,19899479.0,23.0,0.03157,0.0009997227775067,0
2026-03-23 20:25:13.526,19899479.0,23.0,0.02817,0.0009997227775067,0
2026-03-23 20:25:22.923,19908841.0,23.0,0.04226,0.0013880750110474,0
2026-03-23 20:25:28.526,19908841.0,23.0,0.03228,0.0013880750110474,0
2026-03-23 20:25:37.923,20176509.0,23.0,0.04165,0.000944296888725,0
2026-03-23 20:25:43.526,20176509.0,23.0,0.03782,0.000944296888725,0
2026-03-23 20:25:52.923,20183700.0,23.0,0.02997,0.0006942038887819,0
2026-03-23 20:25:58.526,20183700.0,23.0,0.03376,0.0006942038887819,0
2026-03-23 20:26:07.923,20190283.0,23.0,0.02606,0.0012489470911109,0
2026-03-23 20:26:13.526,20190283.0,23.0,0.03224,0.0012489470911109,0
2026-03-23 20:26:22.923,20454498.0,23.0,0.04505,0.0012775006292598,0
2026-03-23 20:26:28.526,20454498.0,23.0,0.04283,0.0012775006292598,0
2026-03-23 20:26:37.923,20474395.0,23.0,0.01362,0.0013050201340371,0
2026-03-23 20:26:43.526,20474395.0,23.0,0.03197,0.0013050201340371,0
2026-03-23 20:26:52.923,20477097.0,23.0,0.01228,0.0005833148518436,0
2026-03-23 20:26:58.526,20477097.0,23.0,0.01023,0.0005833148518436,0
2026-03-23 20:27:07.923,20480818.0,23.0,0.02443,0.0008611114322472,0
2026-03-23 20:27:13.526,20480818.0,23.0,0.03393,0.0008611114322472,0
2026-03-23 20:27:22.923,20753019.0,23.0,0.03833,0.0008887780740742,0
2026-03-23 20:27:28.526,20753019.0,23.0,0.02013,0.0008887780740742,0
2026-03-23 20:27:37.923,20759685.0,23.0,0.03653,0.0011668709510047,0
2026-03-23 20:27:43.526,20759685.0,23.0,0.04901,0.0011668709510047,0
2026-03-23 20:27:52.923,20764090.0,23.0,0.01365,0.000805352234379,0
2026-03-23 20:27:58.526,20764090.0,23.0,0.03785,0.000805352234379,0
2026-03-23 20:28:07.923,20771600.0,23.0,0.03268,0.0012781304324042,0
2026-03-23 20:28:13.526,20771600.0,23.0,0.03939,0.0012781304324042,0
2026-03-23 20:28:22.923,20181512.0,23.0,0.01234,0.003642554438155,0
2026-03-23 20:28:28.526,20181512.0,23.0,0.02196,0.003642554438155,0
2026-03-23 20:28:37.923,20460813.0,23.0,0.02829,0.0293872830559446,0
2026-03-23 20:28:43.526,20460813.0,23.0,0.04831,0.0293872830559446,0
2026-03-23 20:28:52.923,20464896.0,23.0,0.01938,0.0006665927407573,0
2026-03-23 20:28:58.526,20464896.0,23.0,0.01492,0.0006665927407573,0
2026-03-23 20:29:07.923,20472898.0,23.0,0.03249,0.0009718152834738,0
2026-03-23 20:29:13.526,20472898.0,23.0,0.04506,0.0009718152834738,0
2026-03-23 20:29:22.923,20743745.0,23.0,0.02055,0.0009442597281158,0
2026-03-23 20:29:28.526,20743745.0,23.0,0.02512,0.0009442597281158,0
2026-03-23 20:29:37.923,20748114.0,23.0,0.0488,0.0011107786409407,0
2026-03-23 20:29:43.526,20748114.0,23.0,0.03438,0.0011107786409407,0
2026-03-23 20:29:52.923,21013500.0,23.0,0.02125,0.0007775373207821,0
2026-03-23 20:29:58.526,21013500.0,23.0,0.0369,0.0007775373207821,0
2026-03-23 20:30:07.923,21017512.0,23.0,0.02112,0.0011941300614407,0
2026-03-23 20:30:13.526,21017512.0,23.0,0.0391,0.0011941300614407,0
2026-03-23 20:30:22.923,21019526.0,23.0,0.04481,0.0009721485430293,0
2026-03-23 20:30:28.526,21019526.0,23.0,0.04095,0.0009721485430293,0
2026-03-23 20:30:37.923,21033954.0,23.0,0.02117,0.0009168891606421,0
2026-03-23 20:30:43.526,21033954.0,23.0,0.02294,0.0009168891606421,0
2026-03-23 20:30:52.923,21302662.0,23.0,0.0381,0.0008331483701895,0
2026-03-23 20:30:58.526,21302662.0,23.0,0.02664,0.0008331483701895,0
2026-03-23 20:31:07.923,21307031.0,23.0,0.01373,0.00191661179005,0
2026-03-23 20:31:13.526,21307031.0,23.0,0.01749,0.00191661179005,0
2026-03-23 20:31:22.923,21314104.0,23.0,0.03512,0.0010557429451482,0
2026-03-23 20:31:28.526,21314104.0,23.0,0.02033,0.0010557429451482,0
2026-03-23 20:31:37.923,21580656.0,23.0,0.04099,0.0011390004198523,0
2026-03-23 20:31:43.526,21580656.0,23.0,0.04709,0.0011390004198523,0
2026-03-23 20:31:52.923,21587557.0,23.0,0.04191,0.0008602792683781,0
2026-03-23 20:31:58.526,21587557.0,23.0,0.04162,0.0008602792683781,0
2026-03-23 20:32:07.923,21600204.0,23.0,0.02688,0.0010003338027658,0
2026-03-23 20:32:13.526,21600204.0,23.0,0.03214,0.0010003338027658,0
2026-03-23 20:32:22.923,21603173.0,23.0,0.03609,0.0008330559626917,0
2026-03-23 20:32:28.526,21603173.0,23.0,0.01287,0.0008330559626917,0
2026-03-23 20:32:37.923,21869372.0,23.0,0.03117,0.000972370666782,0
2026-03-23 20:32:43.526,21869372.0,23.0,0.02375,0.000972370666782,0
2026-03-23 20:32:52.923,21876045.0,23.0,0.03123,0.0004719816665597,0
2026-03-23 20:32:58.526,21876045.0,23.0,0.03803,0.0004719816665597,0
2026-03-23 20:33:07.923,21884620.0,23.0,0.03601,0.0010830376536964,0
2026-03-23 20:33:13.526,21884620.0,23.0,0.04154,0.0010830376536964,0
2026-03-23 20:33:22.923,21902462.0,23.0,0.01111,0.0010271862455173,0
2026-03-23 20:33:28.526,21902462.0,23.0,0.04452,0.0010271862455173,0
2026-03-23 20:33:37.923,21906041.0,23.0,0.01053,0.0012495377402395,0
2026-03-23 20:33:43.526,21906041.0,23.0,0.02104,0.0012495377402395,0
2026-03-23 20:33:52.923,21911660.0,23.0,0.01109,0.0011105749739367,0
2026-03-23 20:33:58.526,21911660.0,23.0,0.02516,0.0011105749739367,0
2026-03-23 20:34:07.923,21914020.0,23.0,0.01876,0.0010828341837803,0
2026-03-23 20:34:13.526,21914020.0,23.0,0.02446,0.0010828341837803,0
2026-03-23 20:34:22.923,21921799.0,23.0,0.02334,0.0009443707652515,0
2026-03-23 20:34:28.526,21921799.0,23.0,0.02717,0.0009443707652515,0
2026-03-23 20:34:37.923,22189431.0,23.0,0.04026,0.0010837966793666,0
2026-03-23 20:34:43.526,22189431.0,23.0,0.01777,0.0010837966793666,0
2026-03-23 20:34:52.923,22193639.0,23.0,0.01611,0.0010272230603975,0
2026-03-23 20:34:58.526,22193639.0,23.0,0.04803,0.0010272230603975,0
2026-03-23 20:35:07.923,22199658.0,23.0,0.02021,0.0009723706420907,0
2026-03-23 20:35:13.526,22199658.0,23.0,0.03575,0.0009723706420907,0
2026-03-23 20:35:22.923,22466658.0,23.0,0.03619,0.0009723522099343,0
2026-03-23 20:35:28.526,22466658.0,23.0,0.04779,0.0009723522099343,0
2026-03-23 20:35:37.923,22470748.0,23.0,0.03803,0.0011391670743955,0
2026-03-23 20:35:43.526,22470748.0,23.0,0.01848,0.0011391670743955,0
2026-03-23 20:35:52.923,22476522.0,23.0,0.02185,0.0007221668518272,0
2026-03-23 20:35:58.526,22476522.0,23.0,0.03184,0.0007221668518272,0
2026-03-23 20:36:07.923,22479608.0,23.0,0.0486,0.0011668157536479,0
2026-03-23 20:36:13.526,22479608.0,23.0,0.04832,0.0011668157536479,0
2026-03-23 20:36:22.923,22821476.0,23.0,0.03441,0.0016653915133213,0
2026-03-23 20:36:37.923,22755506.0,23.0,0.0153,0.0009724264324862,0
2026-03-23 20:36:52.923,22762998.0,23.0,0.01756,0.0012214641094431,0
2026-03-23 20:37:07.923,17902369.0,23.0,0.03886,0.0009721484691524,0
2026-03-23 20:37:22.923,17913522.0,23.0,0.02156,0.0010000374813503,0
2026-03-23 20:37:37.923,18176896.0,23.0,0.04244,0.0011390561111859,0
2026-03-23 20:37:52.923,18179095.0,23.0,0.04053,0.0008052596539922,0
2026-03-23 20:38:07.923,18180117.0,23.0,0.02231,0.0011398345821017,0
2026-03-23 20:38:22.923,18181661.0,23.0,0.02106,0.0011383717510824,0
2026-03-23 20:38:37.923,18182541.0,23.0,0.02236,0.0012219636541076,0
2026-03-23 20:38:52.923,18182944.0,23.0,0.03722,0.0009442599991789,0
2026-03-23 20:39:07.923,18185883.0,23.0,0.04559,0.0010000558643212,0
2026-03-23 20:39:22.923,18448027.0,23.0,0.04445,0.0011944822471288,0
2026-03-23 20:39:37.923,18451560.0,23.0,0.0289,0.0011388341358285,0
2026-03-23 20:39:52.923,18457093.0,23.0,0.02104,0.001000019172898,0
2026-03-23 20:40:07.923,18460305.0,23.0,0.04491,0.0007502227659266,0
2026-03-23 20:40:22.923,18722625.0,23.0,0.02093,0.0010834822222396,0
2026-03-23 20:40:37.923,18724272.0,23.0,0.03622,0.0009726671116055,0
2026-03-23 20:40:52.923,18725310.0,23.0,0.04848,0.0011109821605364,0
2026-03-23 20:41:07.923,18726788.0,23.0,0.03967,0.0010276116663462,0
2026-03-23 20:41:22.923,18990478.0,23.0,0.03218,0.0010832412966512,0
2026-03-23 20:41:37.923,18995754.0,23.0,0.01372,0.0008892969636883,0
2026-03-23 20:41:52.923,19003710.0,23.0,0.03203,0.0009165376658207,0
2026-03-23 20:42:07.923,19275602.0,23.0,0.0455,0.0011664823200189,0
2026-03-23 20:42:22.923,19277771.0,23.0,0.04373,0.0014441488393257,0
2026-03-23 20:42:37.923,19279385.0,23.0,0.0488,0.0010560188521072,0
2026-03-23 20:42:52.923,19288036.0,23.0,0.04539,0.0010272785549394,0
2026-03-23 20:43:07.923,19551044.0,23.0,0.03324,0.0006947226547413,0
2026-03-23 20:43:22.923,19551364.0,23.0,0.01636,0.0015826313547086,0
2026-03-23 20:43:37.923,19556546.0,23.0,0.03799,0.0010278153832275,0
2026-03-23 20:43:52.923,19557251.0,23.0,0.04527,0.0011942043824617,0
2026-03-23 20:44:07.923,19820707.0,23.0,0.04622,0.0009441300367493,0
2026-03-23 20:44:22.923,260589326.0,24.0,0.04671,0.0040047883659174,0
2026-03-23 20:44:37.923,279990430.0,25.0,0.03876,0.0010835569883506,0
2026-03-23 20:44:52.923,17863688.0,23.0,0.04481,0.0015542633435798,0
2026-03-24 19:15:51.130,18770123.0,23.0,0.02286,0.0015555568879539,0
2026-03-24 19:16:06.130,18771931.0,23.0,0.0495,0.0007224076297614,0
2026-03-24 19:16:21.130,18772491.0,23.0,0.04083,0.001666797098824,0
2026-03-24 19:16:36.130,18772827.0,23.0,0.02208,0.0011660755033984,0
2026-03-24 19:16:51.130,19034971.0,23.0,0.04522,0.0015273896416551,0
2026-03-24 19:17:06.130,19034971.0,23.0,0.01269,0.0006389450498535,0
2026-03-24 19:17:21.130,19035099.0,23.0,0.04017,0.0013335378644867,0
2026-03-24 19:17:36.130,19037399.0,23.0,0.02133,0.0009439450734575,0
2026-03-24 19:17:51.130,19038615.0,23.0,0.0367,0.0015560749892717,0
2026-03-24 19:18:06.130,19039933.0,23.0,0.0403,0.0007775928886094,0
2026-03-24 19:18:21.130,19042989.0,23.0,0.02927,0.0014165932843137,0
2026-03-24 19:18:36.130,19044559.0,23.0,0.02868,0.0007777040492514,0
2026-03-24 19:18:51.130,19306703.0,23.0,0.02988,0.001554983341928,0
2026-03-24 19:19:06.130,19306703.0,23.0,0.0165,0.0010835744322059,0
2026-03-24 19:19:21.130,19307434.0,23.0,0.04153,0.0016105196783554,0
2026-03-24 19:19:36.130,19307530.0,23.0,0.03845,0.0008611298642553,0
2026-03-24 19:19:51.130,19569850.0,23.0,0.04789,0.0020274455795567,0
2026-03-24 19:20:06.130,19572122.0,23.0,0.03433,0.0009721674684712,0
2026-03-24 19:20:21.130,19584596.0,23.0,0.04436,0.0015282972843305,0
2026-03-24 19:20:36.130,19586897.0,23.0,0.04894,0.0006944450126927,0
2026-03-24 19:20:51.130,19849837.0,23.0,0.03764,0.0017494649468335,0
2026-03-24 19:21:06.130,19850831.0,23.0,0.0209,0.0009443337777783,0
2026-03-24 19:21:21.130,19859996.0,23.0,0.03419,0.0012779637037375,0
2026-03-24 19:21:36.130,20123404.0,23.0,0.0342,0.0010272044559928,0
2026-03-24 19:21:51.130,20123516.0,23.0,0.02188,0.001750019395071,0
2026-03-24 19:22:06.130,20386396.0,23.0,0.01056,0.0006667964815391,0
2026-03-24 19:22:21.130,20386508.0,23.0,0.01145,0.0014445746543792,0
2026-03-24 19:22:36.130,20388776.0,23.0,0.03623,0.0007498890863704,0
2026-03-24 19:22:51.130,20388872.0,23.0,0.04103,0.0017215204654264,0
2026-03-24 19:23:06.130,20388872.0,23.0,0.01008,0.000778037333597,0
2026-03-24 19:23:21.130,20651016.0,23.0,0.03851,0.0019437972710216,0
2026-03-24 19:23:36.130,20652010.0,23.0,0.04733,0.0009164451602479,0
2026-03-24 19:23:51.130,20652010.0,23.0,0.01672,0.0013614635190212,0
2026-03-24 19:24:06.130,20916186.0,23.0,0.04694,0.0008612596298934,0
2026-03-24 19:24:21.130,20916359.0,23.0,0.04672,0.0017212643779651,0
2026-03-24 19:24:36.130,20916702.0,23.0,0.02246,0.0010273154933753,0
2026-03-24 19:24:51.130,20917118.0,25.0,0.04856,0.0015275199496661,0
2026-03-24 19:25:06.130,21179800.0,23.0,0.04949,0.0010554632222306,0
2026-03-24 19:25:21.130,21187094.0,23.0,0.02404,0.0012499637531206,0
2026-03-24 19:25:36.130,21332795.0,23.0,0.02611,0.0010834267529805,0
2026-03-24 19:25:51.130,21197214.0,23.0,0.03491,0.0015278532095179,0
2026-03-24 19:26:06.130,21469939.0,23.0,0.04842,0.0008054816295967,0
2026-03-24 19:26:21.130,21499577.0,23.0,0.02812,0.0018890751851702,0
2026-03-24 19:26:36.130,21514221.0,23.0,0.02382,0.0009165562468651,0
2026-03-24 19:26:51.130,21785582.0,23.0,0.02613,0.0015274116903128,0
2026-03-24 19:27:06.130,21786270.0,23.0,0.0352,0.0009996488513015,0
2026-03-24 19:27:21.130,21786763.0,23.0,0.03455,0.0014165565677051,0
2026-03-24 19:27:36.130,22049888.0,25.0,0.03849,0.0009722967163793,0
2026-03-24 19:27:51.130,22050192.0,25.0,0.04057,0.0015275587086209,0
2026-03-24 19:28:06.130,22051328.0,23.0,0.02028,0.0008052597772024,0
2026-03-24 19:28:21.130,22051456.0,23.0,0.03829,0.0018330381725121,0
2026-03-24 19:28:36.130,22314289.0,23.0,0.02766,0.0007500373581896,0
2026-03-24 19:28:51.130,22314838.0,23.0,0.02974,0.0015827981322653,0
2026-03-24 19:29:06.130,22316690.0,23.0,0.01785,0.0009162784064463,0
2026-03-24 19:29:21.130,22580834.0,23.0,0.01886,0.0018607048135008,0
2026-03-24 19:29:36.130,22583985.0,23.0,0.03874,0.0008604459225765,0
2026-03-24 19:29:51.130,22584673.0,23.0,0.048,0.0013332061578808,0
2026-03-24 19:30:06.130,22584673.0,23.0,0.03777,0.0007776113948398,0
2026-03-24 19:30:21.130,22847210.0,23.0,0.02013,0.0014997231468914,0
2026-03-24 19:30:36.130,22847210.0,23.0,0.03418,0.0007775558022225,0
2026-03-24 19:30:51.130,22847210.0,23.0,0.02016,0.0013884647746841,0
2026-03-24 19:31:06.130,22848298.0,23.0,0.02327,0.000583222468988,0
2026-03-24 19:31:21.130,23110844.0,23.0,0.04519,0.0018329080366507,0
2026-03-24 19:31:36.130,23112535.0,23.0,0.02599,0.0006109260493004,0
2026-03-24 19:31:51.130,23115956.0,23.0,0.02254,0.0014998361785679,0
2026-03-24 19:32:06.130,23380112.0,23.0,0.02124,0.0008329268619481,0
2026-03-24 19:32:21.130,23382853.0,23.0,0.01804,0.0014441128855411,0
2026-03-24 19:32:36.130,23385496.0,23.0,0.03783,0.0007775373948069,0
2026-03-24 19:32:51.130,23387761.0,23.0,0.02184,0.0011670376053503,0
2026-03-24 19:33:06.130,23388306.0,23.0,0.03122,0.0009166488025111,0
2026-03-24 19:33:21.130,23650450.0,23.0,0.01689,0.0017503547756261,0
2026-03-24 19:33:36.130,23650450.0,23.0,0.04889,0.0008885929133007,0
2026-03-24 19:33:51.130,23650763.0,23.0,0.04199,0.0015836861858859,0
2026-03-24 19:34:06.130,17631964.0,23.0,0.03341,0.0009720562095069,0
2026-03-24 19:34:21.130,17632124.0,23.0,0.01987,0.0018324297801242,0
2026-03-24 19:34:36.130,17894412.0,23.0,0.01414,0.0010555004569139,0
2026-03-24 19:34:51.130,17894821.0,23.0,0.04075,0.0016662784070375,0
2026-03-24 19:35:06.130,17894917.0,23.0,0.04602,0.0009998154073754,0
2026-03-24 19:35:21.130,17895534.0,23.0,0.02687,0.0017778347290148,0
2026-03-24 19:35:36.130,18157876.0,23.0,0.03856,0.000971797270332,0
2026-03-24 19:35:51.130,18159819.0,23.0,0.01244,0.0014446489511533,0
2026-03-24 19:36:06.130,18162303.0,23.0,0.01597,0.00083307441949,0
2026-03-24 19:36:21.130,18165119.0,23.0,0.04551,0.001721760554069,0
2026-03-24 19:36:36.130,18165454.0,23.0,0.01726,0.0008328529849782,0
2026-03-24 19:36:51.130,18166222.0,23.0,0.03116,0.0015274083449724,0
2026-03-24 19:36:53.316,18166222.0,23.0,0.04348,0.0015274083449724,0
2026-03-24 19:37:06.130,18166898.0,23.0,0.03405,0.0008332596540909,0
2026-03-24 19:37:08.316,18166898.0,23.0,0.03907,0.0008332596540909,0
2026-03-24 19:37:21.130,18437371.0,23.0,0.04148,0.0018323168236544,0
2026-03-24 19:37:23.316,18437371.0,23.0,0.01978,0.0018323168236544,0
2026-03-24 19:37:36.130,18437371.0,23.0,0.01944,0.0006389816420659,0
2026-03-24 19:37:38.316,18437371.0,23.0,0.02756,0.0006389816420659,0
2026-03-24 19:37:51.130,18437995.0,23.0,0.02052,0.001416611937853,0
2026-03-24 19:37:53.316,18437995.0,23.0,0.01613,0.001416611937853,0
2026-03-24 19:38:06.130,18437995.0,23.0,0.01945,0.0008609633823544,0
2026-03-24 19:38:08.316,18437995.0,23.0,0.04906,0.0008609633823544,0
2026-03-24 19:38:21.130,18700495.0,23.0,0.04091,0.0016943346903736,0
2026-03-24 19:38:23.316,18700495.0,23.0,0.01827,0.0016943346903736,0
2026-03-24 19:38:36.130,18700877.0,23.0,0.02567,0.0008332226170869,0
2026-03-24 19:38:38.316,18700877.0,23.0,0.01665,0.0008332226170869,0
2026-03-24 19:38:51.130,18702362.0,23.0,0.01646,0.0012502597779921,0
2026-03-24 19:38:53.316,18702362.0,23.0,0.04017,0.0012502597779921,0
2026-03-24 19:39:06.130,18706294.0,23.0,0.03274,0.0009168150371029,0
2026-03-24 19:39:08.316,18706294.0,23.0,0.02735,0.0009168150371029,0
2026-03-24 19:39:21.130,18972498.0,23.0,0.04696,0.0018330932466096,0
2026-03-24 19:39:23.316,18972498.0,23.0,0.03667,0.0018330932466096,0
2026-03-24 19:39:36.130,18977718.0,23.0,0.03652,0.0008608895308656,0
2026-03-24 19:39:38.316,18977718.0,23.0,0.014,0.0008608895308656,0
2026-03-24 19:39:51.130,18981524.0,23.0,0.02441,0.0012225373953501,0
2026-03-24 19:39:53.316,18981524.0,23.0,0.04472,0.0012225373953501,0
2026-03-24 19:40:06.130,18983575.0,23.0,0.02424,0.0008330561846181,0
2026-03-24 19:40:08.316,18983575.0,23.0,0.03581,0.0008330561846181,0
2026-03-24 19:40:21.130,19247221.0,23.0,0.01273,0.0015831679867937,0
2026-03-24 19:40:23.316,19247221.0,23.0,0.01008,0.0015831679867937,0
2026-03-24 19:40:36.130,19249344.0,23.0,0.01373,0.000638611370099,0
2026-03-24 19:40:38.316,19249344.0,23.0,0.03107,0.000638611370099,0
2026-03-24 19:40:51.130,19252590.0,23.0,0.04168,0.0016114454323963,0
2026-03-24 19:40:53.316,19252590.0,23.0,0.02008,0.0016114454323963,0
2026-03-24 19:41:06.130,19253376.0,23.0,0.04783,0.0008052411725025,0
2026-03-24 19:41:08.316,19253376.0,23.0,0.02789,0.0008052411725025,0
2026-03-24 19:41:21.130,19518733.0,23.0,0.02168,0.0015545945900471,0
2026-03-24 19:41:23.316,19518733.0,23.0,0.01619,0.0015545945900471,0
2026-03-24 19:41:36.130,19525712.0,23.0,0.01181,0.0007221114319015,0
2026-03-24 19:41:38.316,19525712.0,23.0,0.02747,0.0007221114319015,0
2026-03-24 19:41:51.130,19536153.0,23.0,0.01448,0.0014719637527746,0
2026-03-24 19:41:53.316,19536153.0,23.0,0.02512,0.0014719637527746,0
2026-03-24 19:42:06.130,19539965.0,23.0,0.02329,0.0007221855307492,0
2026-03-24 19:42:08.316,19539965.0,23.0,0.01781,0.0007221855307492,0
2026-03-24 19:42:21.130,19822662.0,23.0,0.03819,0.00150022276563,0
2026-03-24 19:42:23.316,19822662.0,23.0,0.0384,0.00150022276563,0
2026-03-24 19:42:36.130,19829027.0,23.0,0.03357,0.0009997782712598,0
2026-03-24 19:42:38.316,19829027.0,23.0,0.04461,0.0009997782712598,0
2026-03-24 19:42:51.130,19837419.0,23.0,0.04959,0.0011670560620992,0
2026-03-24 19:42:53.316,19837419.0,23.0,0.02602,0.0011670560620992,0
2026-03-24 19:43:06.130,19837771.0,23.0,0.03235,0.0007498151602144,0
2026-03-24 19:43:08.316,19837771.0,23.0,0.02545,0.0007498151602144,0
2026-03-24 19:43:21.130,20105083.0,23.0,0.04181,0.0016106870952282,0
2026-03-24 19:43:23.316,20105083.0,23.0,0.04121,0.0016106870952282,0
2026-03-24 19:43:36.130,20105611.0,23.0,0.04294,0.0007220003209384,0
2026-03-24 19:43:38.316,20105611.0,23.0,0.01589,0.0007220003209384,0
2026-03-24 19:43:51.130,20110859.0,23.0,0.03036,0.0014722601484623,0
2026-03-24 19:43:53.316,20110859.0,23.0,0.04049,0.0014722601484623,0
2026-03-24 19:44:06.130,20110859.0,23.0,0.01302,0.0006942965677863,0
2026-03-24 19:44:08.316,20110859.0,23.0,0.02341,0.0006942965677863,0
2026-03-24 19:44:21.130,20374043.0,23.0,0.04875,0.0016110193702806,0
2026-03-24 19:44:23.316,20374043.0,23.0,0.02378,0.0016110193702806,0
2026-03-24 19:44:36.130,20374043.0,23.0,0.04259,0.0006663894440254,0
2026-03-24 19:44:38.316,20374043.0,23.0,0.01676,0.0006663894440254,0
2026-03-24 19:44:51.130,20375451.0,23.0,0.01338,0.0018605207133237,0
2026-03-24 19:44:53.316,20375451.0,23.0,0.0275,0.0018605207133237,0
2026-03-24 19:45:06.130,20375451.0,23.0,0.03456,0.001110204850512,0
2026-03-24 19:45:08.316,20375451.0,23.0,0.0426,0.001110204850512,0
2026-03-24 19:45:21.130,20637595.0,23.0,0.03604,0.0015003163820203,0
2026-03-24 19:45:23.316,20637595.0,23.0,0.01641,0.0015003163820203,0
2026-03-24 19:45:36.130,20637595.0,23.0,0.03149,0.0007498706047328,0
2026-03-24 19:45:38.316,20637595.0,23.0,0.02611,0.0007498706047328,0
2026-03-24 19:45:51.130,20637595.0,23.0,0.03973,0.0014171300867246,0
2026-03-24 19:45:53.316,20637595.0,23.0,0.01841,0.0014171300867246,0
2026-03-24 19:46:06.130,20638880.0,23.0,0.03446,0.0009714639125034,0
2026-03-24 19:46:08.316,20638880.0,23.0,0.03123,0.0009714639125034,0
2026-03-24 19:46:21.130,20901024.0,23.0,0.02513,0.0013613528275654,0
2026-03-24 19:46:23.316,20901024.0,23.0,0.04851,0.0013613528275654,0
2026-03-24 19:46:36.130,20910401.0,23.0,0.04967,0.0009716858388239,0
2026-03-24 19:46:38.316,20910401.0,23.0,0.03503,0.0009716858388239,0
2026-03-24 19:46:51.130,20912015.0,23.0,0.03241,0.0016941120983222,0
2026-03-24 19:46:53.316,20912015.0,23.0,0.01064,0.0016941120983222,0
2026-03-24 19:47:06.130,21175087.0,23.0,0.01402,0.0010549450980009,0
2026-03-24 19:47:08.316,21175087.0,23.0,0.02842,0.0010549450980009,0
2026-03-24 19:47:21.130,21175367.0,23.0,0.02458,0.0016389455672374,0
2026-03-24 19:47:23.316,21175367.0,23.0,0.04729,0.0016389455672374,0
2026-03-24 19:47:36.130,21175735.0,23.0,0.04675,0.0007499076419342,0
2026-03-24 19:47:38.316,21175735.0,23.0,0.04213,0.0007499076419342,0
2026-03-24 19:47:51.130,21175735.0,23.0,0.02559,0.0013055006049636,0
2026-03-24 19:47:53.316,21175735.0,23.0,0.02284,0.0013055006049636,0
2026-03-24 19:48:06.130,21437879.0,23.0,0.0235,0.0006390188026752,0
2026-03-24 19:48:08.316,21437879.0,23.0,0.04006,0.0006390188026752,0
2026-03-24 19:48:21.130,21438590.0,23.0,0.04318,0.0011669450497536,0
2026-03-24 19:48:23.316,21438590.0,23.0,0.03703,0.0011669450497536,0
2026-03-24 19:48:36.130,21438814.0,23.0,0.02161,0.0008052599007582,0
2026-03-24 19:48:38.316,21438814.0,23.0,0.02729,0.0008052599007582,0
2026-03-24 19:48:51.130,21438926.0,23.0,0.02611,0.0013332226915067,0
2026-03-24 19:48:53.316,21438926.0,23.0,0.02639,0.0013332226915067,0
2026-03-24 19:49:06.130,21701463.0,23.0,0.02687,0.0007772601466858,0
2026-03-24 19:49:08.316,21701463.0,23.0,0.01094,0.0007772601466858,0
2026-03-24 19:49:21.130,21702215.0,23.0,0.04,0.001416574629737,0
2026-03-24 19:49:23.316,21702215.0,23.0,0.03373,0.001416574629737,0
2026-03-24 19:49:36.130,21703031.0,23.0,0.03216,0.0009439449747414,0
2026-03-24 19:49:38.316,21703031.0,23.0,0.02525,0.0009439449747414,0
2026-03-24 19:49:51.130,21704761.0,23.0,0.02752,0.0013054451604947,0
2026-03-24 19:49:53.316,21704761.0,23.0,0.01753,0.0013054451604947,0
2026-03-24 19:50:06.130,21966905.0,23.0,0.01088,0.0008327230974097,0
2026-03-24 19:50:08.316,21966905.0,23.0,0.03691,0.0008327230974097,0
2026-03-24 19:50:21.130,21966905.0,23.0,0.04651,0.00127788911121,0
2026-03-24 19:50:23.316,21966905.0,23.0,0.02142,0.00127788911121,0
2026-03-24 19:50:36.130,21966905.0,23.0,0.03511,0.0012218152589304,0
2026-03-24 19:50:38.316,21966905.0,23.0,0.04936,0.0012218152589304,0
2026-03-24 19:50:51.130,21967068.0,23.0,0.03008,0.0013887226048643,0
2026-03-24 19:50:53.316,21967068.0,23.0,0.03132,0.0013887226048643,0
2026-03-24 19:51:06.130,22229212.0,23.0,0.01673,0.0006389816173251,0
2026-03-24 19:51:08.316,22229212.0,23.0,0.04313,0.0006389816173251,0
2026-03-24 19:51:21.130,22229212.0,23.0,0.01895,0.0012776116911858,0
2026-03-24 19:51:23.316,22229212.0,23.0,0.04335,0.0012776116911858,0
2026-03-24 19:51:36.130,22229468.0,23.0,0.04667,0.0007220927777202,0
2026-03-24 19:51:38.316,22229468.0,23.0,0.0158,0.0007220927777202,0
2026-03-24 19:51:51.130,22229468.0,23.0,0.01661,0.0016386301972186,0
2026-03-24 19:51:53.316,22229468.0,23.0,0.01035,0.0016386301972186,0
2026-03-24 19:52:06.130,22491708.0,23.0,0.03371,0.000749963135786,0
2026-03-24 19:52:08.316,22491708.0,23.0,0.01902,0.000749963135786,0
2026-03-24 19:52:21.130,22491769.0,23.0,0.04791,0.0018326312819627,0
2026-03-24 19:52:23.316,22491769.0,23.0,0.04964,0.0018326312819627,0
2026-03-24 19:52:36.130,22492137.0,23.0,0.03931,0.0007499448273337,0
2026-03-24 19:52:38.316,22492137.0,23.0,0.01448,0.0007499448273337,0
2026-03-24 19:52:51.130,22493466.0,23.0,0.02897,0.0013051119006429,0
2026-03-24 19:52:53.316,22493466.0,23.0,0.03005,0.0013051119006429,0
2026-03-24 19:53:06.130,22756138.0,23.0,0.01555,0.0007778705062635,0
2026-03-24 19:53:08.316,22756138.0,23.0,0.04887,0.0007778705062635,0
2026-03-24 19:53:21.130,22756346.0,23.0,0.014,0.001527667160198,0
2026-03-24 19:53:23.316,22756346.0,23.0,0.04757,0.001527667160198,0
2026-03-24 19:53:36.130,22756730.0,23.0,0.02665,0.0008607599618703,0
2026-03-24 19:53:38.316,22756730.0,23.0,0.02345,0.0008607599618703,0
2026-03-24 19:53:51.130,23018874.0,23.0,0.01802,0.0015271675176554,0
2026-03-24 19:53:53.316,23018874.0,23.0,0.04762,0.0015271675176554,0
2026-03-24 19:54:06.130,23018874.0,23.0,0.0107,0.0006948708030049,0
2026-03-24 19:54:08.316,23018874.0,23.0,0.03613,0.0006948708030049,0
2026-03-24 19:54:21.130,23018874.0,23.0,0.01111,0.0021371873797412,0
2026-03-24 19:54:23.316,23018874.0,23.0,0.01442,0.0021371873797412,0
2026-03-24 19:54:36.130,23018874.0,23.0,0.02438,0.0006941485921652,0
2026-03-24 19:54:38.316,23018874.0,23.0,0.03731,0.0006941485921652,0
2026-03-24 19:54:51.130,23281018.0,25.0,0.0254,0.0013888337407656,0
2026-03-24 19:54:53.316,23281018.0,25.0,0.03714,0.0013888337407656,0
2026-03-24 19:55:06.130,23281018.0,23.0,0.04911,0.0007777223086173,0
2026-03-24 19:55:08.316,23281018.0,23.0,0.02587,0.0007777223086173,0
2026-03-24 19:55:21.130,23281018.0,23.0,0.03714,0.0017491121223717,0
2026-03-24 19:55:23.316,23281018.0,23.0,0.044,0.0017491121223717,0
2026-03-24 19:55:36.130,23281130.0,23.0,0.04233,0.000777796876849,0
2026-03-24 19:55:38.316,23281130.0,23.0,0.01256,0.000777796876849,0
2026-03-24 19:55:51.130,23543642.0,23.0,0.03308,0.0013055934075731,0
2026-03-24 19:55:53.316,23543642.0,23.0,0.01949,0.0013055934075731,0
2026-03-24 19:56:06.130,23543642.0,23.0,0.04923,0.0006942965925763,0
2026-03-24 19:56:08.316,23543642.0,23.0,0.01037,0.0006942965925763,0
2026-03-24 19:56:21.130,23543642.0,23.0,0.02797,0.001500259852264,0
2026-03-24 19:56:23.316,23543642.0,23.0,0.01663,0.001500259852264,0
2026-03-24 19:56:36.130,23543834.0,23.0,0.04794,0.0008886114194818,0
2026-03-24 19:56:38.316,23543834.0,23.0,0.04786,0.0008886114194818,0
2026-03-24 19:56:51.130,23805978.0,23.0,0.0109,0.0015552798355424,0
2026-03-24 19:56:53.316,23805978.0,23.0,0.02588,0.0015552798355424,0
2026-03-24 19:57:06.130,23806090.0,23.0,0.02764,0.0008887413825522,0
2026-03-24 19:57:08.316,23806090.0,23.0,0.01342,0.0008887413825522,0
2026-03-24 19:57:21.130,23808581.0,25.0,0.01023,0.0015827087732244,0
2026-03-24 19:57:23.316,23808581.0,25.0,0.01665,0.0015827087732244,0
2026-03-24 19:57:36.130,17770060.0,23.0,0.02315,0.0012212051211318,0
2026-03-24 19:57:38.316,17770060.0,23.0,0.01602,0.0012212051211318,0
2026-03-24 19:57:51.130,17774035.0,23.0,0.02302,0.0014164828631809,0
2026-03-24 19:57:53.316,17774035.0,23.0,0.02147,0.0014164828631809,0
2026-03-24 19:58:06.130,17775475.0,23.0,0.0478,0.0007221299380826,0
2026-03-24 19:58:08.316,17775475.0,23.0,0.04317,0.0007221299380826,0
2026-03-24 19:58:21.130,18040086.0,23.0,0.03355,0.0015558155313753,0
2026-03-24 19:58:23.316,18040086.0,23.0,0.02961,0.0015558155313753,0
2026-03-24 19:58:36.130,18041503.0,23.0,0.04415,0.0006663891725682,0
2026-03-24 19:58:38.316,18041503.0,23.0,0.04742,0.0006663891725682,0
2026-03-24 19:58:51.130,18042750.0,23.0,0.04739,0.0013330564068407,0
2026-03-24 19:58:53.316,18042750.0,23.0,0.04742,0.0013330564068407,0
2026-03-24 19:59:06.130,18042750.0,23.0,0.04114,0.0007499446049136,0
2026-03-24 19:59:08.316,18042750.0,23.0,0.03976,0.0007499446049136,0
2026-03-24 19:59:21.130,18043022.0,23.0,0.04068,0.0014721861480837,0
2026-03-24 19:59:23.316,18043022.0,23.0,0.02027,0.0014721861480837,0
2026-03-24 19:59:36.130,18043022.0,23.0,0.03906,0.0006665001849632,0
2026-03-24 19:59:38.316,18043022.0,23.0,0.02052,0.0006665001849632,0
2026-03-24 19:59:51.130,18043022.0,23.0,0.03488,0.0012504637410957,0
2026-03-24 19:59:53.316,18043022.0,23.0,0.0492,0.0012504637410957,0
2026-03-24 20:00:06.130,18305166.0,23.0,0.0387,0.0009719081841093,0
2026-03-24 20:00:08.316,18305166.0,23.0,0.01057,0.0009719081841093,0
2026-03-24 20:00:21.130,18305166.0,23.0,0.01276,0.0016382791463984,0
2026-03-24 20:00:23.316,18305166.0,23.0,0.03646,0.0016382791463984,0
2026-03-24 20:00:36.130,18305166.0,23.0,0.01561,0.0008053892467411,0
2026-03-24 20:00:38.316,18305166.0,23.0,0.01089,0.0008053892467411,0
2026-03-24 20:00:51.130,18305166.0,23.0,0.01536,0.0013334641847026,0
2026-03-24 20:00:53.316,18305166.0,23.0,0.02752,0.0013334641847026,0
2026-03-24 20:01:06.130,18567310.0,23.0,0.02593,0.0007219633083296,0
2026-03-24 20:01:08.316,18567310.0,23.0,0.03654,0.0007219633083296,0
2026-03-24 20:01:21.130,18567310.0,23.0,0.04602,0.0014717067090292,0
2026-03-24 20:01:23.316,18567310.0,23.0,0.0269,0.0014717067090292,0
2026-03-24 20:01:36.130,18567310.0,23.0,0.0483,0.0007776299503543,0
2026-03-24 20:01:38.316,18567310.0,23.0,0.01254,0.0007776299503543,0
2026-03-24 20:01:51.130,18829454.0,23.0,0.01326,0.0018875032380282,0
2026-03-24 20:01:53.316,18829454.0,23.0,0.0202,0.0018875032380282,0
2026-03-24 20:02:06.130,18829454.0,23.0,0.02748,0.0010268738269553,0
2026-03-24 20:02:08.316,18829454.0,23.0,0.02501,0.0010268738269553,0
2026-03-24 20:02:21.130,18829454.0,23.0,0.01046,0.0013616303463548,0
2026-03-24 20:02:23.316,18829454.0,23.0,0.02858,0.0013616303463548,0
2026-03-24 20:02:36.130,18830430.0,23.0,0.03408,0.0009165374197945,0
2026-03-24 20:02:38.316,18830430.0,23.0,0.04017,0.0009165374197945,0
2026-03-24 20:02:51.130,19092766.0,23.0,0.02023,0.0013335191610215,0
2026-03-24 20:02:53.316,19092766.0,23.0,0.01868,0.0013335191610215,0
2026-03-24 20:03:06.130,19092766.0,23.0,0.02716,0.00086077839447,0
2026-03-24 20:03:08.316,19092766.0,23.0,0.0438,0.00086077839447,0
2026-03-24 20:03:21.130,19092766.0,23.0,0.04258,0.0012499636295152,0
2026-03-24 20:03:23.316,19092766.0,23.0,0.03443,0.0012499636295152,0
2026-03-24 20:03:36.130,19092766.0,23.0,0.014,0.0009163152465108,0
2026-03-24 20:03:38.316,19092766.0,23.0,0.03434,0.0009163152465108,0
2026-03-24 20:03:51.130,19354910.0,23.0,0.031,0.0016102064740904,0
2026-03-24 20:03:53.316,19354910.0,23.0,0.02584,0.0016102064740904,0
2026-03-24 20:04:06.130,19355080.0,23.0,0.03122,0.001277130332651,0
2026-03-24 20:04:08.316,19355080.0,23.0,0.03949,0.001277130332651,0
2026-03-24 20:04:21.130,19357067.0,23.0,0.02775,0.0011383547241712,0
2026-03-24 20:04:23.316,19357067.0,23.0,0.03169,0.0011383547241712,0
2026-03-24 20:04:36.130,19357067.0,23.0,0.03618,0.0011104083444303,0
2026-03-24 20:04:38.316,19357067.0,23.0,0.01551,0.0011104083444303,0
2026-03-24 20:04:51.130,19619211.0,23.0,0.04019,0.001250093099153,0
2026-03-24 20:04:53.316,19619211.0,23.0,0.03864,0.001250093099153,0
2026-03-24 20:05:06.130,19619211.0,23.0,0.04354,0.00119394497484,0
2026-03-24 20:05:08.316,19619211.0,23.0,0.01094,0.00119394497484,0
2026-03-24 20:05:21.130,19619211.0,23.0,0.0248,0.0008611683554907,0
2026-03-24 20:05:23.316,19619211.0,23.0,0.02771,0.0008611683554907,0
2026-03-24 20:05:36.130,19619307.0,23.0,0.0196,0.0013599467481844,0
2026-03-24 20:05:38.316,19619307.0,23.0,0.03366,0.0013599467481844,0
2026-03-24 20:05:51.130,19882251.0,23.0,0.0411,0.0013615931855972,0
2026-03-24 20:05:53.316,19882251.0,23.0,0.03482,0.0013615931855972,0
2026-03-24 20:06:06.130,19882251.0,23.0,0.03454,0.0009440560612105,0
2026-03-24 20:06:08.316,19882251.0,23.0,0.01845,0.0009440560612105,0
2026-03-24 20:06:21.130,19882251.0,23.0,0.01898,0.0008887421699181,0
2026-03-24 20:06:23.316,19882251.0,23.0,0.03994,0.0008887421699181,0
2026-03-24 20:06:36.130,20144395.0,23.0,0.03704,0.0010000560619511,0
2026-03-24 20:06:38.316,20144395.0,23.0,0.01013,0.0010000560619511,0
2026-03-24 20:06:51.130,20144491.0,23.0,0.04566,0.0011112965927244,0
2026-03-24 20:06:53.316,20144491.0,23.0,0.03898,0.0011112965927244,0
2026-03-24 20:07:06.130,20144491.0,23.0,0.04856,0.0008609447775559,0
2026-03-24 20:07:08.316,20144491.0,23.0,0.04068,0.0008609447775559,0
2026-03-24 20:07:21.130,20145067.0,23.0,0.04282,0.0012777226544448,0
2026-03-24 20:07:23.316,20145067.0,23.0,0.03854,0.0012777226544448,0
2026-03-24 20:07:36.130,20145067.0,23.0,0.03146,0.001111148444461,0
2026-03-24 20:07:38.316,20145067.0,23.0,0.01482,0.001111148444461,0
2026-03-24 20:07:51.130,20409275.0,23.0,0.01788,0.0016657435481562,0
2026-03-24 20:07:53.316,20409275.0,23.0,0.01258,0.0016657435481562,0
2026-03-24 20:08:06.130,20409835.0,23.0,0.03772,0.0008053708144368,0
2026-03-24 20:08:08.316,20409835.0,23.0,0.03786,0.0008053708144368,0
2026-03-24 20:08:21.130,20410635.0,23.0,0.01643,0.0011946301484779,0
2026-03-24 20:08:23.316,20410635.0,23.0,0.03194,0.0011946301484779,0
2026-03-24 20:08:36.130,20410635.0,23.0,0.03679,0.0012219085297396,0
2026-03-24 20:08:38.316,20410635.0,23.0,0.01309,0.0012219085297396,0
2026-03-24 20:08:51.130,20673131.0,23.0,0.01712,0.0010831488878212,0
2026-03-24 20:08:53.316,20673131.0,23.0,0.01141,0.0010831488878212,0
2026-03-24 20:09:06.130,20673131.0,23.0,0.02932,0.0013048896534825,0
2026-03-24 20:09:08.316,20673131.0,23.0,0.02023,0.0013048896534825,0
2026-03-24 20:09:21.130,20673131.0,23.0,0.01999,0.0008890376049555,0
2026-03-24 20:09:23.316,20673131.0,23.0,0.04562,0.0008890376049555,0
2026-03-24 20:09:36.130,20679803.0,23.0,0.03294,0.0016382799588996,0
2026-03-24 20:09:38.316,20679803.0,23.0,0.03647,0.0016382799588996,0
2026-03-24 20:09:51.130,20941947.0,23.0,0.04034,0.0012495567153106,0
2026-03-24 20:09:53.316,20941947.0,23.0,0.04566,0.0012495567153106,0
2026-03-24 20:10:06.130,20941947.0,23.0,0.01278,0.0012222781605186,0
2026-03-24 20:10:08.316,20941947.0,23.0,0.04718,0.0012222781605186,0
2026-03-24 20:10:21.130,20941947.0,23.0,0.03308,0.0013053526787751,0
2026-03-24 20:10:23.316,20941947.0,23.0,0.04335,0.0013053526787751,0
2026-03-24 20:10:36.130,21204363.0,23.0,0.01344,0.001305297258406,0
2026-03-24 20:10:38.316,21204363.0,23.0,0.01753,0.001305297258406,0
2026-03-24 20:10:51.130,21204363.0,23.0,0.03233,0.0008611857535153,0
2026-03-24 20:10:53.316,21204363.0,23.0,0.02064,0.0008611857535153,0
2026-03-24 20:11:06.130,21204363.0,23.0,0.04883,0.0010831302095399,0
2026-03-24 20:11:08.316,21204363.0,23.0,0.02305,0.0010831302095399,0
2026-03-24 20:11:21.130,21204363.0,23.0,0.01007,0.0010554447651855,0
2026-03-24 20:11:23.316,21204363.0,23.0,0.04032,0.0010554447651855,0
2026-03-24 20:11:36.130,21467520.0,23.0,0.01618,0.002081947711294,0
2026-03-24 20:11:38.316,21467520.0,23.0,0.0451,0.002081947711294,0
2026-03-24 20:11:51.130,21467920.0,23.0,0.03813,0.0013887414811696,0
2026-03-24 20:11:53.316,21467920.0,23.0,0.03084,0.0013887414811696,0
2026-03-24 20:12:06.130,21468272.0,23.0,0.04157,0.0008054632714654,0
2026-03-24 20:12:08.316,21468272.0,23.0,0.02029,0.0008054632714654,0
2026-03-24 20:12:21.130,21468272.0,23.0,0.02683,0.0011939821352024,0
2026-03-24 20:12:23.316,21468272.0,23.0,0.01832,0.0011939821352024,0
2026-03-24 20:12:36.130,21730416.0,23.0,0.02208,0.0014712080966915,0
2026-03-24 20:12:38.316,21730416.0,23.0,0.01432,0.0014712080966915,0
2026-03-24 20:12:51.130,20872234.0,114.0,0.01863,0.0531514715289156,1
2026-03-24 20:12:53.316,20872234.0,114.0,0.03236,0.0531514715289156,1
2026-03-24 20:13:06.130,20800922.0,114.0,0.01822,0.0011936679729921,1
2026-03-24 20:13:08.316,20800922.0,114.0,0.04508,0.0011936679729921,1
2026-03-24 20:13:21.130,20803354.0,114.0,0.01857,0.0026413200452434,1
2026-03-24 20:13:23.316,20803354.0,114.0,0.02831,0.0026413200452434,1
2026-03-24 20:13:36.130,20803498.0,114.0,0.04163,0.0016103529001579,1
2026-03-24 20:13:38.316,20803498.0,114.0,0.01574,0.0016103529001579,1
2026-03-24 20:13:51.130,21066602.0,23.0,0.03497,0.0013059266422889,0
2026-03-24 20:13:53.316,21066602.0,23.0,0.02405,0.0013059266422889,0
2026-03-24 20:14:06.130,21330258.0,23.0,0.04125,0.0013881679611636,0
2026-03-24 20:14:08.316,21330258.0,23.0,0.02636,0.0013881679611636,0
2026-03-24 20:14:21.130,21332533.0,23.0,0.03586,0.0015002598279194,0
2026-03-24 20:14:23.316,21332533.0,23.0,0.03747,0.0015002598279194,0
2026-03-24 20:14:36.130,21339147.0,23.0,0.04589,0.0013325755893007,0
2026-03-24 20:14:38.316,21339147.0,23.0,0.01284,0.0013325755893007,0
2026-03-24 20:14:51.130,21348889.0,23.0,0.03816,0.0012780747165769,0
2026-03-24 20:14:53.316,21348889.0,23.0,0.02878,0.0012780747165769,0
2026-03-24 20:15:06.130,21618025.0,25.0,0.01574,0.0011387226790373,0
2026-03-24 20:15:08.316,21618025.0,25.0,0.01513,0.0011387226790373,0
2026-03-24 20:15:21.130,21619241.0,23.0,0.02427,0.001305796950725,0
2026-03-24 20:15:23.316,21619241.0,23.0,0.03507,0.001305796950725,0
2026-03-24 20:15:36.130,21619241.0,23.0,0.04697,0.0013328895550131,0
2026-03-24 20:15:38.316,21619241.0,23.0,0.034,0.0013328895550131,0
2026-03-24 20:15:51.130,21619241.0,23.0,0.03666,0.0011944449878029,0
2026-03-24 20:15:53.316,21619241.0,23.0,0.01582,0.0011944449878029,0
2026-03-24 20:16:08.316,21881385.0,23.0,0.02489,0.0011659486156871,0
2026-03-24 20:16:23.316,21884121.0,23.0,0.03594,0.0013885568610948,0
2026-03-24 20:16:38.316,21884121.0,23.0,0.0267,0.0013324487249034,0
2026-03-24 20:16:53.316,22146809.0,23.0,0.03289,0.0015548717638964,0
2026-03-24 20:17:08.316,22146809.0,23.0,0.04512,0.0014996861107752,0
2026-03-24 20:17:23.316,22146969.0,23.0,0.01996,0.0011110931726838,0
2026-03-24 20:17:38.316,22146969.0,23.0,0.02244,0.0010831672713339,0
2026-03-24 20:17:53.316,22409113.0,23.0,0.02823,0.0011947785190143,0
2026-03-24 20:18:08.316,22409417.0,23.0,0.01579,0.0010830379249078,0
2026-03-24 20:18:23.316,22415289.0,23.0,0.04705,0.0409854781247818,0
2026-03-24 20:18:38.316,22415721.0,23.0,0.02955,0.0853291825370056,0
2026-03-24 20:18:53.316,22677865.0,23.0,0.01652,0.0855305195280409,0
2026-03-24 20:19:08.316,22678777.0,23.0,0.02959,0.0850550340517851,0
2026-03-24 20:19:23.316,22679337.0,23.0,0.01317,0.0518224519075556,0
2026-03-24 20:19:38.316,22680057.0,23.0,0.01158,0.0014161675181491,0
2026-03-24 20:19:53.316,22943270.0,24.0,0.04199,0.0201385937026366,0
2026-03-24 20:20:08.316,22958182.0,27.0,0.03278,0.0962146262178619,1
2026-03-24 20:20:23.316,22960886.0,23.0,0.01968,0.0268181571165641,0
2026-03-24 20:20:38.316,23223542.0,23.0,0.03687,0.0012495009498532,0
2026-03-24 20:20:53.316,281720511.0,23.0,0.03802,0.0038101004202617,0
2026-03-24 20:21:08.316,357484303.0,26.0,0.03615,0.0025269836378789,1
2026-03-24 20:27:08.316,65222662.0,25.0,0.032,0.0,0
2026-03-24 20:27:23.316,278360352.0,23.0,0.02765,0.0204195026620302,0
2026-03-24 20:27:38.316,278379841.0,23.0,0.02135,0.0014994269986115,0
2026-03-24 20:27:53.316,278405883.0,23.0,0.02331,0.0007502225438533,0
2026-03-24 20:28:08.316,278436932.0,23.0,0.02658,0.0012498716907614,0
2026-03-24 20:28:23.316,278445345.0,23.0,0.0194,0.0017219266168073,0
2026-03-24 20:28:38.316,278458433.0,23.0,0.0431,0.0013329641466045,0
2026-03-24 20:28:53.316,278730382.0,23.0,0.02793,0.0012764115654731,0
2026-03-24 20:29:08.316,278746351.0,23.0,0.01373,0.0010558155063382,0
2026-03-24 20:29:23.316,278756468.0,23.0,0.02655,0.0013056302718359,0
2026-03-24 20:29:38.316,278450030.0,23.0,0.03918,0.001137816491083,0
2026-03-24 20:29:53.316,278457381.0,23.0,0.04789,0.0010835192100585,0
2026-03-24 20:30:08.316,278463826.0,23.0,0.03183,0.0009999637530713,0
2026-03-24 20:30:23.316,278477087.0,23.0,0.01719,0.0016111867155427,0
2026-03-24 20:30:38.316,278743112.0,23.0,0.02205,0.0014437605536742,0
2026-03-24 20:30:53.316,278751647.0,23.0,0.0328,0.0006666856173424,0
2026-03-24 20:31:08.316,278765287.0,23.0,0.03565,0.0011108339134081,0
2026-03-24 20:31:23.316,279030327.0,23.0,0.01647,0.0011666674814331,0
2026-03-24 20:31:38.316,279037124.0,23.0,0.0101,0.0011660206498474,0
2026-03-24 20:31:53.316,279043183.0,23.0,0.04533,0.0011388336419507,0
2026-03-24 20:32:08.316,279047048.0,23.0,0.01922,0.0012218523207247,0
2026-03-24 20:32:23.316,279324962.0,23.0,0.02846,0.0012501672720255,0
2026-03-24 20:32:38.316,279328978.0,23.0,0.02773,0.0013052053936264,0
2026-03-24 20:32:53.316,279336119.0,23.0,0.04547,0.0011384820241159,0
2026-03-24 20:33:08.316,278569336.0,23.0,0.01464,0.0013887978391733,0
2026-03-24 20:33:23.316,278573124.0,23.0,0.04037,0.001444315617178,0
2026-03-24 20:33:38.316,278585244.0,23.0,0.0498,0.0012493712088085,0
2026-03-24 20:33:53.316,278849721.0,23.0,0.03429,0.0008888896544211,0
2026-03-24 20:34:08.316,278861075.0,23.0,0.01331,0.001305759617424,0
2026-03-24 20:34:23.316,278866124.0,23.0,0.04309,0.0015551304562562,0
2026-03-24 20:34:38.316,278871495.0,23.0,0.01934,0.0011116857906755,0
2026-03-24 20:34:53.316,279139900.0,23.0,0.0151,0.0009444634691943,0
2026-03-24 20:35:08.316,279148862.0,23.0,0.02077,0.0011109077159589,0
2026-03-24 20:35:23.316,279154487.0,23.0,0.01776,0.0013610562592354,0
2026-03-24 20:35:38.316,23726409.0,23.0,0.0464,0.0096669289061999,0
2026-03-24 20:35:53.316,26904955.0,23.0,0.04458,0.0045566374722807,0
2026-03-24 20:36:08.316,26908722.0,23.0,0.02896,0.0013881693136294,0
2026-03-24 20:36:23.316,26914393.0,23.0,0.03789,0.0014162978242392,0
2026-03-24 20:36:38.316,32814349.0,23.0,0.02935,0.0054980285437101,0
2026-03-24 20:36:53.316,32672077.0,23.0,0.04594,0.0008611669754323,0
2026-03-25 22:17:35.943,17698199.0,23.0,0.01212,0.0092259743569962,0
2026-03-25 22:17:39.574,17698199.0,23.0,0.03128,0.0092259743569962,0
2026-03-25 22:17:50.943,17982655.0,23.0,0.03553,0.009536975614415,0
2026-03-25 22:17:54.574,17982655.0,23.0,0.02288,0.009536975614415,0
2026-03-25 22:18:05.943,17999087.0,23.0,0.034,0.0093620732878491,0
2026-03-25 22:18:09.574,17999087.0,23.0,0.03526,0.0093620732878491,0
2026-03-25 22:18:20.943,18025657.0,23.0,0.02548,0.0089791620785821,0
2026-03-25 22:18:24.574,18025657.0,23.0,0.02157,0.0089791620785821,0
2026-03-25 22:18:35.943,18298439.0,23.0,0.0102,0.008726855527246,0
2026-03-25 22:18:39.574,18298439.0,23.0,0.04318,0.008726855527246,0
2026-03-25 22:18:50.943,18305313.0,23.0,0.0122,0.0091789188652705,0
2026-03-25 22:18:54.574,18305313.0,23.0,0.03116,0.0091789188652705,0
2026-03-25 22:19:05.943,18322495.0,23.0,0.03281,0.0085877696323992,0
2026-03-25 22:19:09.574,18322495.0,23.0,0.02963,0.0085877696323992,0
2026-03-25 22:19:20.943,18345347.0,23.0,0.01021,0.0138987936273471,0
2026-03-25 22:19:24.574,18345347.0,23.0,0.03682,0.0138987936273471,0
2026-03-25 22:19:35.943,18614537.0,23.0,0.04663,0.0080908944909857,0
2026-03-25 22:19:39.574,18614537.0,23.0,0.04707,0.0080908944909857,0
2026-03-25 22:19:50.943,18621795.0,23.0,0.02159,0.0089281190196665,0
2026-03-25 22:19:54.574,18621795.0,23.0,0.01165,0.0089281190196665,0
2026-03-25 22:20:05.943,18634464.0,23.0,0.02166,0.0081706125719365,0
2026-03-25 22:20:09.574,18634464.0,23.0,0.04408,0.0081706125719365,0
2026-03-25 22:20:20.943,18647454.0,23.0,0.02928,0.0099248986452654,0
2026-03-25 22:20:24.574,18647454.0,23.0,0.01344,0.0099248986452654,0
2026-03-25 22:20:35.943,18915053.0,23.0,0.01005,0.0083686363773997,0
2026-03-25 22:20:39.574,18915053.0,23.0,0.02163,0.0083686363773997,0
2026-03-25 22:20:50.943,18919466.0,23.0,0.0432,0.0098976851693061,0
2026-03-25 22:20:54.574,18919466.0,23.0,0.04051,0.0098976851693061,0
2026-03-25 22:21:05.943,18922108.0,23.0,0.04005,0.0078979101829737,0
2026-03-25 22:21:09.574,18922108.0,23.0,0.01013,0.0078979101829737,0
2026-03-25 22:21:20.943,19202592.0,23.0,0.01734,0.0102551067328321,0
2026-03-25 22:21:24.574,19202592.0,23.0,0.04267,0.0102551067328321,0
2026-03-25 22:21:35.943,19204112.0,23.0,0.03724,0.0083939728111571,0
2026-03-25 22:21:39.574,19204112.0,23.0,0.0153,0.0083939728111571,0
2026-03-25 22:21:50.943,19214491.0,23.0,0.01102,0.0092816414799635,0
2026-03-25 22:21:54.574,19214491.0,23.0,0.03703,0.0092816414799635,0
2026-03-25 22:22:05.943,19216319.0,23.0,0.02212,0.0085621192049511,0
2026-03-25 22:22:09.574,19216319.0,23.0,0.02865,0.0085621192049511,0
2026-03-25 22:22:20.943,19485272.0,23.0,0.01363,0.0096471692035824,0
2026-03-25 22:22:24.574,19485272.0,23.0,0.02632,0.0096471692035824,0
2026-03-25 22:22:35.943,19488474.0,23.0,0.02298,0.0092574534047893,0
2026-03-25 22:22:39.574,19488474.0,23.0,0.04448,0.0092574534047893,0
2026-03-25 22:22:50.943,19491898.0,23.0,0.02991,0.0093974031476079,0
2026-03-25 22:22:54.574,19491898.0,23.0,0.0294,0.0093974031476079,0
2026-03-25 22:23:05.943,19501298.0,23.0,0.04723,0.0102210216894478,0
2026-03-25 22:23:09.574,19501298.0,23.0,0.03354,0.0102210216894478,0
2026-03-25 22:23:20.943,19768842.0,23.0,0.04427,0.0087908734983091,0
2026-03-25 22:23:24.574,19768842.0,23.0,0.03478,0.0087908734983091,0
2026-03-25 22:23:35.943,19773134.0,23.0,0.03747,0.0087034817877667,0
2026-03-25 22:23:39.574,19773134.0,23.0,0.01491,0.0087034817877667,0
2026-03-25 22:23:50.943,19779425.0,23.0,0.01172,0.0094812868405039,0
2026-03-25 22:23:54.574,19779425.0,23.0,0.01899,0.0094812868405039,0
2026-03-25 22:24:05.943,19779997.0,23.0,0.02516,0.0086172405808507,0
2026-03-25 22:24:09.574,19779997.0,23.0,0.01625,0.0086172405808507,0
2026-03-25 22:24:20.943,20047221.0,23.0,0.03508,0.0098415354362509,0
2026-03-25 22:24:24.574,20047221.0,23.0,0.04686,0.0098415354362509,0
2026-03-25 22:24:35.943,20051664.0,23.0,0.04463,0.0078154642625455,0
2026-03-25 22:24:39.574,20051664.0,23.0,0.04701,0.0078154642625455,0
2026-03-25 22:24:50.943,20063363.0,23.0,0.01106,0.0093387682557121,0
2026-03-25 22:24:54.574,20063363.0,23.0,0.04658,0.0093387682557121,0
2026-03-25 22:25:05.943,20334802.0,23.0,0.03456,0.0087290182475856,0
2026-03-25 22:25:09.574,20334802.0,23.0,0.02334,0.0087290182475856,0
2026-03-25 22:25:20.943,20344678.0,23.0,0.0142,0.0099740703992808,0
2026-03-25 22:25:24.574,20344678.0,23.0,0.02298,0.0099740703992808,0
2026-03-25 22:25:35.943,20345815.0,23.0,0.01534,0.0088118350721668,0
2026-03-25 22:25:39.574,20345815.0,23.0,0.0496,0.0088118350721668,0
2026-03-25 22:25:50.943,20346669.0,23.0,0.01487,0.0082943948948248,0
2026-03-25 22:25:54.574,20346669.0,23.0,0.0225,0.0082943948948248,0
2026-03-25 22:26:05.943,20614844.0,23.0,0.02729,0.0081209777548044,0
2026-03-25 22:26:09.574,20614844.0,23.0,0.02247,0.0081209777548044,0
2026-03-25 22:26:20.943,20617473.0,23.0,0.02488,0.0087896899401056,0
2026-03-25 22:26:24.574,20617473.0,23.0,0.04653,0.0087896899401056,0
2026-03-25 22:26:35.943,20620569.0,23.0,0.01412,0.0088113885941392,0
2026-03-25 22:26:39.574,20620569.0,23.0,0.02122,0.0088113885941392,0
2026-03-25 22:26:50.943,20892616.0,23.0,0.04603,0.0092872480046878,0
2026-03-25 22:26:54.574,20892616.0,23.0,0.0388,0.0092872480046878,0
2026-03-25 22:27:05.943,20895174.0,23.0,0.03454,0.0077013098537721,0
2026-03-25 22:27:09.574,20895174.0,23.0,0.02547,0.0077013098537721,0
2026-03-25 22:27:20.943,20901328.0,23.0,0.03103,0.0095924074469574,0
2026-03-25 22:27:24.574,20901328.0,23.0,0.04853,0.0095924074469574,0
2026-03-25 22:27:35.943,20902611.0,23.0,0.01743,0.0097535099309262,0
2026-03-25 22:27:39.574,20902611.0,23.0,0.02974,0.0097535099309262,0
2026-03-25 22:27:50.943,21170746.0,23.0,0.02033,0.0088964003850098,0
2026-03-25 22:27:54.574,21170746.0,23.0,0.02722,0.0088964003850098,0
2026-03-25 22:28:05.943,21179428.0,23.0,0.03463,0.010031521265579,0
2026-03-25 22:28:09.574,21179428.0,23.0,0.02128,0.010031521265579,0
2026-03-25 22:28:20.943,21186689.0,23.0,0.02904,0.0090080600558956,0
2026-03-25 22:28:24.574,21186689.0,23.0,0.04564,0.0090080600558956,0
2026-03-25 22:28:35.943,21188852.0,23.0,0.04785,0.0083442368733779,0
2026-03-25 22:28:39.574,21188852.0,23.0,0.01485,0.0083442368733779,0
2026-03-25 22:28:50.943,21452487.0,23.0,0.02862,0.0085935871376393,0
2026-03-25 22:28:54.574,21452487.0,23.0,0.01032,0.0085935871376393,0
2026-03-25 22:29:05.943,21455455.0,23.0,0.02274,0.0084474659251641,0
2026-03-25 22:29:09.574,21455455.0,23.0,0.0124,0.0084474659251641,0
2026-03-25 22:29:20.943,21468089.0,23.0,0.04,0.0096407246564184,0
2026-03-25 22:29:24.574,21468089.0,23.0,0.04285,0.0096407246564184,0
2026-03-25 22:29:35.943,21474465.0,23.0,0.0465,0.0094464221560798,0
2026-03-25 22:29:39.574,21474465.0,23.0,0.04931,0.0094464221560798,0
2026-03-25 22:29:50.943,21739832.0,23.0,0.02108,0.0093112113638047,0
2026-03-25 22:29:54.574,21739832.0,23.0,0.01941,0.0093112113638047,0
2026-03-25 22:30:05.943,21744946.0,23.0,0.03836,0.0080925298099735,0
2026-03-25 22:30:09.574,21744946.0,23.0,0.04335,0.0080925298099735,0
2026-03-25 22:30:20.943,21752965.0,23.0,0.02245,0.0103671324685187,0
2026-03-25 22:30:24.574,21752965.0,23.0,0.01624,0.0103671324685187,0
2026-03-25 22:30:35.943,21760536.0,23.0,0.02565,0.0086773720006238,0
2026-03-25 22:30:39.574,21760536.0,23.0,0.03378,0.0086773720006238,0
2026-03-25 22:30:50.943,22028105.0,23.0,0.04534,0.0090072223316738,0
2026-03-25 22:30:54.574,22028105.0,23.0,0.04226,0.0090072223316738,0
2026-03-25 22:31:05.943,22033157.0,23.0,0.03131,0.0091436248488436,0
2026-03-25 22:31:09.574,22033157.0,23.0,0.04226,0.0091436248488436,0
2026-03-25 22:31:20.943,22036705.0,23.0,0.01829,0.0092790442946801,0
2026-03-25 22:31:24.574,22036705.0,23.0,0.04311,0.0092790442946801,0
2026-03-25 22:31:35.943,22040970.0,23.0,0.0358,0.0090911324020111,0
2026-03-25 22:31:39.574,22040970.0,23.0,0.02764,0.0090911324020111,0
2026-03-25 22:31:50.943,22306256.0,23.0,0.04583,0.0089259551525438,0
2026-03-25 22:31:54.574,22306256.0,23.0,0.03035,0.0089259551525438,0
2026-03-25 22:32:05.943,22307216.0,23.0,0.03503,0.007619580370295,0
2026-03-25 22:32:09.574,22307216.0,23.0,0.01297,0.007619580370295,0
2026-03-25 22:32:20.943,22309706.0,23.0,0.03243,0.0095304385094166,0
2026-03-25 22:32:24.574,22309706.0,23.0,0.04202,0.0095304385094166,0
2026-03-25 22:32:35.943,22316497.0,23.0,0.03195,0.0090060591184705,0
2026-03-25 22:32:39.574,22316497.0,23.0,0.0425,0.0090060591184705,0
2026-03-25 22:32:50.943,22582934.0,23.0,0.02011,0.0086477667121963,0
2026-03-25 22:32:54.574,22582934.0,23.0,0.02796,0.0086477667121963,0
2026-03-25 22:33:05.943,22804340.0,23.0,0.04082,0.009892186606833,0
2026-03-25 22:33:09.574,22804340.0,23.0,0.01314,0.009892186606833,0
2026-03-25 22:33:20.943,22612423.0,23.0,0.02244,0.0098087505485317,0
2026-03-25 22:33:24.574,22612423.0,23.0,0.01287,0.0098087505485317,0
2026-03-25 22:33:35.943,16913828.0,23.0,0.01211,0.008664917579405,0
2026-03-25 22:33:39.574,16913828.0,23.0,0.02154,0.008664917579405,0
2026-03-25 22:33:50.943,16915931.0,23.0,0.0253,0.0091525826653056,0
2026-03-25 22:33:54.574,16915931.0,23.0,0.02928,0.0091525826653056,0
2026-03-25 22:34:05.943,17178411.0,23.0,0.02543,0.00847717445686,0
2026-03-25 22:34:09.574,17178411.0,23.0,0.03231,0.00847717445686,0
2026-03-25 22:34:20.943,17181667.0,23.0,0.02378,0.0090428516185633,0
2026-03-25 22:34:24.574,17181667.0,23.0,0.03898,0.0090428516185633,0
2026-03-25 22:34:35.943,17182375.0,23.0,0.01281,0.009255399787664,0
2026-03-25 22:34:39.574,17182375.0,23.0,0.02889,0.009255399787664,0
2026-03-25 22:34:50.943,17183445.0,23.0,0.01054,0.0085950877415656,0
2026-03-25 22:34:54.574,17183445.0,23.0,0.01039,0.0085950877415656,0
2026-03-25 22:35:05.943,17449077.0,23.0,0.02036,0.0083658898365787,0
2026-03-25 22:35:09.574,17449077.0,23.0,0.01778,0.0083658898365787,0
2026-03-25 22:35:20.943,17455658.0,23.0,0.01765,0.0098121445095642,0
2026-03-25 22:35:24.574,17455658.0,23.0,0.02493,0.0098121445095642,0
2026-03-25 22:35:35.943,17455914.0,23.0,0.01957,0.0095039344888057,0
2026-03-25 22:35:39.574,17455914.0,23.0,0.01008,0.0095039344888057,0
2026-03-25 22:35:50.943,17456466.0,23.0,0.01592,0.0081479555182645,0
2026-03-25 22:35:54.574,17456466.0,23.0,0.04961,0.0081479555182645,0
2026-03-25 22:36:05.943,17457214.0,23.0,0.03245,0.0087812370885822,0
2026-03-25 22:36:09.574,17457214.0,23.0,0.04652,0.0087812370885822,0
2026-03-25 22:36:20.943,17460772.0,23.0,0.01351,0.0094201648777138,0
2026-03-25 22:36:24.574,17460772.0,23.0,0.03876,0.0094201648777138,0
2026-03-25 22:36:35.943,17471956.0,23.0,0.04435,0.0089552702319254,0
2026-03-25 22:36:39.574,17471956.0,23.0,0.04474,0.0089552702319254,0
2026-03-25 22:36:50.943,17477436.0,23.0,0.03585,0.0085388526711756,0
2026-03-25 22:36:54.574,17477436.0,23.0,0.03523,0.0085388526711756,0
2026-03-25 22:37:05.943,17739692.0,23.0,0.03581,0.0086679195800063,0
2026-03-25 22:37:09.574,17739692.0,23.0,0.01997,0.0086679195800063,0
2026-03-25 22:37:20.943,17739755.0,23.0,0.01165,0.0088713249269779,0
2026-03-25 22:37:24.574,17739755.0,23.0,0.0166,0.0088713249269779,0
2026-03-25 22:37:35.943,17741860.0,23.0,0.01045,0.0092810582523369,0
2026-03-25 22:37:39.574,17741860.0,23.0,0.02415,0.0092810582523369,0
2026-03-25 22:37:50.943,17744461.0,23.0,0.01461,0.0086110149546278,0
2026-03-25 22:37:54.574,17744461.0,23.0,0.01137,0.0086110149546278,0
2026-03-25 22:38:05.943,18007812.0,23.0,0.03526,0.0099243238743045,0
2026-03-25 22:38:09.574,18007812.0,23.0,0.02181,0.0099243238743045,0
2026-03-25 22:38:20.943,18009651.0,23.0,0.04192,0.0085075611593215,0
2026-03-25 22:38:24.574,18009651.0,23.0,0.02019,0.0085075611593215,0
2026-03-25 22:38:35.943,18014107.0,23.0,0.01738,0.0098644855151038,0
2026-03-25 22:38:39.574,18014107.0,23.0,0.03547,0.0098644855151038,0
2026-03-25 22:38:50.943,18293038.0,23.0,0.04139,0.0085600406970074,0
2026-03-25 22:38:54.574,18293038.0,23.0,0.03633,0.0085600406970074,0
2026-03-25 22:39:05.943,18294441.0,23.0,0.01429,0.0088953261672974,0
2026-03-25 22:39:09.574,18294441.0,23.0,0.02151,0.0088953261672974,0
2026-03-25 22:39:20.943,18294801.0,23.0,0.02949,0.0093694068134922,0
2026-03-25 22:39:24.574,18294801.0,23.0,0.02217,0.0093694068134922,0
2026-03-25 22:39:35.943,18559464.0,23.0,0.03988,0.0087253731250702,0
2026-03-25 22:39:39.574,18559464.0,23.0,0.04729,0.0087253731250702,0
2026-03-25 22:39:50.943,18560690.0,23.0,0.03351,0.009995964445595,0
2026-03-25 22:39:54.574,18560690.0,23.0,0.03772,0.009995964445595,0
2026-03-25 22:40:05.943,18564882.0,25.0,0.02074,0.0086691007462087,0
2026-03-25 22:40:09.574,18564882.0,25.0,0.02169,0.0086691007462087,0
2026-03-25 22:40:20.943,18565954.0,23.0,0.03521,0.0093977235479364,0
2026-03-25 22:40:24.574,18565954.0,23.0,0.0408,0.0093977235479364,0
2026-03-25 22:40:35.943,18828386.0,23.0,0.02121,0.0085084074432812,0
2026-03-25 22:40:39.574,18828386.0,23.0,0.03663,0.0085084074432812,0
2026-03-25 22:40:50.943,18828435.0,23.0,0.04473,0.0091978384580677,0
2026-03-25 22:40:54.574,18828435.0,23.0,0.03705,0.0091978384580677,0
2026-03-25 22:41:05.943,18830239.0,23.0,0.01808,0.007947547468827,0
2026-03-25 22:41:09.574,18830239.0,23.0,0.01509,0.007947547468827,0
2026-03-25 22:41:20.943,18917026.0,23.0,0.03152,0.0087336960550114,0
2026-03-25 22:41:24.574,18917026.0,23.0,0.0466,0.0087336960550114,0
2026-03-25 22:41:35.943,19108768.0,23.0,0.02502,0.0083974549902408,0
2026-03-25 22:41:39.574,19108768.0,23.0,0.02506,0.0083974549902408,0
2026-03-25 22:41:50.943,19109517.0,23.0,0.03401,0.0087837542656001,0
2026-03-25 22:41:54.574,19109517.0,23.0,0.04426,0.0087837542656001,0
2026-03-25 22:42:05.943,19110084.0,23.0,0.01244,0.0076703814485547,0
2026-03-25 22:42:09.574,19110084.0,23.0,0.04458,0.0076703814485547,0
2026-03-25 22:42:20.943,19373418.0,23.0,0.03762,0.0100898252665706,0
2026-03-25 22:42:24.574,19373418.0,23.0,0.03299,0.0100898252665706,0
2026-03-25 22:42:35.943,19377872.0,25.0,0.02798,0.0087501717410168,0
2026-03-25 22:42:39.574,19377872.0,25.0,0.04775,0.0087501717410168,0
2026-03-25 22:42:50.943,19380526.0,25.0,0.01667,0.0087858703208643,0
2026-03-25 22:42:54.574,19380526.0,25.0,0.01315,0.0087858703208643,0
2026-03-25 22:43:05.943,19653334.0,25.0,0.03136,0.0094219042846399,0
2026-03-25 22:43:09.574,19653334.0,25.0,0.02027,0.0094219042846399,0
2026-03-25 22:43:20.943,19659024.0,23.0,0.04833,0.0097300362579287,0
2026-03-25 22:43:24.574,19659024.0,23.0,0.01583,0.0097300362579287,0
2026-03-25 22:43:35.943,19660357.0,23.0,0.02913,0.0081172538082144,0
2026-03-25 22:43:39.574,19660357.0,23.0,0.04322,0.0081172538082144,0
2026-03-25 22:43:50.943,19660732.0,23.0,0.01767,0.0092245896127804,0
2026-03-25 22:43:54.574,19660732.0,23.0,0.0291,0.0092245896127804,0
2026-03-25 22:44:05.943,19924119.0,23.0,0.02764,0.0079240095504235,0
2026-03-25 22:44:09.574,19924119.0,23.0,0.02368,0.0079240095504235,0
2026-03-25 22:44:20.943,19924683.0,23.0,0.04316,0.0098647316894395,0
2026-03-25 22:44:24.574,19924683.0,23.0,0.02854,0.0098647316894395,0
2026-03-25 22:44:35.943,19924861.0,23.0,0.03306,0.0084742650081118,0
2026-03-25 22:44:39.574,19924861.0,23.0,0.0464,0.0084742650081118,0
2026-03-25 22:44:50.943,20187642.0,25.0,0.01572,0.0088432285567342,0
2026-03-25 22:44:54.574,20187642.0,25.0,0.02531,0.0088432285567342,0
2026-03-25 22:45:05.943,20189518.0,23.0,0.04135,0.0086159509016182,0
2026-03-25 22:45:09.574,20189518.0,23.0,0.0485,0.0086159509016182,0
2026-03-25 22:45:20.943,20190113.0,23.0,0.03,0.009144444922252,0
2026-03-25 22:45:24.574,20190113.0,23.0,0.0289,0.009144444922252,0
2026-03-25 22:45:35.943,20191719.0,23.0,0.01686,0.0083692310478766,0
2026-03-25 22:45:39.574,20191719.0,23.0,0.03762,0.0083692310478766,0
2026-03-25 22:45:50.943,20455647.0,23.0,0.024,0.0098109082945138,0
2026-03-25 22:45:54.574,20455647.0,23.0,0.02181,0.0098109082945138,0
2026-03-25 22:46:05.943,20457219.0,23.0,0.04801,0.0074528165175938,0
2026-03-25 22:46:09.574,20457219.0,23.0,0.04523,0.0074528165175938,0
2026-03-25 22:46:20.943,20458801.0,23.0,0.04659,0.0091749438782838,0
2026-03-25 22:46:24.574,20458801.0,23.0,0.0376,0.0091749438782838,0
2026-03-25 22:46:35.943,20459991.0,23.0,0.0214,0.0085066209293983,0
2026-03-25 22:46:39.574,20459991.0,23.0,0.03328,0.0085066209293983,0
2026-03-25 22:46:50.943,20725477.0,23.0,0.02391,0.0089825498389853,0
2026-03-25 22:46:54.574,20725477.0,23.0,0.01666,0.0089825498389853,0
2026-03-25 22:47:05.943,20728917.0,23.0,0.0195,0.0077566638250166,0
2026-03-25 22:47:09.574,20728917.0,23.0,0.03271,0.0077566638250166,0
2026-03-25 22:47:20.943,20729808.0,23.0,0.02261,0.0093688778068741,0
2026-03-25 22:47:24.574,20729808.0,23.0,0.02763,0.0093688778068741,0
2026-03-25 22:47:35.943,20731794.0,23.0,0.04639,0.0090891669864704,0
2026-03-25 22:47:39.574,20731794.0,23.0,0.03187,0.0090891669864704,0
2026-03-25 22:47:50.943,20998351.0,23.0,0.03167,0.0092885409076712,0
2026-03-25 22:47:54.574,20998351.0,23.0,0.02456,0.0092885409076712,0
2026-03-25 22:48:05.943,20999545.0,23.0,0.02975,0.0097061241092252,0
2026-03-25 22:48:09.574,20999545.0,23.0,0.0198,0.0097061241092252,0
2026-03-25 22:48:20.943,21005537.0,23.0,0.01102,0.0092049538625484,0
2026-03-25 22:48:24.574,21005537.0,23.0,0.0259,0.0092049538625484,0
2026-03-25 22:48:35.943,21083393.0,23.0,0.0291,0.008508629772919,0
2026-03-25 22:48:39.574,21083393.0,23.0,0.03435,0.008508629772919,0
2026-03-25 22:48:50.943,21355413.0,23.0,0.02692,0.0093698498969203,0
2026-03-25 22:48:54.574,21355413.0,23.0,0.04043,0.0093698498969203,0
2026-03-25 22:49:05.943,21520817.0,23.0,0.03458,0.0081681513744204,0
2026-03-25 22:49:09.574,21520817.0,23.0,0.02559,0.0081681513744204,0
2026-03-25 22:49:20.943,21345113.0,23.0,0.04963,0.0097611358748873,0
2026-03-25 22:49:24.574,21345113.0,23.0,0.02309,0.0097611358748873,0
2026-03-25 22:49:35.943,21609522.0,23.0,0.03368,0.0082879440418904,0
2026-03-25 22:49:39.574,21609522.0,23.0,0.03612,0.0082879440418904,0
2026-03-25 22:49:50.943,21610134.0,23.0,0.02004,0.0085108247176765,0
2026-03-25 22:49:54.574,21610134.0,23.0,0.02648,0.0085108247176765,0
2026-03-25 22:50:05.943,21611428.0,23.0,0.0418,0.0075935806689581,0
2026-03-25 22:50:09.574,21611428.0,23.0,0.02208,0.0075935806689581,0
2026-03-25 22:50:20.943,21612726.0,23.0,0.01546,0.0090653196659989,0
2026-03-25 22:50:24.574,21612726.0,23.0,0.02359,0.0090653196659989,0
2026-03-25 22:50:35.943,21874966.0,23.0,0.01886,0.0080636346610825,0
2026-03-25 22:50:39.574,21874966.0,23.0,0.03611,0.0080636346610825,0
2026-03-25 22:50:50.943,21874966.0,23.0,0.03921,0.0090349426031537,0
2026-03-25 22:50:54.574,21874966.0,23.0,0.0132,0.0090349426031537,0
2026-03-25 22:51:05.943,21875174.0,23.0,0.02726,0.007841949032629,0
2026-03-25 22:51:09.574,21875174.0,23.0,0.01847,0.007841949032629,0
2026-03-25 22:51:20.943,21876689.0,23.0,0.01173,0.0097546082796034,0
2026-03-25 22:51:24.574,21876689.0,23.0,0.03632,0.0097546082796034,0
2026-03-25 22:51:35.943,22148035.0,23.0,0.03592,0.0077068879992118,0
2026-03-25 22:51:39.574,22148035.0,23.0,0.03713,0.0077068879992118,0
2026-03-25 22:51:50.943,22148551.0,23.0,0.01053,0.0090648908232603,0
2026-03-25 22:51:54.574,22148551.0,23.0,0.03517,0.0090648908232603,0
2026-03-25 22:52:05.943,22148911.0,23.0,0.02248,0.0077357058465037,0
2026-03-25 22:52:09.574,22148911.0,23.0,0.04595,0.0077357058465037,0
2026-03-25 22:52:20.943,22150659.0,23.0,0.04244,0.009833894617607,0
2026-03-25 22:52:24.574,22150659.0,23.0,0.01445,0.009833894617607,0
2026-03-25 22:52:35.943,22153752.0,23.0,0.01599,0.0082592587903027,0
2026-03-25 22:52:39.574,22153752.0,23.0,0.03195,0.0082592587903027,0
2026-03-25 22:52:50.943,22416296.0,23.0,0.03188,0.0088414311683156,0
2026-03-25 22:52:54.574,22416296.0,23.0,0.0346,0.0088414311683156,0
2026-03-25 22:53:05.943,22416296.0,23.0,0.01748,0.009177385651212,0
2026-03-25 22:53:09.574,22416296.0,23.0,0.01373,0.009177385651212,0
2026-03-25 22:53:20.943,22416856.0,23.0,0.04867,0.0097554211064982,0
2026-03-25 22:53:24.574,22416856.0,23.0,0.01427,0.0097554211064982,0
2026-03-25 22:53:35.943,22680033.0,23.0,0.0431,0.0080870686191671,0
2026-03-25 22:53:39.574,22680033.0,23.0,0.03898,0.0080870686191671,0
2026-03-25 22:53:50.943,22682801.0,23.0,0.02251,0.0102481234359002,0
2026-03-25 22:53:54.574,22682801.0,23.0,0.01062,0.0102481234359002,0
2026-03-25 22:54:05.943,22682801.0,23.0,0.03862,0.0074549747010555,0
2026-03-25 22:54:09.574,22682801.0,23.0,0.01502,0.0074549747010555,0
2026-03-25 22:54:20.943,22683105.0,23.0,0.03927,0.0098357568573761,0
2026-03-25 22:54:35.943,22946689.0,23.0,0.03085,0.0087851985654267,0
2026-03-25 22:54:50.943,22947139.0,23.0,0.04303,0.008786382878926,0
2026-03-25 22:55:05.943,22947523.0,23.0,0.04798,0.0078946847495656,0
2026-03-25 22:55:20.943,22949107.0,23.0,0.01126,0.008617161842165,0
2026-03-25 22:55:35.943,23213396.0,23.0,0.04594,0.0080052939442737,0
2026-03-25 22:55:50.943,23213396.0,23.0,0.04129,0.0090705114845492,0
2026-03-25 22:56:05.943,23213396.0,23.0,0.03937,0.0076985075389463,0
2026-03-25 22:56:20.943,23213396.0,23.0,0.04022,0.0092864412184997,0
2026-03-25 22:56:35.943,23475892.0,23.0,0.04489,0.0088700338552408,0
2026-03-25 22:56:50.943,23478755.0,23.0,0.03477,0.0090347882328016,0
2026-03-25 22:57:05.943,23480856.0,23.0,0.01065,0.0088623176012992,0
2026-03-25 22:57:20.943,23480856.0,23.0,0.03261,0.0091223976447328,0
2026-03-25 22:57:35.943,17198831.0,23.0,0.04116,0.0089742634662171,0
2026-03-25 22:57:50.943,17204314.0,23.0,0.04704,0.0084825434439044,0
2026-03-25 22:58:05.943,17466570.0,23.0,0.02536,0.0095121487028803,0
2026-03-25 22:58:20.943,17467146.0,23.0,0.03789,0.0089268153700243,0
2026-03-25 22:58:35.943,17467322.0,23.0,0.04272,0.0085969015546472,0
2026-03-25 22:58:50.943,17475822.0,23.0,0.0314,0.0093102392569575,0
2026-03-25 22:59:05.943,17742886.0,23.0,0.01793,0.0085853790471433,0
2026-03-25 22:59:20.943,17744694.0,23.0,0.04535,0.0087924440842754,0
2026-03-25 22:59:35.943,17748905.0,23.0,0.04088,0.0087052938311359,0
2026-03-25 22:59:50.943,18011388.0,23.0,0.04351,0.0082916502863281,0
2026-04-16 13:23:27.080,292225375.0,23.0,0.01544,0.0108708231952784,0
2026-04-16 13:23:42.080,292488127.0,23.0,0.03708,0.0131220953096774,0
2026-04-16 13:23:57.080,292750760.0,23.0,0.01888,0.0105710339277877,0
2026-04-16 13:24:12.080,292752940.0,23.0,0.04229,0.0114317430100516,0
2026-04-16 13:24:27.080,293019898.0,23.0,0.01112,0.0106812495202463,0
2026-04-16 13:24:42.080,293282154.0,23.0,0.02086,0.0143028120862648,0
2026-04-16 13:24:57.080,293282394.0,23.0,0.02937,0.0105138594436206,0
2026-04-16 13:25:12.080,293544906.0,23.0,0.04726,0.0117573994340942,0
2026-04-16 13:25:27.080,293807498.0,23.0,0.02104,0.0100948446427212,0
2026-04-16 13:25:42.080,294070896.0,23.0,0.01491,0.0140851993220317,0
2026-04-16 13:25:57.080,294071088.0,23.0,0.02856,0.0111209417659858,0
2026-04-16 13:26:12.080,294080418.0,23.0,0.04716,0.0117554654039506,0
2026-04-16 13:26:27.080,294082994.0,23.0,0.01341,0.0107894349576122,0
2026-04-16 13:26:42.080,294345644.0,23.0,0.0276,0.0132091255680624,0
2026-04-16 13:26:57.080,294608339.0,23.0,0.02832,0.0104847069300546,0
2026-04-16 13:27:12.080,294608686.0,23.0,0.01952,0.0111036071511807,0
2026-04-16 13:27:27.080,294875662.0,23.0,0.01324,0.0107882810826397,0
2026-04-16 13:27:42.080,294878072.0,23.0,0.02323,0.0130961493730899,0
2026-04-16 13:27:57.080,294878823.0,23.0,0.02527,0.0107070473474948,0
2026-04-16 13:28:12.080,294879559.0,23.0,0.02743,0.0122013868636057,0
2026-04-16 13:28:27.080,295404459.0,23.0,0.03097,0.0112023684441292,0
2026-04-16 13:28:42.080,295666603.0,23.0,0.02916,0.013047162569124,0
2026-04-16 13:28:57.080,295929794.0,23.0,0.02093,0.0108472839208695,0
2026-04-16 13:29:12.080,295929794.0,23.0,0.04969,0.0118696929033402,0
2026-04-16 13:29:27.080,295929794.0,23.0,0.03799,0.0109290035876898,0
2026-04-16 13:29:42.080,295929906.0,23.0,0.01459,0.0149582328722315,0
2026-04-16 13:29:57.080,295930002.0,23.0,0.02537,0.011173681185865,0
2026-04-16 13:30:12.080,296193234.0,23.0,0.02755,0.0109373649037678,0
2026-04-16 13:30:27.080,296455490.0,25.0,0.01806,0.0109769348509172,0
2026-04-16 13:30:42.080,296455618.0,23.0,0.03611,0.0128187764859785,0
2026-04-16 13:30:57.080,296455618.0,23.0,0.04668,0.0113444808705579,0
2026-04-16 13:31:12.080,296456642.0,23.0,0.03154,0.0116498608796471,0
2026-04-16 13:31:27.080,296456034.0,23.0,0.03105,0.0114242246958067,0
2026-04-16 13:31:42.080,296718178.0,23.0,0.03754,0.0125697643005156,0
2026-04-16 13:31:57.080,296718178.0,23.0,0.02874,0.0116518394500889,0
2026-04-16 13:32:12.080,296720419.0,23.0,0.02611,0.0103188311456895,0
2026-04-16 13:32:27.080,296982931.0,23.0,0.01163,0.0116247731925811,0
2026-04-16 13:32:42.080,296983091.0,23.0,0.03978,0.013750798732832,0
2026-04-16 13:32:57.080,297245555.0,23.0,0.04508,0.011256740534134,0
2026-04-16 13:33:12.080,297245835.0,23.0,0.02678,0.011950923264799,0
2026-04-16 13:33:27.080,297245835.0,23.0,0.01193,0.0113968544043805,0
2026-04-16 13:33:42.080,297507979.0,23.0,0.03976,0.0137326763330524,0
2026-04-16 13:33:57.080,297508161.0,23.0,0.03939,0.0115083425121051,0
2026-04-16 13:34:12.080,297512497.0,23.0,0.04182,0.0110422413309049,0
2026-04-16 13:34:27.080,297776429.0,23.0,0.04169,0.0115122143272654,0
2026-04-16 13:34:42.080,297776685.0,23.0,0.03476,0.0141317507423285,0
2026-04-16 13:34:57.080,297778996.0,23.0,0.04847,0.0117023466267815,0
2026-04-16 13:35:12.080,298041345.0,23.0,0.03999,0.0118896170910467,0
2026-04-16 13:35:27.080,298041345.0,23.0,0.01341,0.0107878456833558,0
2026-04-16 13:35:42.080,298042718.0,23.0,0.02686,0.0138431488260747,0
2026-04-16 13:35:57.080,298044075.0,23.0,0.03977,0.0113488173216994,0
2026-04-16 13:36:12.080,298044395.0,23.0,0.02326,0.0109021124013892,0
2026-04-16 13:36:27.080,298045055.0,23.0,0.04718,0.01215282923909,0
2026-04-16 13:36:42.080,298308067.0,23.0,0.04856,0.0128422340690535,0
2026-04-16 13:36:57.080,298309117.0,23.0,0.03405,0.0112898244197977,0
2026-04-16 13:37:12.080,298573030.0,23.0,0.02215,0.0118271472068346,0
2026-04-16 13:37:27.080,298573334.0,23.0,0.02906,0.011458006541119,0
2026-04-16 13:37:42.080,298575992.0,23.0,0.03002,0.0124074118441075,0
2026-04-16 13:37:57.080,298839880.0,23.0,0.04265,0.0125306403197307,0
2026-04-16 13:38:12.080,298841769.0,23.0,0.01792,0.0115581957405156,0
2026-04-16 13:38:27.080,299108888.0,23.0,0.02383,0.0122836193144345,0
2026-04-16 13:38:42.080,299117391.0,23.0,0.02737,0.0120495101146293,0
2026-04-16 13:38:57.080,299132639.0,23.0,0.02147,0.0120928057008501,0
2026-04-16 13:39:12.080,299133135.0,23.0,0.04868,0.0102385852336962,0
2026-04-16 13:39:27.080,299134815.0,23.0,0.04077,0.0117076646184771,0
2026-04-16 13:39:42.080,299138015.0,23.0,0.04977,0.0138925220836687,0
2026-04-16 13:39:57.080,299400159.0,23.0,0.03162,0.0108526398358644,0
2026-04-16 13:40:12.080,299400159.0,23.0,0.03616,0.0098999246166365,0
2026-04-16 13:40:27.080,299400959.0,23.0,0.02174,0.012196411817116,0
2026-04-16 13:40:42.080,299663455.0,23.0,0.01352,0.0113526909180076,0
2026-04-16 13:40:57.080,299663455.0,23.0,0.03022,0.0111805262202076,0
2026-04-16 13:41:12.080,299926559.0,23.0,0.01123,0.0110600666283316,0
2026-04-16 13:41:27.080,299926959.0,23.0,0.02766,0.0111514427222878,0
2026-04-16 13:41:42.080,300189535.0,23.0,0.02277,0.0125407531142297,0
2026-04-16 13:41:57.080,300189535.0,23.0,0.01752,0.0116708680434732,0
2026-04-16 13:42:12.080,300189535.0,23.0,0.02953,0.0110361688859474,0
2026-04-16 13:42:27.080,300189535.0,23.0,0.03362,0.011126906291666,0
2026-04-16 13:42:42.080,300189535.0,23.0,0.01019,0.0119540535219121,0
2026-04-16 13:42:57.080,300452031.0,23.0,0.02364,0.0111007678538172,0
2026-04-16 13:43:12.080,300452031.0,23.0,0.04298,0.0103452206888935,0
2026-04-16 13:43:27.080,300461864.0,29.0,0.01557,0.0689161855697195,1
2026-04-16 13:43:42.080,300461864.0,23.0,0.01274,0.1235698995829012,1
2026-04-16 13:43:57.080,300461864.0,23.0,0.03307,0.0119286963843154,0
2026-04-16 13:44:12.080,300986545.0,23.0,0.01861,0.0104794174495298,0
2026-04-16 13:44:27.080,300986753.0,23.0,0.01163,0.0112422500031626,0
2026-04-16 13:44:42.080,300987217.0,23.0,0.04166,0.0134025091935569,0
2026-04-16 13:44:57.080,300991516.0,26.0,0.03381,0.0204951830453378,1
2026-04-16 13:45:12.080,300993961.0,23.0,0.04454,0.1702130585955788,1
2026-04-16 13:45:27.080,300994105.0,23.0,0.0402,0.0104384576410655,0
2026-04-16 13:45:42.080,312267097.0,24.0,0.04376,0.0124046991622609,0
2026-04-16 13:45:57.080,276945979.0,23.0,0.02503,0.0310325980755934,0
2026-04-16 13:46:12.080,277213275.0,23.0,0.01627,0.0103270730822696,0
2026-04-16 13:46:27.080,278582879.0,29.0,0.02851,0.0745767170531551,1
2026-04-16 13:46:42.080,279195410.0,32.0,0.03677,0.2172161794208843,1
2026-04-16 13:46:57.080,279416978.0,23.0,0.03175,0.1667314344180186,1
2026-04-16 13:47:12.080,279428386.0,23.0,0.04259,0.0103132042937266,0
2026-04-16 13:47:27.080,279455330.0,23.0,0.04335,0.0120911909898447,0
2026-04-16 13:47:42.080,280188964.0,23.0,0.01855,0.2946163741414723,1
2026-04-16 13:47:57.080,280127860.0,23.0,0.03315,0.0107285510037692,0
2026-04-16 13:48:12.080,280164039.0,23.0,0.04787,0.1240105690009104,1
2026-04-16 13:48:27.080,280438311.0,25.0,0.0352,0.0099056928320542,0
2026-04-16 13:48:42.080,280716055.0,23.0,0.02299,0.0128187961087498,0
2026-04-16 13:48:57.080,280994855.0,23.0,0.03461,0.0110096238040629,0
2026-04-16 13:49:12.080,281012920.0,23.0,0.01332,0.0961917381411091,1
2026-04-16 13:49:27.080,281026463.0,26.0,0.03372,0.0146258359392382,0
2026-04-16 13:49:42.080,281376307.0,23.0,0.04653,0.4312091841855459,1
2026-04-16 13:49:57.080,281731299.0,23.0,0.03409,0.0111764016763893,0
2026-04-16 13:50:12.080,281679011.0,26.0,0.04281,0.0124972340111993,0
2026-04-16 13:50:27.080,281680835.0,23.0,0.0433,0.0108763241133251,0
2026-04-16 13:50:42.080,281953235.0,23.0,0.03137,0.0133419573036719,0
2026-04-16 13:50:57.080,282222195.0,23.0,0.02362,0.0113335990372714,0
2026-04-16 13:51:12.080,427179345.0,29.0,0.04261,0.0140884824648575,1
2026-04-16 13:51:27.080,278375190.0,31.0,0.04351,0.0257591317459639,1
2026-04-16 13:51:42.080,278573547.0,29.0,0.03871,0.0331864087071164,1
2026-04-16 13:51:57.080,278502313.0,23.0,0.01798,0.2726492051526578,1
2026-04-16 13:52:12.080,279115662.0,32.0,0.03712,0.2582736468498289,1
2026-04-16 13:52:27.080,279176960.0,23.0,0.03309,0.325612632918209,1
2026-04-16 13:52:42.080,279201360.0,23.0,0.0398,0.013351813855825,0
2026-04-16 13:52:57.080,279435488.0,23.0,0.02032,0.0106467150403546,0
2026-04-16 13:53:12.080,279495089.0,23.0,0.0444,0.0114063901613094,0
2026-04-16 13:53:27.080,279780824.0,23.0,0.01752,0.0109545876359778,0
2026-04-16 13:53:42.080,279791976.0,23.0,0.04792,0.0143639219309406,0
2026-04-16 13:53:57.080,280023768.0,23.0,0.01147,0.0097664446705781,0
2026-04-16 13:54:12.080,279838792.0,23.0,0.03406,0.0120654273012635,0
2026-04-16 13:54:27.080,280109352.0,23.0,0.02349,0.0103964427813176,0
2026-04-16 13:54:42.080,280279864.0,23.0,0.01578,0.015208678663425,0
2026-04-16 13:54:57.080,280657592.0,23.0,0.04604,0.0111191554780632,0
2026-04-16 13:55:12.080,280727650.0,23.0,0.02303,0.0118371791247163,0
2026-04-16 13:55:27.080,281275570.0,25.0,0.01004,0.0113134479912173,0
2026-04-16 13:55:42.080,281290290.0,23.0,0.0433,0.013461353222467,0
2026-04-16 13:55:57.080,281307122.0,23.0,0.02636,0.0105445968111194,0
2026-04-16 13:56:12.080,281550301.0,23.0,0.03385,0.0117618061319305,0
2026-04-16 13:56:27.080,281918857.0,23.0,0.02186,0.0115807363665088,0
2026-04-16 13:56:42.080,282239438.0,23.0,0.01998,0.0125129222113901,0
2026-04-16 13:56:57.080,282266668.0,23.0,0.03782,0.0117780606406431,0
2026-04-16 13:57:12.080,282270908.0,23.0,0.0304,0.0119547218071877,0
2026-04-16 13:57:27.080,282277020.0,23.0,0.01631,0.0107422216892007,0
2026-04-16 13:57:42.080,282279068.0,23.0,0.01037,0.0126839924269148,0
2026-04-16 13:57:57.080,282280764.0,23.0,0.02602,0.0113628736292804,0
2026-04-16 13:58:12.080,282545148.0,23.0,0.0368,0.0115373964660506,0
2026-04-16 13:58:27.080,282811932.0,23.0,0.02871,0.0117206620187527,0
2026-04-16 13:58:42.080,283075820.0,23.0,0.03365,0.0139777314481328,0
2026-04-16 13:58:57.080,283084748.0,23.0,0.03083,0.0112323714296378,0
2026-04-16 13:59:12.080,283085164.0,23.0,0.0267,0.0111848638230585,0
2026-04-16 13:59:27.080,283351228.0,23.0,0.01024,0.0108125399226999,0
2026-04-16 13:59:42.080,283351916.0,23.0,0.01532,0.0142873823502896,0
2026-04-16 13:59:57.080,283693308.0,23.0,0.03527,0.011869627352764,0
2026-04-16 14:00:12.080,283624028.0,23.0,0.03089,0.0111776406704776,0
2026-04-16 14:00:27.080,283896873.0,23.0,0.01928,0.0118738328014086,0
2026-04-16 14:00:42.080,283896873.0,23.0,0.01713,0.0138354985824013,0
2026-04-16 14:00:57.080,283911481.0,23.0,0.0257,0.011671502774052,0
2026-04-16 14:01:12.080,283917824.0,23.0,0.02213,0.0106847163119603,0
2026-04-16 14:01:27.080,283919424.0,23.0,0.019,0.0116425218130595,0
2026-04-16 14:01:42.080,283922532.0,23.0,0.02835,0.0130182385416962,0
2026-04-16 14:01:57.080,283924996.0,23.0,0.02249,0.0114764792749901,0
2026-04-16 14:02:12.080,283926884.0,23.0,0.03278,0.0116206212154911,0
2026-04-16 14:02:27.080,283930180.0,23.0,0.01349,0.0114008471506687,0
2026-04-16 14:02:42.080,283930788.0,23.0,0.03761,0.0126303489553805,0
2026-04-16 14:02:57.080,283934884.0,23.0,0.04237,0.0123581610465295,0
2026-04-16 14:03:12.080,284198276.0,23.0,0.01895,0.0121501417396399,0
2026-04-16 14:03:27.080,284203908.0,23.0,0.02467,0.0115893246316751,0
2026-04-16 14:03:42.080,284467524.0,23.0,0.03804,0.0129012611052087,0
2026-04-16 14:03:57.080,284469220.0,23.0,0.01025,0.0106742418340709,0
2026-04-16 14:04:12.080,284469556.0,23.0,0.01413,0.0114820615729688,0
2026-04-16 14:04:27.080,284736212.0,23.0,0.0241,0.012363300093475,0
2026-04-16 14:04:42.080,284736916.0,23.0,0.02818,0.0138048590773469,0
2026-04-16 14:04:57.080,285001812.0,23.0,0.04253,0.0110157698169795,0
2026-04-16 14:05:12.080,285001940.0,23.0,0.04528,0.0116534713909999,0
2026-04-16 14:05:27.080,285264260.0,23.0,0.02507,0.0104861352692129,0
2026-04-16 14:05:42.080,285265572.0,23.0,0.03861,0.0135355151175931,0
2026-04-16 14:05:57.080,285266212.0,23.0,0.04271,0.0114238470403355,0
2026-04-16 14:06:12.080,285269396.0,23.0,0.02431,0.0114302140947329,0
2026-04-16 14:06:27.080,285270212.0,23.0,0.04798,0.0115903073668378,0
2026-04-16 14:06:42.080,285271236.0,23.0,0.02001,0.0127958351237582,0
2026-04-16 14:06:57.080,285281572.0,23.0,0.03582,0.0109364623554654,0
2026-04-16 14:07:12.080,285556371.0,25.0,0.01284,0.0102400923731614,0
2026-04-16 14:07:27.080,285558963.0,23.0,0.01756,0.0118425702463594,0
2026-04-16 14:07:42.080,285558963.0,23.0,0.04082,0.0128497873030054,0
2026-04-16 14:07:57.080,285821587.0,23.0,0.03376,0.0108495042395793,0
2026-04-16 14:08:12.080,285822435.0,23.0,0.04035,0.0103549717907797,0
2026-04-16 14:08:27.080,286087171.0,23.0,0.03517,0.0127750107888526,0
2026-04-16 14:08:42.080,286087939.0,23.0,0.04188,0.0129353707131709,0
2026-04-16 14:08:57.080,286089875.0,23.0,0.04185,0.0117285779483741,0
2026-04-16 14:09:12.080,286355283.0,23.0,0.04041,0.0112920648065765,0
2026-04-16 14:09:27.080,286355587.0,23.0,0.01886,0.0118354540412786,0
2026-04-16 14:09:42.080,286625939.0,23.0,0.03629,0.0145472227519416,0
2026-04-16 14:09:57.080,286629731.0,23.0,0.02954,0.0114323449867421,0
2026-04-16 14:10:12.080,286890467.0,23.0,0.02982,0.0113890396217951,0
2026-04-16 14:10:27.080,286893699.0,23.0,0.02196,0.0115700251247644,0
2026-04-16 14:10:42.080,286903989.0,23.0,0.04989,0.0128772141697451,0
2026-04-16 14:10:57.080,287180156.0,23.0,0.03127,0.011356368013692,0
2026-04-16 14:11:12.080,287442668.0,23.0,0.02745,0.0108480181947905,0
2026-04-16 14:11:27.080,287442812.0,23.0,0.02608,0.0118707418685198,0
2026-04-16 14:11:42.080,287442908.0,23.0,0.01694,0.0117487298071134,0
2026-04-16 14:11:57.080,287706796.0,23.0,0.02782,0.0103229143273738,0
2026-04-16 14:12:12.080,287707900.0,23.0,0.029,0.0110156365896775,0
2026-04-16 14:12:27.080,287973036.0,23.0,0.03921,0.0112332283222452,0
2026-04-16 14:12:42.080,287973228.0,23.0,0.02437,0.0135361251939264,0
2026-04-16 14:12:57.080,288235612.0,23.0,0.01314,0.01059850978524,0
2026-04-16 14:13:12.080,288237724.0,23.0,0.0478,0.0115386164259142,0
2026-04-16 14:13:27.080,288239692.0,23.0,0.01004,0.0101312143130494,0
2026-04-16 14:13:42.080,288245276.0,23.0,0.03895,0.0129023753962226,0
2026-04-16 14:13:57.080,288508060.0,23.0,0.02666,0.0113945979866111,0
2026-04-16 14:14:12.080,288509932.0,23.0,0.02781,0.0120403156224283,0
2026-04-16 14:14:27.080,288509932.0,23.0,0.03966,0.0111193055279454,0
2026-04-16 14:14:42.080,288510044.0,23.0,0.04516,0.0144385576878648,0
2026-04-16 14:14:57.080,288772364.0,23.0,0.01359,0.0113117182304804,0
2026-04-16 14:15:12.080,288772364.0,23.0,0.04577,0.0115990429482416,0
2026-04-16 14:15:27.080,288772364.0,23.0,0.03132,0.010709098834708,0
2026-04-16 14:15:42.080,288772748.0,23.0,0.02296,0.0131550717103081,0
2026-04-16 14:15:57.080,289034892.0,23.0,0.04868,0.0109259364866609,0
2026-04-16 14:16:12.080,289034892.0,23.0,0.04974,0.0116827525042965,0
2026-04-16 14:16:27.080,289034892.0,23.0,0.02827,0.0114219156059264,0
2026-04-16 14:16:42.080,289298535.0,23.0,0.01345,0.0139280516610832,0
2026-04-16 14:16:57.080,289561431.0,23.0,0.04718,0.0113149740049039,0
2026-04-16 14:17:12.080,289824215.0,23.0,0.03138,0.012066151444445,0
2026-04-16 14:17:27.080,290351179.0,23.0,0.02959,0.0109787431029846,0
2026-04-16 14:17:42.080,290352093.0,23.0,0.0359,0.0137553940583986,0
2026-04-16 14:17:57.080,290881948.0,23.0,0.01398,0.0104869939115481,0
2026-04-16 14:18:12.080,290883180.0,23.0,0.022,0.011508457316086,0
2026-04-16 14:18:27.080,290884915.0,23.0,0.03712,0.0101514052399351,0
2026-04-16 14:18:42.080,290888816.0,23.0,0.03028,0.0126571393036201,0
2026-04-16 14:18:57.080,290888816.0,23.0,0.04204,0.0111195422950694,0
2026-04-16 14:19:12.080,291151168.0,23.0,0.04151,0.0130019349876106,0
2026-04-16 14:19:27.080,291413744.0,23.0,0.04871,0.0103716553150331,0
2026-04-16 14:19:42.080,291419712.0,23.0,0.0139,0.0153625301845516,0
2026-04-16 14:19:57.080,291683984.0,25.0,0.04495,0.0099578970209317,0
2026-04-16 14:20:12.080,291686432.0,23.0,0.02265,0.0117068310020071,0
2026-04-16 14:20:27.080,291686752.0,23.0,0.02806,0.0107367741453525,0
2026-04-16 14:20:42.080,291950182.0,23.0,0.04221,0.0135735202507937,0
2026-04-16 14:20:57.080,292212614.0,23.0,0.03889,0.0108140519966868,0
2026-04-16 14:21:12.080,292212806.0,23.0,0.02055,0.0118677014426855,0
2026-04-16 14:21:27.080,292212806.0,23.0,0.04994,0.010756973240272,0
2026-04-16 14:21:42.080,292212806.0,23.0,0.03477,0.0129616670567822,0
2026-04-16 14:21:57.080,292476054.0,23.0,0.03501,0.0112284743924344,0
2026-04-16 14:22:12.080,292482342.0,23.0,0.03047,0.0118120723316215,0
2026-04-16 14:22:27.080,292744758.0,23.0,0.01125,0.0105114909935414,0
2026-04-16 14:22:42.080,292745174.0,23.0,0.01333,0.013893961808527,0
2026-04-16 14:22:57.080,293270643.0,23.0,0.03033,0.0103412553244314,0
2026-04-16 14:23:12.080,293270643.0,23.0,0.03297,0.0120593585455523,0
2026-04-16 14:23:27.080,293271027.0,23.0,0.02643,0.0117221887962523,0
2026-05-01 17:08:31.092,21483869.0,23.0,0.03453,0.0169091058750924,0
2026-05-01 17:08:46.092,21746013.0,23.0,0.00797805555555555,0.0136680013915805,0
2026-05-01 17:09:01.092,21746013.0,23.0,0.012145057613031526,0.0115397799174462,0
2026-05-01 17:09:16.092,21746013.0,23.0,0.016667407440330673,0.0113339336643299,0
2026-05-01 17:09:31.092,21746247.0,23.0,0.016667407440330673,0.012224036801269,0
2026-05-01 17:09:46.092,22010103.0,23.0,0.016667037045267674,0.0110076240885144,0
2026-05-01 17:10:01.092,22010261.0,23.0,0.016667777851856774,0.0111710570944482,0
2026-05-01 17:10:16.092,22011285.0,23.0,0.016667777851856774,0.0113165018906533,0
2026-05-01 17:10:31.092,22011285.0,23.0,0.0166685187243027,0.0127082839514001,0
2026-05-01 17:10:46.092,22273429.0,23.0,0.01666629630452655,0.0128107186451456,0
2026-05-01 17:11:01.092,22273429.0,23.0,0.01666666666666665,0.0113728245923574,0
2026-05-01 17:11:16.092,22276149.0,23.0,0.01666592595884625,0.0118629808690053,0
2026-05-01 17:11:31.092,22274725.0,23.0,0.016667407440330673,0.0123112441098308,0
2026-05-01 17:11:46.092,22536869.0,23.0,0.016667037045267674,0.0130343618620411,0
2026-05-01 17:12:01.092,22536869.0,23.0,0.016667407440330673,0.0120260803458084,0
2026-05-01 17:12:16.092,22536869.0,23.0,0.016667777851856774,0.0110390694243695,0
2026-05-01 17:12:31.092,22799013.0,23.0,0.016667407440330673,0.0124191899996746,0
2026-05-01 17:12:46.092,22799013.0,23.0,0.016667777851856774,0.0126502918423566,0
2026-05-01 17:13:01.092,22821852.0,23.0,0.01666666666666665,0.0126956477571097,0
2026-05-01 17:13:16.092,22822236.0,23.0,0.01333422228148542,0.0123900563492187,0
2026-05-01 17:13:31.092,15492521.0,23.0,0.013333037043621241,0.0144868427618167,0
2026-05-01 17:13:46.092,15492688.0,23.0,0.013334518623877658,0.0125430902481051,0
2026-05-01 17:14:01.092,15756592.0,23.0,0.01333362963621414,0.0107103440071497,0
2026-05-01 17:14:16.092,15756592.0,23.0,0.013334518623877658,0.0124782650498106,0
2026-05-01 17:14:31.092,15757008.0,23.0,0.013332740767077,0.0124846645868155,0
2026-05-01 17:14:46.092,15757008.0,23.0,0.013333037043621241,0.0127297117974484,0
2026-05-01 17:15:01.092,16019152.0,23.0,0.013333333333333319,0.0121186964924095,0
2026-05-01 17:15:16.092,16019344.0,23.0,0.01333362963621414,0.0116423406908622,0
2026-05-01 17:15:31.092,16022668.0,23.0,0.01777896304198056,0.0129787318933101,0
2026-05-01 17:15:46.092,16286167.0,23.0,0.0177793581651702,0.0127344599873243,0
2026-05-01 17:16:01.092,16289375.0,27.0,0.0222246916324036,0.0812788405314874,1
2026-05-01 17:16:16.092,16289375.0,23.0,0.0177781728482855,0.110761137640684,1
2026-05-01 17:16:31.092,16289375.0,23.0,0.017776987689436,0.0125678649079854,0
2026-05-01 17:16:46.092,16552266.0,25.0,0.013332740767077,0.0128347150674096,0
2026-05-01 17:17:01.092,16552266.0,23.0,0.013333925952264538,0.0113767134561988,0
2026-05-01 17:17:16.092,16555050.0,23.0,0.013333925952264538,0.0115572268156365,0
2026-05-01 17:17:31.092,16856764.0,23.0,0.01333511134817974,0.0145889762757702,0
2026-05-01 17:17:46.092,16856764.0,23.0,0.01333362963621414,0.010765185390494,0
2026-05-01 17:18:01.092,16856764.0,23.0,0.01333600053344002,0.0117653601815259,0
2026-05-01 17:18:16.092,16857260.0,23.0,0.013334814979442161,0.0114748674477048,0
2026-05-01 17:18:31.092,16858332.0,23.0,0.013336593389495199,0.0150874902686166,0
2026-05-01 17:18:46.092,16858332.0,23.0,0.01333422228148542,0.0124926306909639,0
2026-05-01 17:19:01.092,16858332.0,23.0,0.013334814979442161,0.0118134321975976,0
2026-05-01 17:19:16.092,16858332.0,23.0,0.013333925952264538,0.0106979524457664,0
2026-05-01 17:19:31.092,17121064.0,25.0,0.013334518623877658,0.0125724361340188,0
2026-05-01 17:19:46.092,17121352.0,23.0,0.013333925952264538,0.0112639084498801,0
2026-05-01 17:20:01.092,17121352.0,23.0,0.013334814979442161,0.0117371008003397,0
2026-05-01 17:20:16.092,17383688.0,23.0,0.01333422228148542,0.0116773302666323,0
2026-05-01 17:20:31.092,17383688.0,23.0,0.013334814979442161,0.0129573685029049,0
2026-05-01 17:20:46.092,17383688.0,23.0,0.013333925952264538,0.0117873500045807,0
2026-05-01 17:21:01.092,17383688.0,23.0,0.013335407730091339,0.0116586800153604,0
2026-05-01 17:21:16.092,17645832.0,23.0,0.013333925952264538,0.0109765035786959,0
2026-05-01 17:21:31.092,17645832.0,23.0,0.013334518623877658,0.0127093587248032,0
2026-05-01 17:21:46.092,17645832.0,23.0,0.013333925952264538,0.0113198574894383,0
2026-05-01 17:22:01.092,17908533.0,23.0,0.013334518623877658,0.0123326134679381,0
2026-05-01 17:22:16.092,17908533.0,23.0,0.013333925952264538,0.01109245500566,0
2026-05-01 17:22:31.092,17908533.0,23.0,0.01333362963621414,0.0129277293451172,0
2026-05-01 17:22:46.092,17908725.0,23.0,0.013333925952264538,0.011730984993012,0
2026-05-01 17:23:01.092,18172389.0,23.0,0.013334814979442161,0.012359042883002,0
2026-05-01 17:23:16.092,18172389.0,23.0,0.01333511134817976,0.0103454752779479,0
2026-05-01 17:23:31.092,18172389.0,23.0,0.013334518623877658,0.0145443770963187,0
2026-05-01 17:23:46.092,18434677.0,23.0,0.013333925952264538,0.0118659144425424,0
2026-05-01 17:24:01.092,18435077.0,23.0,0.013333333333333319,0.0124517493531683,0
2026-05-01 17:24:16.092,18435077.0,23.0,0.013333925952264538,0.0110854133206609,0
2026-05-01 17:24:31.092,18435301.0,23.0,0.013334518623877658,0.0129662714900269,0
2026-05-01 17:24:46.092,18697445.0,23.0,0.013334814979442161,0.0108744659346283,0
2026-05-01 17:25:01.092,18697445.0,23.0,0.013335407730091339,0.0119266878695778,0
2026-05-01 17:25:16.092,18697445.0,23.0,0.013334814979442161,0.0104249336888904,0
2026-05-01 17:25:31.092,18697445.0,23.0,0.013333925952264538,0.012818961172091,0
2026-05-01 17:25:46.092,18963658.0,23.0,0.013333333333333319,0.0112842411019941,0
2026-05-01 17:26:01.092,18963658.0,23.0,0.01333422228148542,0.0118495698816504,0
2026-05-01 17:26:16.092,18963658.0,23.0,0.01333422228148542,0.010510437203947,0
2026-05-01 17:26:31.092,19319588.0,24.0,0.013334518623877658,0.0132579523316434,0
2026-05-01 17:26:46.092,19252630.0,23.0,0.013333333333333319,0.0115946477623896,0
2026-05-01 17:27:01.092,19252774.0,23.0,0.013333925952264538,0.0111506828579215,0
2026-05-01 17:27:16.092,19517296.0,23.0,0.01333362963621414,0.0116683888494844,0
2026-05-01 17:27:31.092,19517662.0,23.0,0.013334518623877658,0.0136112418524131,0
2026-05-01 17:27:46.092,19517662.0,23.0,0.013333925952264538,0.0120651244499984,0
2026-05-01 17:28:01.092,19517662.0,23.0,0.013334814979442161,0.01181312197079,0
2026-05-01 17:28:16.092,19779806.0,23.0,0.013333925952264538,0.0103982506468675,0
2026-05-01 17:28:31.092,19781607.0,23.0,0.013334518623877658,0.0143728337428706,0
2026-05-01 17:28:46.092,19782615.0,23.0,0.013334518623877658,0.0122620779902606,0
2026-05-01 22:05:28.966,17816120.0,23.0,0.013333925952264538,0.0119562162238902,0
2026-05-01 22:05:43.966,18078360.0,23.0,0.013334518623877658,0.0120101105071279,0
2026-05-01 22:05:58.966,18078744.0,23.0,0.01333362963621414,0.0138347734562335,0
2026-05-01 22:06:13.966,18078744.0,23.0,0.013333925952264538,0.0126943200406009,0
2026-05-01 22:06:28.966,18078744.0,23.0,0.013333333333333319,0.012778851054313,0
2026-05-01 22:06:43.966,18340888.0,23.0,0.01333422228148542,0.0124779107734563,0
2026-05-01 22:06:58.966,18340888.0,23.0,0.01333362963621414,0.0124451395850369,0
2026-05-01 22:07:13.966,18340888.0,25.0,0.01333422228148542,0.012035608522219,0
2026-05-01 22:07:28.966,18603032.0,23.0,0.01333362963621414,0.0116246972264394,0
2026-05-01 22:07:43.966,18603032.0,23.0,0.01333422228148542,0.0120602169832635,0
2026-05-01 22:07:58.966,18603032.0,23.0,0.013333925952264538,0.0113468350547231,0
2026-05-01 22:08:13.966,18603032.0,23.0,0.013334518623877658,0.0109103597813202,0
2026-05-01 22:08:28.966,18865176.0,23.0,0.013333925952264538,0.0123676256831535,0
2026-05-01 22:08:43.966,18865176.0,23.0,0.013333925952264538,0.0118881637111568,0
2026-05-01 22:08:58.966,18865176.0,23.0,0.013333333333333319,0.0124218556398913,0
2026-05-01 22:09:13.966,19127658.0,23.0,0.01333422228148542,0.0124727108998484,0
2026-05-01 22:09:28.966,19127658.0,23.0,0.013333925952264538,0.012067768728988,0
2026-05-01 22:09:43.966,19127658.0,23.0,0.013333925952264538,0.0123905706701798,0
2026-05-01 22:09:58.966,19127658.0,23.0,0.01333362963621414,0.0105731982250071,0
2026-05-01 22:10:13.966,19390378.0,23.0,0.01333422228148542,0.0120076396780504,0
2026-05-01 22:10:28.966,19390378.0,23.0,0.013334814979442161,0.0109074605878673,0
2026-05-01 22:10:43.966,19390378.0,23.0,0.01333422228148542,0.0127326455573426,0
2026-05-01 22:10:58.966,19390378.0,23.0,0.01333362963621414,0.0127311662593393,0
2026-05-01 22:11:13.966,19652522.0,23.0,0.013333333333333319,0.0122848991291581,0
2026-05-01 22:11:28.966,19652522.0,23.0,0.01333362963621414,0.0114843002983948,0
2026-05-01 22:11:43.966,19652582.0,23.0,0.01333422228148542,0.0126150175187169,0
2026-05-01 22:11:58.966,19915206.0,23.0,0.01333362963621414,0.0118639303248201,0
2026-05-01 22:12:13.966,19915206.0,23.0,0.01333422228148542,0.0125665830269442,0
2026-05-01 22:12:28.966,19915206.0,23.0,0.013333925952264538,0.0113448449701409,0
2026-05-01 22:12:43.966,19915206.0,23.0,0.01333422228148542,0.0130655716281809,0
2026-05-01 22:12:58.966,19915206.0,23.0,0.013333925952264538,0.0113415670508357,0
2026-05-01 22:13:13.966,19915206.0,23.0,0.01333362963621414,0.0116006320245095,0
2026-05-01 22:13:28.966,19915206.0,23.0,0.013333925952264538,0.0110681314322301,0
2026-05-01 22:13:43.966,19915206.0,23.0,0.013333925952264538,0.0112857341287785,0
2026-05-01 22:13:58.966,20177350.0,23.0,0.013333925952264538,0.011150264746616,0
2026-05-01 22:14:13.966,20177350.0,23.0,0.013333925952264538,0.0117292160501046,0
2026-05-01 22:14:28.966,20177350.0,23.0,0.01333362963621414,0.0117268806624139,0
2026-05-01 22:14:43.966,20439494.0,23.0,0.013334518623877658,0.0118461264502181,0
2026-05-01 22:14:58.966,20439494.0,23.0,0.013333925952264538,0.0122538674451718,0
2026-05-01 22:15:13.966,20439494.0,23.0,0.013334814979442161,0.0125009199018811,0
2026-05-01 22:15:28.966,20439494.0,23.0,0.01333362963621414,0.0129198570042523,0
2026-05-01 22:15:43.966,20701638.0,23.0,0.013333925952264538,0.011679619870045,0
2026-05-01 22:15:58.966,20701638.0,23.0,0.01333422228148542,0.0127492678992606,0
2026-05-01 22:16:13.966,20701638.0,23.0,0.013334814979442161,0.011512958259239,0
2026-05-01 22:16:28.966,20701638.0,23.0,0.013333925952264538,0.0120835529811252,0
2026-05-01 22:16:43.966,20963782.0,23.0,0.01333422228148542,0.0115701050682046,0
2026-05-01 22:16:58.966,20963782.0,23.0,0.013333037043621241,0.0124227317062014,0
2026-05-01 22:17:13.966,20963782.0,23.0,0.013334518623877658,0.0124145078973822,0
2026-05-01 22:17:28.966,20963782.0,23.0,0.01333274076707702,0.0119012944859044,0
2026-05-01 22:17:43.966,21225926.0,23.0,0.01333511134817976,0.0111262453448361,0
2026-05-01 22:17:58.966,21225926.0,23.0,0.01333362963621414,0.0122787479878936,0
2026-05-01 22:18:13.966,21225926.0,23.0,0.013333925952264538,0.0116732107398661,0
2026-05-01 22:18:28.966,21488070.0,23.0,0.01333274076707702,0.0120699849076931,0
2026-05-01 22:18:43.966,21488070.0,23.0,0.013333925952264538,0.0105713725867,0
2026-05-01 22:18:58.966,21488166.0,23.0,0.013333925952264538,0.0120455483142175,0
2026-05-01 22:19:13.966,21750310.0,23.0,0.01333511134817976,0.0112906216675715,0
2026-05-01 22:19:28.966,21750310.0,23.0,0.01333362963621414,0.0131645757062251,0
2026-05-01 22:19:43.966,21750310.0,23.0,0.013333925952264538,0.011453478377451,0
2026-05-01 22:19:58.966,21750310.0,23.0,0.01333274076707702,0.0126396513633015,0
2026-05-01 22:20:13.966,22012454.0,23.0,0.01333422228148542,0.0120301425387735,0
2026-05-01 22:20:28.966,22012454.0,23.0,0.01333422228148542,0.0117906522017317,0
2026-05-01 22:20:43.966,22013414.0,27.0,0.01777896304198056,0.0699225391481093,1
2026-05-01 22:20:58.966,22013414.0,23.0,0.01777817284828552,0.1251564407515056,1
2026-05-01 22:21:13.966,22275558.0,23.0,0.01777856793635272,0.011892394945231,0
2026-05-01 22:21:28.966,22275558.0,23.0,0.01333362963621414,0.0127083665500629,0
2026-05-01 22:21:43.966,22276518.0,24.0,0.01777896304198056,0.0123337403641881,0
2026-05-01 22:21:58.966,22538662.0,23.0,0.01777817284828552,0.0132799720856974,0
2026-05-01 22:22:13.966,22538662.0,23.0,0.0177793581651702,0.0116738510987988,0
2026-05-01 22:22:28.966,22538662.0,23.0,0.01333362963621414,0.013641006175317,0
2026-05-01 22:22:43.966,22800934.0,27.0,0.0177793581651702,0.1291330146916767,1
2026-05-01 22:22:58.966,22800934.0,23.0,0.01777817284828552,0.0646559743145788,0
2026-05-01 22:23:13.966,101444246.0,24.0,0.02222419770646274,0.0118211813373913,0
2026-05-01 22:23:28.966,101444550.0,24.0,0.0177793581651702,0.01387581495011,0
2026-05-01 22:23:43.966,15170780.0,23.0,0.01777975330592288,0.0129545884093264,0
2026-05-01 22:23:58.966,15174675.0,73.0,0.01777856793635272,0.0128130284283609,1
2026-05-01 22:24:13.966,15174675.0,23.0,0.01777896304198056,0.0122114117812649,0
2026-05-01 22:24:28.966,15436819.0,23.0,0.01777738272482832,0.0140237721393277,0
2026-05-01 22:24:43.966,15437075.0,23.0,0.01333362963621414,0.0108167934815533,0
2026-05-01 22:24:58.966,15437171.0,23.0,0.01333274076707702,0.0136069297500027,0
2026-05-01 22:25:13.966,15699315.0,24.0,0.01778014846423966,0.0118743791573097,0
2026-05-01 22:25:28.966,15699315.0,24.0,0.01778014846423966,0.0140403251941441,0
2026-05-01 22:25:43.966,15699315.0,25.0,0.01777896304198056,0.0110975190580929,0
2026-05-01 22:25:58.966,15961459.0,23.0,0.013332740767077,0.0152730601378348,0
2026-05-01 22:26:13.966,15961459.0,23.0,0.013333037043621241,0.0115633398686843,0
2026-05-01 22:26:28.966,15961459.0,25.0,0.01333362963621414,0.0131407149875153,0
2026-05-01 22:26:43.966,15961459.0,23.0,0.013333925952264538,0.0109867934934486,0
2026-05-01 22:26:58.966,16223603.0,23.0,0.013334518623877658,0.0135919595220469,0
2026-05-01 22:27:13.966,16223603.0,23.0,0.01333422228148542,0.0123356673995853,0
2026-05-01 22:27:28.966,16223603.0,23.0,0.01333422228148542,0.0158555776773075,0
2026-05-01 22:27:43.966,16485843.0,23.0,0.013333333333333319,0.0120090106697411,0
2026-05-01 22:27:58.966,16485843.0,23.0,0.013333925952264538,0.0133150041411544,0
2026-05-01 22:28:13.966,16485843.0,23.0,0.01333362963621414,0.0115927244598969,0
2026-05-01 22:28:28.966,16485843.0,23.0,0.013333925952264538,0.0127375811083397,0
2026-05-01 22:28:43.966,16485843.0,23.0,0.01333362963621414,0.0110135345382771,0
2026-05-01 22:28:58.966,16486323.0,23.0,0.013333925952264538,0.012355432872039,0
2026-05-01 22:29:13.966,16486323.0,23.0,0.013333925952264538,0.0122024882328287,0
2026-05-01 22:29:28.966,16486323.0,23.0,0.01333422228148542,0.0132645714377174,0
2026-05-01 22:29:43.966,16748467.0,23.0,0.01333422228148542,0.0120578580772276,0
2026-05-01 22:29:58.966,16748467.0,23.0,0.01333422228148542,0.0127921171209601,0
2026-05-01 22:30:13.966,16748467.0,23.0,0.013334518623877658,0.0117054114204999,0
2026-05-01 22:30:28.966,17010611.0,23.0,0.013334518623877658,0.0132841231180793,0
2026-05-01 22:30:43.966,17010819.0,23.0,0.01333362963621414,0.0110944275119425,0
2026-05-01 22:30:58.966,17010819.0,23.0,0.01333362963621414,0.0155936080668584,0
2026-05-01 22:31:13.966,17010819.0,23.0,0.01333422228148542,0.0111230990642573,0
2026-05-01 22:31:28.966,17273059.0,27.0,0.01777896304198056,0.1099088405739326,1
2026-05-01 22:31:43.966,17273059.0,23.0,0.01777817284828552,0.0835126522937873,0
2026-05-01 22:31:58.966,17273059.0,23.0,0.01777738272482832,0.0133152230794566,0
2026-05-01 22:32:13.966,17273059.0,23.0,0.01333362963621414,0.0110651427855163,0
2026-05-01 22:32:28.966,17535203.0,23.0,0.01333422228148542,0.011880460083067,0
2026-05-01 22:32:43.966,93816599.0,24.0,0.0177781728482855,0.0131800081502984,0
2026-05-01 22:32:58.966,15162460.0,23.0,0.01777896304198056,0.0138218904784043,0
2026-05-01 22:33:13.966,15162460.0,23.0,0.01777896304198056,0.0108963362266854,0
2026-05-01 22:33:28.966,15162556.0,26.0,0.01778014846423964,0.0129900299210691,0
2026-05-01 22:33:43.966,15424700.0,26.0,0.01777975330592288,0.0107349418729311,0
2026-05-01 22:33:58.966,15424700.0,23.0,0.01777856793635272,0.0118990142342949,0
2026-05-01 22:34:13.966,15424796.0,75.0,0.01777856793635272,0.0127442092724787,1
2026-05-01 22:34:28.966,15424796.0,23.0,0.01777777777777776,0.0124228221128851,0
2026-05-01 22:34:43.966,15424796.0,23.0,0.01777777777777776,0.0141894681614808,0
2026-05-01 22:34:58.966,15424796.0,23.0,0.013333333333333319,0.0128335358816403,0
2026-05-01 22:35:13.966,15424796.0,23.0,0.01333422228148542,0.0112906837563822,0
2026-05-01 22:35:28.966,15686940.0,23.0,0.013334518623877658,0.0135551636764278,0
2026-05-01 22:35:43.966,15686940.0,23.0,0.013334518623877658,0.0115876549825269,0
2026-05-01 22:35:58.966,15686940.0,23.0,0.01333362963621414,0.0147585109434705,0
2026-05-01 22:36:13.966,15949084.0,23.0,0.013334518623877658,0.0113707310900317,0
2026-05-01 22:36:28.966,15949084.0,23.0,0.01333362963621414,0.0130885786141229,0
2026-05-01 22:36:43.966,15949084.0,23.0,0.01333362963621414,0.0110626085221826,0
2026-05-01 22:36:58.966,15949084.0,23.0,0.013332740767077,0.012763975984242,0
2026-05-01 22:37:13.966,16211228.0,23.0,0.01333362963621414,0.0111432743333724,0
2026-05-01 22:37:28.966,16211228.0,23.0,0.013333925952264538,0.0125129957158736,0
2026-05-01 22:37:43.966,16211228.0,23.0,0.01333422228148542,0.0113101061345684,0
2026-05-01 22:37:58.966,16211436.0,23.0,0.01333362963621414,0.0132004743774951,0
2026-05-01 22:38:13.966,16473580.0,23.0,0.01333422228148542,0.0114196423986956,0
2026-05-01 22:38:28.966,16473580.0,23.0,0.013334814979442161,0.0124640151861651,0
2026-05-01 22:38:43.966,16473580.0,23.0,0.013334518623877658,0.0107914607266901,0
2026-05-01 22:38:58.966,16735724.0,23.0,0.01333362963621414,0.0130698901104618,0
2026-05-01 22:39:13.966,16735724.0,23.0,0.013333037043621241,0.0104279941310974,0
2026-05-01 22:39:28.966,16735724.0,23.0,0.013333333333333319,0.0137023138126724,0
2026-05-01 22:39:43.966,16735724.0,23.0,0.01333422228148542,0.0110924609721422,0
2026-05-01 22:39:58.966,16997868.0,23.0,0.013333925952264538,0.0127545185566586,0
2026-05-01 22:40:13.966,16997868.0,23.0,0.01333422228148542,0.0112844889981509,0
2026-05-01 22:40:28.966,16997868.0,23.0,0.01333362963621414,0.0126514120919492,0
2026-05-01 22:40:43.966,16998172.0,23.0,0.013333925952264538,0.0114246430457314,0
2026-05-01 22:40:58.966,17260316.0,23.0,0.01333362963621414,0.01486525424655,0
2026-05-01 22:41:13.966,17260316.0,23.0,0.01333422228148542,0.0118645425979749,0
2026-05-01 22:41:28.966,17260316.0,23.0,0.013334814979442161,0.0122356637743441,0
2026-05-01 22:41:43.966,17522556.0,23.0,0.013334518623877658,0.0112056503453431,0
2026-05-01 22:41:58.966,17522556.0,23.0,0.013334518623877658,0.0117681561635648,0
2026-05-01 22:42:13.966,17522556.0,23.0,0.013333333333333319,0.01200196044905,0
2026-05-01 22:42:28.966,17522556.0,23.0,0.01333362963621414,0.012809987578506,0
2026-05-01 22:42:43.966,17784700.0,23.0,0.01333362963621414,0.012450208000368,0
2026-05-01 22:42:58.966,17784700.0,23.0,0.01333362963621414,0.0116800038539094,0
2026-05-01 22:43:13.966,17784700.0,23.0,0.013333925952264538,0.011729240860016,0
2026-05-01 22:43:28.966,18046844.0,23.0,0.01333362963621414,0.0128705196961666,0
2026-05-01 22:43:43.966,18046844.0,23.0,0.013334814979442161,0.0112107982203247,0
2026-05-01 22:43:58.966,18046844.0,23.0,0.013334518623877658,0.0130859805287753,0
2026-05-01 22:44:13.966,18047244.0,23.0,0.013333925952264538,0.0116735935663588,0
2026-05-01 22:44:28.966,18309388.0,23.0,0.013333037043621241,0.0123131603643797,0
2026-05-01 22:44:43.966,18309388.0,23.0,0.01333362963621414,0.0113959035182779,0
2026-05-01 22:44:58.966,18309388.0,23.0,0.013333925952264538,0.0123418012672815,0
2026-05-01 22:45:13.966,18309388.0,23.0,0.013334518623877658,0.0114307337574316,0
2026-05-01 22:45:28.966,18571532.0,23.0,0.013333925952264538,0.0125396914440158,0
2026-05-01 22:45:43.966,18571532.0,23.0,0.01333422228148542,0.0113368409988242,0
2026-05-01 22:45:58.966,18571532.0,23.0,0.01333362963621414,0.014182229128794,0
2026-05-01 22:46:13.966,18833676.0,23.0,0.01333422228148542,0.0116151285557152,0
2026-05-01 22:46:28.966,18833676.0,23.0,0.013333925952264538,0.0133700642208281,0
2026-05-01 22:46:43.966,18833676.0,23.0,0.01333511134817976,0.0112947896622239,0
2026-05-01 22:46:58.966,18833676.0,23.0,0.013334518623877658,0.0127126437081826,0
2026-05-01 22:47:13.966,19095820.0,23.0,0.01333422228148542,0.0112046098240301,0
2026-05-01 22:47:28.966,19095820.0,23.0,0.013332740767077,0.0136759455341955,0
2026-05-01 22:47:43.966,19095820.0,23.0,0.013333333333333319,0.0108182814186953,0
2026-05-01 22:47:58.966,19357964.0,23.0,0.01333362963621414,0.0133414549906017,0
2026-05-01 22:48:13.966,19357964.0,23.0,0.013334518623877658,0.0106773729419282,0
2026-05-01 22:48:28.966,19357964.0,23.0,0.013333925952264538,0.0139192438132661,0
2026-05-01 22:48:43.966,19357964.0,23.0,0.01333511134817976,0.0120275294796744,0
2026-05-01 22:48:58.966,19620108.0,23.0,0.01333362963621414,0.0128178032207386,0
2026-05-01 22:49:13.966,19620108.0,23.0,0.013333925952264538,0.0111789800114553,0
2026-05-01 22:49:28.966,19620108.0,23.0,0.013332740767077,0.0134786014745564,0
2026-05-01 22:49:43.966,19620284.0,23.0,0.013334814979442161,0.0111521863440939,0
2026-05-01 22:49:58.966,19882428.0,23.0,0.01333362963621414,0.0147695747288064,0
2026-05-01 22:50:13.966,19882626.0,23.0,0.013334814979442161,0.0112324537601315,0
2026-05-01 22:50:28.966,19882626.0,23.0,0.01333362963621414,0.0130993314047491,0
2026-05-01 22:50:43.966,20144770.0,23.0,0.01333600053344002,0.0109855178070824,0
2026-05-01 22:50:58.966,20144770.0,23.0,0.013334814979442161,0.0146818341347541,0
2026-05-01 22:51:13.966,20144866.0,23.0,0.013333925952264538,0.01025877740723,0
2026-05-01 22:51:28.966,20144962.0,23.0,0.013332740767077,0.0141770341723291,0
2026-05-01 22:51:43.966,20407106.0,23.0,0.013332740767077,0.0112541263924296,0
2026-05-01 22:51:58.966,20407106.0,23.0,0.01333362963621414,0.0136486087006282,0
2026-05-01 22:52:13.966,20407106.0,23.0,0.013333925952264538,0.0107253042601045,0
2026-05-01 22:52:28.966,20407106.0,23.0,0.013334814979442161,0.0139292952218263,0
2026-05-01 22:52:43.966,20669599.0,27.0,0.017780543640121778,0.1156344515817488,1
2026-05-01 22:52:58.966,20669935.0,23.0,0.01777896304198056,0.077551657256944,0
2026-05-01 22:53:13.966,93813773.0,24.0,0.022221728406035403,0.0109812822237178,0
2026-05-01 22:53:28.966,93813773.0,24.0,0.0177781728482855,0.0146949337674133,0
2026-05-01 22:53:43.966,15126807.0,23.0,0.01777777777777776,0.010175801256524,0
2026-05-01 22:53:58.966,15127511.0,24.0,0.0177793581651702,0.013354611745249,0
2026-05-01 22:54:13.966,15127511.0,24.0,0.01777619767131808,0.0099535993940876,0
2026-05-01 22:54:28.966,15127511.0,23.0,0.01777896304198056,0.0145653574748636,0
2026-05-01 22:54:43.966,15389655.0,23.0,0.013333925952264538,0.0110277035228001,0
2026-05-01 22:54:58.966,15389655.0,23.0,0.013335704125177799,0.0144996710447177,0
2026-05-01 22:55:13.966,15390263.0,23.0,0.013334518623877658,0.0110346420202268,0
2026-05-01 22:55:28.966,15390263.0,73.0,0.0177781728482855,0.0145010745906984,1
2026-05-01 22:55:43.966,15390263.0,23.0,0.01777619767131808,0.0113564664856007,0
2026-05-01 22:55:58.966,15390263.0,23.0,0.01777738272482832,0.0154031036575136,0
2026-05-01 22:56:13.966,15652407.0,23.0,0.013333333333333319,0.0106500344862444,0
2026-05-01 22:56:28.966,15652503.0,23.0,0.01333422228148542,0.0145957183418541,0
2026-05-01 22:56:43.966,15652503.0,23.0,0.013333037043621241,0.0111684114570894,0
2026-05-01 22:56:58.966,15652503.0,23.0,0.01333362963621414,0.0135435113679487,0
2026-05-01 22:57:13.966,15915274.0,73.0,0.01777738272482832,0.0104482521879331,1
2026-05-01 22:57:28.966,15915274.0,23.0,0.0177793581651702,0.0140169256806788,0
2026-05-01 22:57:43.966,15915274.0,23.0,0.01777856793635272,0.0116202568337963,0
2026-05-01 22:57:58.966,16177418.0,23.0,0.01333422228148542,0.0133868689216498,0
2026-05-01 22:58:13.966,16177514.0,24.0,0.0177781728482855,0.011652808236978,0
2026-05-01 22:58:28.966,16178138.0,24.0,0.0177781728482855,0.0146256299089502,0
2026-05-01 22:58:43.966,16181050.0,23.0,0.01777896304198056,0.0111258833391776,0
2026-05-01 22:58:58.966,16443194.0,23.0,0.01333362963621414,0.0129813274146446,0
2026-05-01 22:59:13.966,16446138.0,24.0,0.01777896304198056,0.0114723267137703,0
2026-05-01 22:59:28.966,16446138.0,24.0,0.01777975330592288,0.0137848696045639,0
2026-05-01 22:59:43.966,16708282.0,24.0,0.017776987689436,0.0119501145776523,0
2026-05-01 22:59:58.966,16708282.0,24.0,0.013333333333333319,0.0134834816891554,0
2026-05-01 23:00:13.966,16708378.0,23.0,0.01333155579256098,0.0115902223786177,0
2026-05-01 23:00:28.966,16708378.0,23.0,0.013334518623877658,0.0134595113802495,0
2026-05-01 23:00:43.966,16970522.0,23.0,0.013332444503699739,0.0116185950990412,0
2026-05-01 23:00:58.966,16970522.0,23.0,0.01333422228148542,0.0139604872534212,0
2026-05-01 23:01:13.966,16970522.0,23.0,0.013332444503699739,0.0113369314160896,0
2026-05-01 23:01:28.966,17232666.0,23.0,0.013334518623877658,0.0126267690368867,0
2026-05-01 23:01:43.966,17232666.0,23.0,0.013332444503699739,0.0114726957484303,0
2026-05-01 23:01:58.966,17232666.0,25.0,0.013334518623877658,0.0136021054082109,0
2026-05-01 23:02:13.966,17232666.0,23.0,0.013332444503699739,0.0113936185578871,0
2026-05-01 23:02:28.966,17494810.0,23.0,0.013334518623877658,0.013539939911726,0
2026-05-01 23:02:43.966,17494810.0,23.0,0.013332444503699739,0.0118327412620828,0
2026-05-01 23:02:58.966,17494810.0,23.0,0.013334518623877658,0.0127125772606922,0
2026-05-01 23:03:13.966,17494810.0,23.0,0.013332740767077,0.0116186833789009,0
2026-05-01 23:03:28.966,17756954.0,25.0,0.01333362963621414,0.0133405823469149,0
2026-05-01 23:03:43.966,17756954.0,23.0,0.01333362963621414,0.011431282566738,0
2026-05-01 23:03:58.966,17756954.0,23.0,0.013334518623877658,0.0135705444585825,0
2026-05-01 23:04:13.966,18019098.0,23.0,0.013334814979442161,0.0123358658175716,0
2026-05-01 23:04:28.966,18019098.0,23.0,0.01333362963621414,0.0130123274909121,0
2026-05-01 23:04:43.966,18019098.0,23.0,0.013334518623877658,0.0120690419016946,0
2026-05-01 23:04:58.966,18019210.0,23.0,0.013334518623877658,0.0134263403879617,0
2026-05-01 23:05:13.966,18281354.0,23.0,0.013334814979442161,0.0134923018246472,0
2026-05-01 23:05:28.966,18281354.0,23.0,0.013333037043621241,0.0129788577020119,0
